user_pseudo_id,day_0
1814A35D096333518F94B02DDFE3BFEC,2018-06-15
4F8458200DBF0AD3A4B095CA35EEA47C,2018-06-15
6B41795D5E5B7339E007330941C9E201,2018-06-15
0FB42D5FFB79A9DE147873753BF7A664,2018-07-15
61C77C8D9E7F92524289DA7E9D4786BF,2018-07-15
4BE56484BCED8D482626223F001B8CA7,2018-09-07
86CA1B6FDD0C4D4DF2B34DB3615134C7,2018-09-07
4F6D952B0D06FAFB9880AFF343AACD0B,2018-09-07
27A574ADFE1884A1F60965FE0A2F8C6C,2018-09-07
8BE78CDB3DC97B9022E260222059E3CF,2018-09-07
CE24B98FDB40DFD8FA769844135C2852,2018-08-09
6358E8BD96504847599473566F0C570D,2018-08-09
81F44E634FD46558F0F409D04E52FC0A,2018-08-09
56398B4035B86CBCEF9237DAD33CEEED,2018-08-09
C2C42CBED98C71A25E61D7CC79CC0143,2018-08-09
23D89EE594C105BFA999295B38C80B2B,2018-06-17
3A7EA807EE2B30654EE554FBBE0C8DAF,2018-06-17
91A73E29EFC7505DD84181ABFDC0244B,2018-07-29
CEA79F13743A84BC8ABA238AB7D2851A,2018-07-29
BF0BEAAEDA831B1E974A03E38CA63058,2018-09-21
771CA675C63B2154C5544D96A0187D08,2018-09-21
0A0B3A969C027FAED144D9E15F0A2375,2018-09-21
BD00D7FF37459966D55AF2450B456CB0,2018-09-19
96880CC955C33CE8DB07D26D924472B1,2018-09-19
3ADA67C233E5339F3E2A2D257B8FDF3C,2018-09-19
FBAE40C1C6A2210AA29158BE6256FC5E,2018-09-19
B75FCD833DE643B45B326D2E7AC413E4,2018-06-21
BD82734598091F2F3ABE231F6872F06D,2018-09-20
A4C70A7796DD10814F8CA198B6F0DB6A,2018-09-20
4C2614370EF19318C141072F3EBFB9EC,2018-09-20
4109514A07FD2A10C61DA26ED8F826CA,2018-07-05
A51128E8CFDD686155CB07E35B410A57,2018-07-05
1E2A3390D6264C290AC4EA3B8332EC37,2018-07-19
137944D29FEB9F2C96187C5F6604F5DB,2018-07-19
08F14F3BCA030F81B447161BA8653B44,2018-07-07
4D1DFFA5A6570E90D83878ED0021478B,2018-07-07
D8A3FB65349D7DC9D73D39B1E473782F,2018-07-07
C8B06F76EE9091107007C19B08C7834E,2018-07-07
EAA452C246E3CCD96ACAE0634C16443E,2018-07-03
B6C14387D25BA84698172D08D409EF6E,2018-07-03
3D01D6221D54D40DC42C3D6FBCCEC926,2018-07-03
B969FADBA69F9275618A6D7B9B986063,2018-08-28
BED7C54AF81CF9FB840F8DA3ED50CF65,2018-08-28
A100243833A4A2AC7041C41B4807F961,2018-08-28
50D529BFD3EFEB1C8216DF9A321A552A,2018-08-28
309FB06B1E8E1B92A3F2164D30C4932F,2018-08-28
97813C801E4E2F479172790F3F2E4071,2018-07-09
1883FA137573AAF5D0AA698C2D27CA73,2018-07-09
3642BF3CC1A61A4E72BEB9B12A291E68,2018-07-09
810460BCE8FD8E5E12852CED0025B836,2018-08-26
C0301C8D825A069CC2ADEDEDA5F97AC4,2018-08-26
43772A28659FA410858F75B18ABA984D,2018-08-26
B100E7D54CE769CF55AC6949A18EC4CE,2018-08-26
81F6B3A29EA6DA10037F9E4BC0A7EAAB,2018-09-29
DC37E68D65047E5518782B8B5777984F,2018-09-29
97759BD40B954E54A62EF85F077658BF,2018-08-23
CFB7EA15CA2A515D1E15CDF261CD899B,2018-08-18
2FD36D4DBD27E9754B84E8322FF81415,2018-08-18
B536C6A2E4C1FA031CB57C2E9B769F7A,2018-08-18
2500D631A3882096CFBE33B0EFBE08FE,2018-08-18
D3BE4AD0B5267688C8F17CD21FE2675D,2018-08-18
4EA4BB597E4AFD7B452F7C8669B5AC13,2018-07-12
6C015487A355FF3EC4AEFB80F8DF6457,2018-07-12
C954FF1FF8F0F8C6D9B4433A58392115,2018-07-12
B3D92DA6A322D6E281B13D8CB56325FD,2018-07-12
26672D1870059178E37D4C674138EF01,2018-07-12
A4276BB068C2083DA48F0D21537DB090,2018-07-12
B234DE95E7BA43F7D422B2A2ED211629,2018-08-15
10F23E6BC97C1373F4F972DB75A30F01,2018-08-15
5A03A3E45C2B1BDF9DC916A2CBE7C4D8,2018-07-26
E43EA245B72A8BDEB0BF1A22C583D4B9,2018-07-26
C88E70EF1AB1141A5C38B80C7A709BA3,2018-07-26
C6A7944A89B197BA37F78AC11FFCF44F,2018-07-26
F097887D7FFBBF061FFA4B7E098CE440,2018-07-26
99102A5913030C7A0191F37F71BD00BC,2018-08-02
FDA2FB709A03485AF15E290269AE6A83,2018-08-02
95234F012736091D256010A811C5A25A,2018-08-02
120D7A9BB53B6C78731CA0C4B5D90C86,2018-07-10
BEB1E4B878112A53985AA6A0A2D30F16,2018-07-10
31CF96A962EC91A6DD263E1DBE3E0BA2,2018-07-10
8A8767DAACDC3F673378BD6B3574C061,2018-07-10
AEF44B916D5444AAD2B2E4D2E8F24893,2018-09-02
9F8D4A18FC571082BD1D7AA5597756AD,2018-09-02
551FD13413388C3A6B9B166D82E22B1E,2018-09-02
14FBF953304A6336C5DBB3B39CDD3681,2018-09-02
DC576C6DDBEC40EAC7668299D4A30F8C,2018-09-02
578CB14FCF0AB3CD15250A6991E76B91,2018-09-02
5ABC587E26A6EF66B2E9B127E3DD497B,2018-09-02
B51FED7F1C67B068DDC84959FE0E14DB,2018-09-02
F0619961A63F29C944C992FE94E0CE10,2018-09-28
42FA1C4A68AA590DFB0A5096C775480F,2018-09-28
45562AC45305027FA082D9550BCDC7A4,2018-09-28
260D74B8D7F12AE65482FFBB3671F210,2018-09-28
470C4295F57DD571554C299036C3CF83,2018-09-28
055922A1CAF55846CF969D475E41D35C,2018-09-28
27059FB4D5533270601FC8EDC9F82AB8,2018-08-25
008B98FBBEAA0123D07AE8C7B589D91E,2018-08-25
0E15EE09E81BC031CD11D069FADEE48D,2018-08-25
E753BCF728EBAF5CF4D2D57705F007FA,2018-08-31
B50E2B0888440679A84A3D861332531C,2018-08-31
243F0E000A124FA01942A5A20F0C9A81,2018-06-14
3F15D8D167BBBFA96BC09026D13DFAC1,2018-06-14
81F36CE188872C5CA5A8B7E28C9D55C5,2018-06-14
1A8DD7AAAB0FABEAA3484E5449099D92,2018-06-14
6EABEB4C614A719988D7946B733FFCF8,2018-10-02
0018E9BAF92AFA2FFFCDCB5F48A3B134,2018-10-02
68A00750F05493A3B6162302FAC3E0AB,2018-10-02
A33B3E5D320A35A5BA168F271D6BC956,2018-10-02
97D4992ED9FB86835A06BC8421974FF7,2018-06-12
06609A3933F8675D7CAEEC4831E49CD1,2018-06-12
89A5AD5EB82221A45F9766C77E471DFB,2018-09-10
81BED530EEBE21DB1728B18F33232084,2018-09-10
1922587B271F092DE7702085EB7D6E67,2018-09-10
18E411FDAAC1721AA04F64BC6193F968,2018-09-10
9E0D5B1B5CE13E3AE469E07895FC67A5,2018-09-10
243BAE988EFC505938777D2BD05ADD35,2018-09-10
F31E142FB4557BD379A87530B6085E7D,2018-09-10
289B1E1B27ED4803044E65DF0DF5554B,2018-09-10
12778CF154E8F1CB2AEEC082EBE5C9D6,2018-09-10
6E596EA31C1209D9F775EE90E40CDB29,2018-09-10
89B041D20D6C4FC5DA72F46D7096EF4A,2018-09-16
3429D437AF1A8B44D0B657A57003EE18,2018-09-16
8D74209816945E39351F2756CC97E3F5,2018-09-16
1A4D67D58B4C6C8E926D7F2CC60E8E60,2018-09-16
1BE4F29852B390FC94D2A4E7382CCEBD,2018-09-13
E5E4C7E5600DD124D56BA0B0FF41B07C,2018-09-13
6CF9555F887B611585653890F37F5CF6,2018-09-13
70D2F634EB46DA3061AADBA078ADF7E9,2018-09-13
596FCBD95E3C6C24EC450B4BB7F12D18,2018-09-13
72AC12CE2E2F425A2546D18F14B0077A,2018-09-13
0F5D8942B1C96254F6B7E890DF1E614E,2018-09-13
A329F671CAD036858EA863966B6F2BA3,2018-09-13
FEC7A3B513FEFC162942BC23468AAFEC,2018-07-28
C04D8138266E1439C156ABE4E82F4706,2018-07-28
64DA91FB11E883E1DD4429309EAB9024,2018-07-28
B75DFBAE222A34CC424C816160F7B40C,2018-07-28
26C7AE02DC913BB2BD6A7B6C0F7F8AB2,2018-07-28
4B4901F73C458F5462AED0D68571D88E,2018-09-22
A4FA63A5EC567CDCF4B366FDF014713D,2018-09-22
0969A1FA5300A40F4CFA6AE5BD539DE4,2018-09-22
68F42B3EB9170AE9533D692860D5639E,2018-09-22
F1D798DDC9C7920F6395D39BB7AA238B,2018-09-22
5F221A89D8CA4217F46AEF4C5D9C925E,2018-09-04
B42A29EB4F4474E9381491C9F6B920CF,2018-09-04
2779422065F5685DFCBC3179B5E6E38F,2018-09-04
A83713EF270EA35A03A4784C0A3662A9,2018-07-20
40972A87661D837BA8B80C3EF122FDD9,2018-07-20
40B224DCDBE486DBB2D13E81B285589A,2018-07-20
48FFB36AFFB051EC56910335F81BB3C6,2018-07-20
0A66070B39FC63652BEB8B2993D75A5F,2018-07-20
F9231C977F262065AFA5F376C746E0ED,2018-09-25
46D808E730894AB0AC6E0F493B6FC864,2018-06-27
8ACCEA29DD561542D9AE209167BC9943,2018-06-27
022891093337BA8FAFC0E5B82B9C276D,2018-06-27
FAD835B2685732F929BD039038406EC9,2018-07-18
8FD6ED0CD6258782D10996A087AB9D66,2018-07-18
F7E62C26710316F40D421BB5904C9407,2018-07-18
7E719ACECED5B3D90F6D24E7CC6A2F57,2018-07-18
97380FCE77BAB6B251B50DDE4ABD8F8A,2018-09-05
66C0CEE58B84347037AC48E64B52C47F,2018-09-05
408354544760D27F10CCA7CF9B4E43D3,2018-09-05
A7B8DF486667B9B7B7745F809221B1FE,2018-09-05
210C3692734E251EEF4E952BC57DD998,2018-08-01
CD92711913D195448B5032F52C3318D2,2018-08-01
F916D30FAD36F1282F98AEA3D580BEBE,2018-08-01
9991D4763C564343D9B899E4BEA9D4F8,2018-08-01
0E5C7AF3CE1F55C53D363B5F87FC67BC,2018-10-01
06F1C673C13A88C11D6D9A650205B2E1,2018-10-01
3F364BA6DAAB9F399A47D66C32E06060,2018-10-01
209066E42054B4501C757D968E577E60,2018-10-01
92D4A861F6BC5DB5C9379563CC71E72E,2018-08-22
5D84066876D8650792B2DB37277D67C0,2018-08-22
382C4713DE77302013BE7C2A95950D2D,2018-07-13
9D850AC692F181FAF8041F7C565C42AD,2018-07-13
81918C20AA666AB97D0D4EA4DE5BFB6F,2018-08-19
8BC5986635846F60ED5D0E9F67E52CC8,2018-08-19
1124EFE951E4EE78CFFDDCB080C0E48A,2018-08-16
460DBC1808E6954E66FA4D5B1223B9BB,2018-08-20
DD0CB20147767F174CE7F130D2E66FF1,2018-08-17
2A43899555261D422AF07565EE51395E,2018-08-17
533E79DF88C5D3B27AB10A32F8185503,2018-08-21
841727B396264112EC75FEB26C57E25C,2018-08-21
5F1EC0B288E62069FF089762DCBE9177,2018-08-21
A94A9E429728010F5E5E415F5C49FBBD,2018-09-23
0152E8B6424291E4C874016393A2B7F8,2018-09-23
5EC3DE5586464BDF0309EDC67C8E984D,2018-09-27
2A976487633C93239B863581990F6584,2018-09-27
AE2481234246873FD177E4A420586B05,2018-09-27
6EE3CB7D6C073894B49F1AF081758A2E,2018-08-10
287443FC466C3CBF107AE8883DFD0883,2018-08-10
15738B2D71E595B2660489D8AC2FB07B,2018-08-10
8D86121A671969882C35F9E4C325EECE,2018-08-10
E3766F65834BCE7AA781B3B641314E82,2018-08-10
64E3BBB507EEFDE76364031EADF502F4,2018-09-15
9487188F3FC65328E1EA611CCA802AA6,2018-09-15
90C9C09D72EA28C4450E48E748E1EF35,2018-07-25
C33F7E58FAE9A599A1EF7D75BFCA58B4,2018-07-25
F1A4ACA5337DF6B0DAE14420BC457CE3,2018-07-25
504ED77548EDD05418C0C336DCDB64CE,2018-10-03
998741A047139BBB78D5330555923C03,2018-10-03
0987EB4A39426337A1C13A1E455C9F38,2018-10-03
23FAC29643A04A0CFB78B303768B0E2D,2018-10-03
611EB5EF1A47091A14D6B721F9AF3B82,2018-10-03
0336A697B59EAD3A824C27BE4523C5D9,2018-10-03
A52044D72FBD4D667F7E800DECD85554,2018-10-03
67ACBBE2B2AF1E5B1A94D33F2BCF101A,2018-10-03
266FCFC7EECB81B11D769F3FF4379574,2018-07-11
5F5E581687D0D81C399A149127A4B38D,2018-07-11
4A34E51E87F26D5BD3AD860E1175BBF3,2018-07-11
316C65000A6DC054CDBDFF5123898C68,2018-07-11
ACF7FC6FB1F1BA325C085F3E450B29C1,2018-07-11
36FA4DB087C63BE79675F8B8CB1CB65B,2018-07-11
E1CA3A181B0EBFCF0E8DA26EBEF7DFC6,2018-08-06
F1958B6FC5B2EB0E81883F1FB5B12CFF,2018-08-06
F314B55E64BF801420642F189A3F408A,2018-08-06
17525F1BE9060CC23A8D0A2CC76C439C,2018-08-06
CD01F4303762913133BB78B2ED5738DB,2018-08-06
6F17905FFFFA8A83CD073C38350EFD1F,2018-08-14
9D583E94D129E45FD88BB9CD4B0F4D26,2018-08-14
2B38130AF309DC84605BF6658EC03470,2018-08-14
22758EB02AC5EADF2CB2F8533D85603A,2018-07-23
33EE200629C0F5409E179BCB40630135,2018-07-23
E41F819718B0E2C49D347493BFACA027,2018-07-23
FB1F87054CBD0625890297427AAAD990,2018-07-23
A5578B0E3870754C96A0090E496D70B7,2018-07-23
5F72C8757B169882D52BFBC7CDE1B9EC,2018-07-23
0F668D1FE72425834C6A5EE9F4F53BCD,2018-07-23
54A8BB4F71F119C107273BE0A5798D54,2018-07-23
BE16FF7FC44EBB2C18B28114FEDD894A,2018-07-08
5D53102B0F6AAA96D3FC1C0633890970,2018-08-11
AF94FD18EF5B685BF3B55F7D588CA1C0,2018-08-11
1DBCC601E562D991D4B4A7D73207ED9D,2018-08-11
A4BFCCB53F281F5CD906CBBF45899DA9,2018-09-24
9D92F586E92924C8746D5E6E5444C4F0,2018-09-24
C1F519708675990E7A5FC68A65396327,2018-09-24
E5A193B43389E926CF6260D7B25FA1D4,2018-09-24
99C532E3C3875B528AFF60A995C8197D,2018-08-07
D27DC40C8987743C4BAEFC5C7EDA0B95,2018-08-07
8FE3582D9BA2520A7DBE106334280C58,2018-08-07
F7292D95AC282F0F0B7E82EDED18F599,2018-08-07
79F6D4E6174818E127A589E96D3BB371,2018-08-07
9099AAA376C3F86DA1203D34C5110326,2018-07-24
1555D5BD0FDDBD14C0697B646BF3091E,2018-07-24
7A3A20ED131AB674321A955B40644B7A,2018-08-05
239B36D8ED2161D10687A09C0EF34477,2018-08-05
52FD02951B8655BDEDFEBC6BEDD1B311,2018-08-05
861BBAD13EE77E566FAAD13B2D2D105B,2018-09-08
95B822BEFE16968B26474ECD045F731D,2018-09-08
EB24430B2FB416631BED272F1693A0C7,2018-09-08
CF8F91E78DE1AB9EC8865DA0EF7C18AF,2018-07-17
D070996B417D3DD0E6429A11FA4C5AB1,2018-07-17
93ABDBDD5D7852AE62B0448B1B5E73AB,2018-08-30
AFDD4D9A11CDD36BB20222F82D62123F,2018-08-30
626BF302515BA20D1C32C1CA5C23D8D8,2018-08-30
45DDBDCB91943B65C9B84920C0B3BE66,2018-08-30
17A6B18F52178D4C258DEDC5CDB93F3E,2018-08-30
44E92076C1E351471915CC98615610DA,2018-08-30
67B8B95A535E5340A63E0687F85DCC06,2018-07-16
01FEECF41B9535FCB85A07D413D8E47C,2018-07-16
171D51E3C6C81C7DD14E5AEC9A37FFC2,2018-07-16
B16552FBC83FC078EF2BE57040A473F8,2018-07-16
217E5A7D5E555C39FC191966D90AA67C,2018-09-18
1893BBD76CAC18E9A165EB7B1BF7DAB5,2018-09-18
668F09CA0FBC05196FD4A92CA95BC07D,2018-09-18
8BDA630D33DB832A5864B1057194E239,2018-09-30
420F7FE2D66A1955DB97A92C922A7BAF,2018-09-30
D10B1A380359887542A49D51B3841952,2018-09-30
BBFF7D347DDE15D1F496005AE32C1D6E,2018-09-30
0217CFB14E415205AE6B110F64C9B713,2018-07-22
AAE4BD48C1A97F26FA131E549BD9D745,2018-07-22
5DA272946440EEB1691CDFC293D87390,2018-07-22
46CD1BC25288939026C6A0107240C77C,2018-07-22
7C6162BBF1B3987FDF3FF078FE6035B5,2018-07-22
51F21B36EB9D6FF7B5D7ACB89FF62B03,2018-08-03
6D717745A9FF51CA21D39208C1668378,2018-08-03
BF050559A5231C5FE89B5BCB3716F8FE,2018-08-03
355F39E8E6CC25F99FF88F4AB9426978,2018-08-03
A070CCB06DE90B72F374E9CB7EE77CA1,2018-08-03
C9E1BDDF758FECF6F07DE045B1FFF1A3,2018-08-03
B6E94FA5E946585CD3926EE5DC539689,2018-08-12
F8C81154E72430B1122E7C28B8ED30C5,2018-08-12
0061B4B16D4EABF6E23141FBAEEFE7B2,2018-08-12
DAD23DD885EEE844890417FC965052F0,2018-08-12
4981881A07711A41C3C9C50641E5F1C1,2018-08-12
85B81DFBB8BB85929FC509B07521581A,2018-06-23
CA7898B734DBAB1A53FEB4B8379D4EC3,2018-06-23
5A9A3E94580D662C817FD51B5C1D7E7E,2018-08-29
C8512BCE348E996C81697F6BE81F8B98,2018-08-29
10AC373FFA8419B1A0B4A16D2AC42E67,2018-06-20
F6DC8575E0BA41CA70E7F2593F9F3C3E,2018-06-20
E23C95FF567A4BC6641F6910E0F251D6,2018-06-20
C29F62DB26819D2C468ACD4CECE6E18F,2018-06-20
A99C556561010E88C12BABA334FA6C8D,2018-06-29
A8A510DCC86FAD0C92CD0081E04EE829,2018-06-29
826E7EC2231AD51101D79DBEB13FDA45,2018-06-29
462DCBC8BA661FBCF8036197000DD8F5,2018-06-29
0719D708CD6475CE61A35FAE0F110F9B,2018-06-29
7C39C0EE7BB418230FC3E01864D1EBF2,2018-06-29
5499A650A5095E94AADDBEAE43F374D1,2018-06-29
ABE7259EAB3D798600FC7BA2BBE83A93,2018-06-29
88CF546275A5A0524B9B97E128B608E4,2018-06-29
F4CB0B30E0A170AEB6A94EF1156738C8,2018-09-01
34CAF47105A2D9D0AC7464BB3AF8DB2A,2018-09-01
2B6D9C77F287F5C021EC7297203D412B,2018-09-01
2C45FDF91F91AE8A3A9E6F119E8BED13,2018-09-01
122B9693B647802ACC0727BF5A36F75E,2018-09-17
058F27C84973779389327603537D2A3A,2018-09-17
E9FCF9F1FDF7016CF79A30251B2FA52B,2018-09-17
BED87FA077A814D97BF7D53C070BCDCA,2018-07-21
CB95915AFE269313FE5F8C23A4A8C2D6,2018-07-21
A714BE9CF5187C4CDAF69D2CBF224057,2018-07-21
D982AD4FD69F74AA725DAECD1BE74AA8,2018-07-21
CEF9B763F040531679C7B86A1F05F6DD,2018-07-21
019FCC6C080A33E9B697CAA476C4156E,2018-08-08
717636DB6BB28A28CD06680B18ACE076,2018-08-08
7439CA3E049F434742CB5C63A55FC24D,2018-08-08
9C82775812A959D5A1446FDA75CC2C88,2018-08-08
DA426D16B0EAB27DE1AC9D6E3418F400,2018-07-30
2CD70A7B8E8442DBF6BB7E5EFEEFA0B1,2018-07-30
6A50ADC841633E84CD6BA0C528FE007C,2018-07-30
F8B95AE4A257A86F7E55E7C80935A4E2,2018-07-30
B6A8AEA27748774830324A996FFE2687,2018-07-30
A98E72E7110470331C8EDB822E9A1D8D,2018-07-30
E80C958E3C33898989A30B8F5A4514F0,2018-07-30
2DF04CEF5AB1A9BD21AB05012694CC1F,2018-06-24
48F6F3E87C6DB2D2776844D640FF6EC0,2018-06-24
85218BDF951D91C969EDE99422AF82AD,2018-06-24
BE042BC1484A69E1731FB487C1AD34B9,2018-09-26
1A5F65A1119361BD57D9E85304B1511A,2018-09-26
13060A2CAD064666DA59EFF40E689879,2018-09-26
E1D71402D17F86EEACE8A454C3D63273,2018-07-27
F56F4937968C86D08AB62ECF80874854,2018-07-27
23A385FFD794B70BEAC80DEC78A4D6D9,2018-07-27
4F70EA69650ED28EA2C5882DA2F9787D,2018-07-27
95E8B558A75B1E45E41823B9D6076657,2018-07-27
56638C161E53327DFF2A4C3001968B70,2018-07-27
79CBBAD72D7C329C02DB68E6B652D0C6,2018-07-27
F03F43E2B51C7E59E3AABB0D224B8B65,2018-07-27
6B743763D2790D33F26AFB5618307222,2018-09-03
449CDABB9CC11226F694F8EF85F20A13,2018-09-03
FC5E83BF257B65C006DC42CEB455D736,2018-09-12
EE62FE8C8A0B9001F267B02113671D91,2018-09-12
F0AAB28D7E512FC0BCE9B7CF66EFD485,2018-07-31
ECADFA71FE3294E3B0CD6ADF542A4A06,2018-07-31
1290BCB61140CAF8CE8A5E8FFBEF16B2,2018-07-31
C5D3E8CBDDB09A397F8E6A626106FBC5,2018-07-31
FA1CBA7312F0DDF83E2EE1573E400043,2018-07-31
28BAFBF9921B80B84EF45326F2CF9746,2018-07-31
7C043A9A326B396E87DD9E194A826424,2018-08-13
0933522010A193EA281A11FE304BB24A,2018-08-13
30C76AC59D65D735021375761B51D0A5,2018-08-13
C021984971708350A5394E695922BF35,2018-08-13
7814B0C31DD814CFAD6DA4E2B4C4EEDB,2018-08-13
8FEAB3AAF7434731E003747C511F06DE,2018-09-06
EF6D6B0B8836E4B95ED7D8FCBAF0BF6C,2018-09-06
9434EE4CFDFE0F5BCFE40126A569F3BB,2018-09-06
58870D4568AC2C4018EEFB6DC4C482B1,2018-09-06
00353D3418DD0707FE0A80A59FBD5705,2018-09-11
F37788083CD17FEF93F66A5A8CFA9BCD,2018-09-11
41B8B6917AC3C354AC6A10CDC715FDDB,2018-09-11
289290E298ED08B95B10DE971359B101,2018-09-11
B79FEE3597E3C4A3B5A38FE33B684341,2018-09-11
C5558CE95739F785A76DDC61DF770201,2018-09-11
92400633510BB9E545007254608CF161,2018-09-11
293D015E843E8184B56AC8E925A04D10,2018-09-11
9496AD6B59EE0559E6A55424D484E6DB,2018-07-06
5DF3A5A1AF28F03AE1622D1F7537C31A,2018-07-06
240EB5AB4F4B15279CE604262740F6D9,2018-06-22
DCD0A39C7272361599F443C651586B01,2018-06-22
7BCB79558EC50E9F62A905FB5136B552,2018-06-22
DB2D229B4C1CFEB482AA72E9F4039449,2018-06-22
A24410EBE91C2A32443E9D09616B420B,2018-06-22
03C2D87F51393C52A4E8B0DF80342EA1,2018-06-22
C586EE232D1F5B58F9CD04CB059A72CD,2018-08-24
9BE0C2F166FC43E3ED5FCCCD34EBF1D9,2018-08-27
3C3AFC055916156465DC1A481D9E9D04,2018-08-27
E3210532BA0838094E646E12D714BFE2,2018-08-27
477B10057CE20CBC8BCD3AD4F75BA95C,2018-08-27
5E2C595CFDF94553EBF5B05F626CB4C8,2018-07-02
E2CD12EE286D97AF7174B8AB91391200,2018-07-02
3CE93633926E71E22FF0938302B5A863,2018-06-13
5BDFE4DDCBDE4C77E6BAD8F34E935F05,2018-06-13
0AB9D59442F557E2EADC2A775560E13D,2018-06-13
72D04A6D10CF624A03592099F6312E9B,2018-09-14
E2ABF58F758941B31BB4630BD519394F,2018-09-14
349D0219227FD5FDE3F601FCFF3D37C8,2018-09-14
7705D52DD2286DC2E6DB831A2E129E94,2018-09-09
6446880DC6768A51E7B22C82B77DBE67,2018-09-09
1FADBB5D852C885F2E784EBF9423BBAC,2018-09-09
94151C7D5EAE222036540C64BBC8AD9E,2018-09-09
EFFF54A1FEB4609E5E868DA5D73C34CC,2018-09-09
86BA12A559647CBA7F81E11FB5658902,2018-09-09
54AB0D93FE6B9D4FC32E606178BEB1A4,2018-09-09
5EA849B2BCAC680E6B90FF25F358723D,2018-09-09
C7454C19105316BAB67F9FC48AC0F534,2018-09-09
2C8294A0EF5FF73A6C43819F67D450F4,2018-09-09
C7BD1BBC4F5AEECAC864DB28F257FF03,2018-09-09
CB597BC37DC603EE025C8B3579112736,2018-09-09
222DA52480ED3CD33C632A351A40E8AD,2018-08-04
B72C3DD50B9F81DBCED2EE06E08796CE,2018-08-04
786AAA96746C4084190340D4B8C4710E,2018-08-04
B6583219D50D4B342A797369873FE31C,2018-08-04
093E3E8BB59252BCD92BA5B7EAE55BBD,2018-08-04
19154B8288B57DD3D3C8F0663AA6960D,2018-06-15
673C6607EE4AD5848948BE88E550D630,2018-06-15
5C17796B779ACEDF08BC3226258BA4DA,2018-06-15
0C47FE81BC619EA5A887E57F5EA4E91D,2018-06-15
C73D0BE8A6C303863FCE487F9996028C,2018-07-15
8C648AA8E1BED4F1A904777CD622F4FF,2018-07-15
7CD0708B481263C11B97FE80DE5E4517,2018-07-15
BBFA8DA6236F303072FE1AF8543E2ABC,2018-07-15
4C1D5B46FCB311D0DA33E2F82BBE541E,2018-07-15
3A4F5028A0CA512C0E2CCA1F36CE160D,2018-07-15
6B6FF11DBC9C7BBDB88F3E245ED72447,2018-09-07
8F773E0EB0BB6A4C55F42382025236C6,2018-09-07
3E8245CE87EEDBDF995B682A717AE2FC,2018-09-07
BFD4EBE156525A32FE1824222EB5FDB3,2018-09-07
10CD441F79B53D8F7E281C38ACBEE2C3,2018-09-07
F42D1E33344A24A3F6868327BE121E5D,2018-09-07
850AE6C4C7021A068E3B954CE2DFC598,2018-09-07
BB682AF32920E290D1E3EB94C6DD594F,2018-08-09
4479F0349D25059D2499C147B5100D12,2018-08-09
D8B3F57DF8D9D42B6F5252550501428A,2018-08-09
1608F85B710EC4AE0024BB8A1C339071,2018-08-09
0A4392C9AF54229E5C3348DF9370AF00,2018-06-17
6281B5ECD3AE4FEDA451D682B2EE0310,2018-07-29
490F592DDAB95F2590917ACA94B377C6,2018-07-29
61879BEF3B028659993A9A1F399BFF77,2018-09-21
52E08E4A2847DA44180FB6E41E91503D,2018-09-21
F5E70A3073EA182872DD0BE8D8AB1786,2018-09-21
F37E38D7873B155B9E405726147358B2,2018-09-21
4EE0015622A90E4D434B33508394FC2E,2018-09-21
B0B8369C7B317332A28A914D018BD475,2018-09-21
E3360E2CBBB66D61E3E96C40D4046AAA,2018-09-19
27836A8CE8E00FBF2BAC953C139A1C7F,2018-06-21
906CE0DA38E7D9DE597CA459CC907950,2018-06-21
C1CEDED158CFAA4CDF87DCEB7D874FBD,2018-06-21
E2C8A7A954DF55D2B02CF3DC543DA1A9,2018-09-20
5F86C514B339814A604D3ED457388B47,2018-09-20
94AAC3126541777AC4894F1A54065EF5,2018-07-05
52556201335DD5EB3D333F4065503C3C,2018-07-05
5DC44337898394788ABAC35E9CCB91BF,2018-07-05
DEF2530E2AF38393F24B8BFBCE9F6A03,2018-07-05
EDEE5D36FFDB5499FA818B8935A5F534,2018-07-19
C74FB6CB3E35ED81E2ADF1170D3FC66A,2018-07-07
D33CA70DD804898B4CF53FC33AF912AB,2018-07-07
C539042D4E59DD6EBD49150DD910259D,2018-07-03
781405154C3F34047F665481F52ABA06,2018-07-03
634B3813E8B995FDF71F82F63C74775E,2018-07-03
8F255AA85CDE60CB76AE32BDE0BD42AB,2018-07-03
8CA5E86DB1F435C7D722BE8E78F2786D,2018-08-28
A664533971FA7D8E1C7D28ADE781D4B7,2018-08-28
18688C841952131D9A6A01B81C8F65F3,2018-08-28
225638B28A80341EEB04F1DFC144F30E,2018-07-09
CD4062B84D436C16F887EF6E54D6913C,2018-07-09
EE40F7B93067E055C0489417DA819C5E,2018-08-26
8A838848576123B1694405FC13784D65,2018-09-29
7F66A1BC5980819BC227A173BF506D68,2018-09-29
1F07F8213A2C7AF98A2113494C747AA8,2018-09-29
445DCC09B2F9804ED5888313ED5E227F,2018-09-29
0327DBE89EBE6C41E1D85E7EA1C29062,2018-09-29
030FBC4222194D9E479EABF238E5F826,2018-09-29
BF228451A5AA3B510CAAAAEF62613063,2018-08-23
D52AC9F2B6477D1CDBE5E32F96497937,2018-08-23
273A89749418A5955558607B7BB45974,2018-08-23
CFA10DA7945C3E1801DD4CA479474A96,2018-08-23
5E272234767505C052A88FAD206933F7,2018-08-23
A3451484C7C522B5BFFA0AE05B21D5DC,2018-08-23
4F34EA13CE343BE6955B67914BD4DF9E,2018-08-23
9828CB3573D3C40D63500CB1F9461C1F,2018-08-23
6AE4C2E59BEAD8C97D0CE344CA7A1AE5,2018-08-18
E3D1E6B43BC33CBC68E0446B9F5187D5,2018-08-18
D864D058813F31B452BCE6743B0AF7F7,2018-08-18
5D46BA742602176E2BD6E6B3917E08C9,2018-07-12
73980AF5B8954128337EB065CE75C773,2018-07-12
384FE9CCD0700B9E58A729687173E42B,2018-07-12
202D0BD948032EF9BD2055F9FAC376DA,2018-07-12
7E48E529DD8F36846B02F6ACE460236F,2018-08-15
005F127942F3FD25588272950FDFD339,2018-08-15
20AD75FFA3C9AF1FCB8E171B18E3B971,2018-06-16
50348CB3806626F910AA7CD0F57166F6,2018-06-16
C7BD490452F7CBF2D49339DF6F53072D,2018-07-26
32E3FFAC452648CA8600591F432B926B,2018-07-26
7C41A14666857729BE1E8B5614FAD745,2018-08-02
4EBA23626180EFE188D184AE36576D6A,2018-08-02
BAF591C245BC6CF5CAA127840F03081D,2018-08-02
FA596A777C81AFE81313CACC0AC7D6C7,2018-08-02
942E123C7E8C0B62935889D03D77BE8E,2018-08-02
7B75374CC55EA2197E6783B9FD7BCE0E,2018-07-10
7F59CF521FECD25BB213D5EF203A7EE0,2018-07-10
2B810EF175EB01E7F0D54AB1EA39AE8E,2018-07-10
5A871813B23AC594CEA75D419FCC425C,2018-07-10
E458F1B823941D35957203CBF6610A33,2018-09-02
00AE0CA4117376AE083FD6AEA744CE88,2018-09-02
865310A99FA254F16CF10C1997D50D18,2018-09-02
51D79FA3A4A515B939D061BFF13F7BEB,2018-09-28
1186456D796DF36A6ED62D0A7F9E9EDC,2018-09-28
3E5C1CCFC0B5ED76F342F57F7CDD0C9B,2018-09-28
3B8B6295198F4D19C6FDCCC61D9A76C2,2018-09-28
55013EAB1765F0ECB8056EA88FF7FA8D,2018-09-28
5203ECFB3629867CE18B271452D7F8E5,2018-08-25
1DC1255E314C16DF4C26ACEFBA10DB7F,2018-08-25
DDE1287D72B28B1143095BDF14BA67C5,2018-08-25
B00AF946385237F4CC380547015086D1,2018-08-25
C28D43B6BCAE91E34771B20A7DB38275,2018-08-25
C9262E10BCACD67DADD85566E354FEFC,2018-08-31
EB13681C01E1B7DF8FD0D4EE29A155F2,2018-08-31
924C1AF6FD30DC5B4F2DE8B671658401,2018-08-31
010DAA54F4C62559F2F5767813B48782,2018-06-14
817CAAF01B545CD3ACCB232A727BF09F,2018-06-14
993B47A8FA94699ACDED39E98969C746,2018-06-14
7DA6204F1EB882A8B185ABECFD54138A,2018-10-02
3AB35B63FEB364177B2F964F320AED31,2018-10-02
FA0DE2EF57C08C0F1E4722BEA3B747EA,2018-10-02
8F9C8753ED258C5A0450118FC6B2EA6A,2018-10-02
99E5751FF34E40155773EE3A5A7F5646,2018-10-02
FBEC9130D17F84FF61A9BE8FFFD6D0B3,2018-10-02
A088EBC3848E2E5BEE70CD6120CC5148,2018-10-02
17DC2360AE6B8EA8BAA10074F9905BAF,2018-06-12
596BE8DE0E33180894B9C811DAB0CE64,2018-06-12
08259AC19C7EC2FF98005884C341BCA7,2018-06-12
964C1077352985244B31270226FFA31A,2018-06-12
14811D9D29E86F3AD408F1AAD953DC60,2018-09-10
9F95B36673DF1224EFAD571CD6D75FBB,2018-09-10
03993DEF647B5BD37BFB2AB96D54F840,2018-09-10
B108145758BBB6A7B69869E2E4EB9203,2018-09-10
B91D25D0A49511240F05AA56EFF1D985,2018-09-10
F60A53CDD8838C7228CEC0AFF41446FF,2018-09-16
B80E4626C0C1818C54D811934591E278,2018-09-16
5FFEC6B27DC190DB3CAABC6392AC6465,2018-09-16
9E48604472ED0C9FE103478ED94D5EBE,2018-09-16
9763C87ED95809C2A7A07F03F3B0177D,2018-09-16
42FE551121362B71E141D291CC7AA4E9,2018-09-13
65F8E2B80A986C0FDF372EF08A031483,2018-09-13
FF5D70EFCA9F6F557CF9167A85E44297,2018-09-13
2E7493AC5967A8B48B8DEF79EDDFC056,2018-09-13
AC14AD9D158A2A5449E120A33D5B55BB,2018-09-13
A6CC977A53243EE9A419FB3CDA0561EF,2018-09-13
914FBADCAD0C29190428D437CC6B40C4,2018-07-28
ADC05EA38A1F3DA4719033CE7D801D43,2018-07-28
2E934EACBB472227E07E6D17B9EC55A0,2018-07-28
DFEBD02FB7C8AC3DC6AF18E3E8A64B80,2018-07-28
362FA50A14492F365C556ED8B09F2C8B,2018-07-28
E78E7A32A92C889347147EDCCE4867BE,2018-07-28
AA9C95CA892AE5172730BC83FAE0B8B0,2018-07-28
64227D200B582B315735F9D3F6D95BEE,2018-09-22
6A083B3774D801D24B62E594B9BA47A5,2018-09-22
BA1DD14D6ABA90D465413D2D1961C027,2018-09-22
DD71B59CA8056207ABCC816D74905E7E,2018-09-04
C1CBEBB972ADB547F2B4B9F3FBB44E38,2018-09-04
EF42A9D806AF19DCCE9DD71C010C6BE6,2018-09-04
9FE14774A6A768A1C1BEBCE0DE0669A5,2018-09-04
667B1425546E7502CD66F9DF0C6321C1,2018-07-20
4DC5C920B3CE1AE93FE81D37A34A70DD,2018-07-20
A1FA05C0618ED3CB04CDB44FBE35DDB6,2018-07-20
231CCC7B216C416372D3E221B518F600,2018-07-20
BF709EB51D61C3A7BF68C4CFD7F236BE,2018-07-20
3C6C48C9DA0352678DEB14A34FEB354E,2018-07-20
513C880CAD0BAC10A70729769F0AD847,2018-07-20
C523BE581255026730CC4DC0F3AFF6E2,2018-09-25
E15B0CD4F51AD17273D0EC73D1A787B3,2018-09-25
B663A4065F0FBF114A82D0E53239A6B8,2018-06-27
348089CEE6BCF7C754709C6D4F7590FB,2018-07-18
CC6DBD8DF7B919648A194DF6910035E3,2018-07-18
FC18A1EF5691E0FE7A0962269BEB4BDC,2018-07-18
11FC272840E1ED3923F92C521AC68F1E,2018-09-05
9ED95E8EDD99704FE7708C79C5D55F2F,2018-09-05
24B74996895DBBFE033044C0D0088766,2018-09-05
9F61F3B36299C77519005F1B90A90108,2018-08-01
9C2DD86B2DCB9FFB2356BC97F1ACE65F,2018-08-01
57D0CBDE97C46B7A4BAEED7F33B82320,2018-08-01
6EF4CFA92C4D36D321606743DA348F5B,2018-10-01
FD46C9BAC0EE64A46CC4687DC68201CB,2018-10-01
BC064795B00FD9555A89CF78BEF9091A,2018-08-22
B82ED5B2461E8E16AF0375FA754F6083,2018-08-22
FA0EA6658C901A2B7B9217DFE84D42E7,2018-08-22
099A11692D9DB0B9F494F12C691B4279,2018-08-22
F7C26C99D64FCE9BC900822234927579,2018-07-13
A7DDB215574485B9529CBE8CF14EF183,2018-07-13
4F8A02D6FC2B4E2A71F2FE9943CE633C,2018-07-13
5F36B447AE0BD99BD05B4E84B057E556,2018-07-13
94A0E49810A84737C89D3DD2F6DE926B,2018-07-13
3DF5DB22E9690B9B18A0A23EF77FD197,2018-08-19
AD567F5A367C7FFE0AEFE268F87E298D,2018-08-16
58A8D09A7936F0D53FBD1E478BF23320,2018-08-20
D03DB5B7CD510FC8309C5681588A7C8B,2018-08-20
E246F0CEB8B33650F74220D69E524E51,2018-08-20
6B943CC8F4953E8244BB086F02EB4D17,2018-08-20
57F225471F8F7E12203BE216CD39E4E1,2018-08-20
4810571ACC0E16AC1EF27D345190C520,2018-07-04
B8FE9AD137A133A89389656F7989B36C,2018-08-17
4E644D18359E0F5E1F065C01473E658D,2018-08-21
E42066B3F588F26AE64518AA41805F62,2018-08-21
DB96F991CEBF843652230B0F802424FA,2018-08-21
33544E9CEC0874FB3EB8759352A455ED,2018-08-21
C236B94348667D28EC82C1FD0A7B8118,2018-08-21
25D990A548748C1167DF39EDD1A61019,2018-08-21
FA9072B5D545036DE2A04C8C0436CDE5,2018-09-23
0A57BC0F6D09549CED636C498A541EF4,2018-09-23
D2007306ACADFF75B22DA3DD3F2F7F77,2018-09-23
A622BBB66D14F224D949A6A86B87D4BA,2018-09-23
360030750A7033BF76B0431FB1FF7AAC,2018-09-27
05B5E4EA8ABA0B2A4020DE6309DC183A,2018-09-15
37D5BFCBAB879776946C3A2A71476D2F,2018-09-15
949DC369B1AB32FCB10B9D6E4B367DE7,2018-09-15
C96C96A3BFA142C6B393183BDB2B9DDB,2018-07-25
04C1B862AFA39703243166C625EBBD40,2018-07-25
214980227844539E15ABC4C4F3A79C28,2018-07-25
62BC44432D6014D99E9B6E1C08C015DD,2018-07-25
269E58132BE4003BFD0FC24104F28765,2018-10-03
EA3A2D1B512BBDD09A421C3873AEFD79,2018-10-03
2958365429BB4652E257287398757974,2018-10-03
FCFF0D7C19A902C4DB4EAF8DC586105B,2018-10-03
F926B6C4220D13DAAC0ABFA2DE3E7C3E,2018-10-03
44E9047CD36112ECE0887F729DA10059,2018-10-03
97B422DCCB84169BF11FF0168929E31B,2018-07-11
B1BEEB89E7F8A596AA10AB384169460A,2018-07-11
93CEB327EC262647E4D6E92FEC16AB48,2018-07-11
7CB35A51B77F8C7CA96E0E84BD479F3A,2018-07-11
1C3229D4D4A35F3B2CF55DDE509CA94A,2018-08-06
0478941CDE0699903455E8A6A95546CD,2018-08-06
8E10315E9B341E6371BE0055C7B29A68,2018-08-06
82C4C434811FFE6491CD496EFEA96382,2018-08-14
4660CA55B6DE728FDF54308DFCBAE1D5,2018-08-14
F485F4B6F54C6BE47586250626D50922,2018-08-14
27AABF18BF07DE5DCACA40BDAFCD21E1,2018-07-23
21E549164E0DE5C26DCF1512656DE359,2018-07-23
6CFCBBED66545AEB9E9AF6E5CFB936FF,2018-07-23
75054D8DF2A03B76B951829F95B4ED9C,2018-07-08
7F2B633C86B765201C93FDB6FF261143,2018-07-08
7537C0AA6291AC7B99DC4D2D695EEF1D,2018-07-08
84F5D9204EDAE98B3B542AEA93F40BED,2018-07-08
9B0D690097928C177E91E2724871BEFF,2018-08-11
03E20359BA2BCB4CC83EC96EEF5CC8E5,2018-09-24
BE0F3FFAFC8E54664E288894BF62A4F7,2018-09-24
B9539384306C5D3C6F9AF4949FAFAD69,2018-09-24
CB39F5D9A2DC8E22A1423B88F6076551,2018-09-24
E7AC26AA1C4B6FE874F91FFE58DB6F1B,2018-08-07
7CC61FB109657777ADD59480BC290F29,2018-08-07
5ABED4EC5CC339889CCD175DCFE8A225,2018-08-07
8C988A305F1F269E13D776EF0E1576BC,2018-08-07
C605AC91DDE016C1BEF245A62B90B05A,2018-07-24
D58A4CBE8E4200F572CDABF8B8260A04,2018-07-24
80E1D7AD1980A2D9B7A6A7BD4D939337,2018-08-05
38EC067E0FD1205E85B7922DEA496A50,2018-09-08
1DBB4AF1E7845ECD3445E08335D9272A,2018-09-08
E6ED29C19B3023BCB6EAC2FF0C4EF678,2018-09-08
857415053FD447A7EDDACD7FB72A8E9E,2018-09-08
57036430EAE106C2B00D97400191304B,2018-09-08
519E294A309B0BD4DCF5A5E2A2CF9F2B,2018-09-08
1FC1BA4F917C03B0BC9F0AF8349D79F8,2018-09-08
501ED1D90DFFE96E802854A6364809BB,2018-09-08
BBFC6FBB1E0C347719619D3C6326073D,2018-09-08
6FDC6FEEB3322E8A4DBF35E48178FB45,2018-09-08
04C56E1170E544DEDB0032138572EF45,2018-09-08
452332AC08AA6AD499887192F4930FF9,2018-07-17
8EC570B139B21E7F732BDDE2FABF2B04,2018-07-17
CF3E30C268C370CB5E075ADCF0D0859A,2018-07-17
BCC3E8C43D2F91EAA6BCCB6476ECAA07,2018-08-30
192440EC48EB5C30C261D16F03D7D229,2018-08-30
1B7FF293CEB974A6F4E4788D705FF314,2018-08-30
0CC5E5E794CB2FA570F8E6076A4022C1,2018-08-30
68495553C4E4675C74F6476A12E92ADB,2018-07-16
F3B4B3CF9BBF02E8D6DAF5116FB12384,2018-07-16
E23D9D07AD098E857781F7122302EB6B,2018-07-16
7134AEDAC33182DDBEF67FD651E606BC,2018-07-16
35AC012EC3E42432CE9AEB49975989C6,2018-07-16
37F354B57F5815ED7F977B4EB58C17EF,2018-07-16
691BEEE3F6A4739A6E3DB425FF4C976A,2018-09-18
0DC18105468D2F74D534DF27DC3947AA,2018-09-18
92C10D83032CE96D9C772D9A529C7E34,2018-09-18
7AA099658D8AF4D591404CDF2B2820C1,2018-09-30
7EB324BDD7C24A4ACCC2A2B1E7F4A377,2018-09-30
837DA3BC7F14F77F8FC1402099FE43F4,2018-09-30
B523FFC1C3F60205748C136FBDFF54BD,2018-07-22
CCA3B63BDFCF5B859451E8F5645DD794,2018-07-22
3103394999C32D337F178CB9C995AECD,2018-07-22
A4704F91CBB660DA4B200D3B981521D9,2018-08-03
3AC17DC7FDC01F22DE988A856404ABF5,2018-08-03
9363A38E5FC20BCF0E0A9F6D0EAF0E25,2018-08-03
34587F7996F20BE4CC7DDEB96753D110,2018-08-03
C53117ADF9DB210E5A786141F08ABD7B,2018-08-03
E95ED293D8C7E9EBB02D3804B83EF042,2018-08-03
D4261F60B47DC91F9869C0F6C12E30CC,2018-08-03
E0F1DC58BE9661A3DFD9C3228B179C29,2018-08-03
93CE02A528E41C078FDB04857CCDA48C,2018-08-12
A4A0A491EB22A58225818379E768BE3B,2018-08-12
187EB7E773756A1EC9E48BA1EFBDBB5F,2018-08-12
76F4F164AEBC9FBC1198E2BF42AC2F77,2018-08-12
2C4ABDBCF8941A553C5C14E8880D8032,2018-06-23
507DFA104E3C0FE73A081DFE3BF082DC,2018-06-23
20381657DAEE3E67B8DCF5A716C059D2,2018-06-23
B26015B79AEF1B7301FF6BC85F69557D,2018-06-23
0979A3E58FC8F7FFB1F9FB7C69AF99FE,2018-08-29
25635229735B865AB485C488642D4F93,2018-08-29
49CCBCC666BB8FB803C44A65366109C7,2018-06-20
80EA30CA53FB84FEDA3CFB4313FD966D,2018-06-20
D4B4A1038ADFE2CCDE927581B78D0987,2018-06-20
F476C649BB127FA13E0E91F3D662F0B6,2018-06-20
0978B829D0EC73AA106F3C63457A7D8B,2018-06-20
65022100826844F269F88416E2C4CD91,2018-06-20
FF257495DF0D60A5DBC46AAE6F78308B,2018-06-29
37EFBD2BA398148336F96B4347392A8D,2018-09-01
ACA2E31E67D50F779611D7FDB674C370,2018-09-01
A6E8B0AC5E066F7670116136442F728F,2018-09-01
A305B55D5049F38F5139DA95B3DCE247,2018-09-01
ADB20527463A407E77162C54D30435F1,2018-09-01
BB4149A393D08C6B8F9EF3F89BA25552,2018-09-17
DE79C88A2D57B38C35EAE5CC0F35FE24,2018-07-21
BBBD36272E3F89302D5E750692188911,2018-07-21
8365302EA50623D13816D680993C07AC,2018-07-21
BF9E489CE8004DC804FC09444669C858,2018-07-21
8FB9723ED7B61147F30FFA1310089F09,2018-07-21
08B7AEC83DA53E917D595FE60C2CB600,2018-07-21
8F09C3B476E71697EAE0CE7B4EA61606,2018-08-08
B7B44C7C4701B0E0527E88F3A2529C33,2018-08-08
F3A2F44C99758CC6006BFE28AC78EBFE,2018-08-08
38C2C9FC38AC2F424C8D519FE7BF988B,2018-08-08
2EB746D02B7B3DEF95022A0958D422CF,2018-07-30
D0A0C9FE72F7C4C6D503EEFBB00C1B83,2018-07-30
0D849F232D5703CAAD8AB03F0FD78243,2018-07-30
7ECF673225D688898A7EA45335A7226D,2018-07-30
33269A5E3D804BCBAA628C2D0CAEB139,2018-07-30
C4DDB9EF96A9030670808392326D5A8E,2018-07-30
9A2369D7E7B958092C281BA4A2EAE787,2018-06-24
6289D50C1D2EF15AAE6047FF6909DA6F,2018-06-24
FD123BF4E0517FC6A24602B64B34A3E7,2018-09-26
79442435916D04FB3A1C2088D5941C38,2018-09-26
570A8F4C826664E326A211056E2F123A,2018-09-26
72FDC8899DFEC6DDD5D8248F25508922,2018-09-26
A618596C697C9F9FEBC2B022AFD4F7DD,2018-07-27
9278A7C15D0307622E7A0305C4091A91,2018-07-27
35DE008317AB2760503976FA63F51B61,2018-07-27
DF7259366C280AC34E430FAE5F312967,2018-07-27
925CCAABF0A2EF864D36F9167BC40627,2018-07-27
8041E05E5422C53623460B04B135D134,2018-09-03
E271C38BE1E3E9E9A1D4DE0A5CF3FA3E,2018-09-03
192A561C1E4EA02F999662DC25B50CBE,2018-09-03
147823801E670C540091701D0B2B1BCF,2018-09-03
F58A583456504D4164F2F4A01BF52162,2018-09-03
886A60A8D62105AC1400F05F6B36BC4B,2018-09-03
8F6C64C471FE0E45EFC6C5C0171F521B,2018-09-03
06EE14F393C527E3A2BA2ECE805A92A1,2018-09-12
512DAA6DE2804B4BB543D1BED5781189,2018-09-12
816B305B5D5F17BD29C0677AF5790C3F,2018-09-12
328723183CB680790972B8FBBC3A1CE3,2018-09-12
A65E33FF253B284033B4F87FF6BD0BEA,2018-07-31
2CC80ED018DB2338C8A0B887DEBA1AB5,2018-07-31
D40846D1475D5E46D321750750943A9C,2018-08-13
33BDCF9DBB2653780046CC6B334D5718,2018-08-13
47D7334EE5D3D6CA9FD36A01E38F0407,2018-08-13
75C00378B3BA26B12559020A83A74355,2018-08-13
5BAF661B350C5EA33F775BFCBDD97BEA,2018-09-06
127910656B23520693D3B0AEED27811C,2018-09-06
1FF5408483DCCD0779F33A5808028D60,2018-09-11
A323D8E5FA3D8C56594AFEBC6C8E63FA,2018-09-11
7B6BC42B913D80D3B2636342AA065DA0,2018-09-11
1440D2F8CDB64BFAA5621779B8C92571,2018-09-11
093C7C670AB7A93613DB339730E922CA,2018-09-11
03546CF44D99271301F518C2D8119543,2018-09-11
425816131EC0FAAFC05A57B02717564F,2018-07-06
F7C5554230CF0B6DF75093EDF9DF0CA8,2018-07-06
DDFE0B623F523F68FF0A338D5B6F3FB8,2018-07-06
74868BD6717E81EFE6C5ABEBD60371CE,2018-07-14
243E22C5C25E4B000CB550B45B47F604,2018-07-14
9BC94B3773C8304A9E101AEBCFEF4A5F,2018-07-14
3607E321EE78A48A7C7B604CD115C109,2018-07-14
3AFA12F7DEB63024145AED585F907AC4,2018-07-14
BD7E7E24CAAE6B3D5F27FAB47DE6BC6A,2018-07-14
8D8EE6C485ED68C57C0461D6E9F74F2E,2018-07-14
66716FE2A831B1606A2507E6ABF10F68,2018-07-14
2E701172DAB36C56A2414EA1BF26E041,2018-06-22
7ED8C235689771F6B0F29BBF295A346F,2018-06-22
D233EC5285D7ECB23023902D5CB812E6,2018-06-22
1DA8274F7DFF067A8C660DF64E109390,2018-08-24
3AF878DF2D82CB843607C005B0729451,2018-08-24
A3C135B7380511F4BD6BD82D88E72C74,2018-08-24
8530BA1E10784C7FC80A8BD7C821845E,2018-08-24
EAC7FFDB911F797E6E6D202438CBC920,2018-08-24
2E8DD56C77FB7566DDD991B6E4A03EF3,2018-08-27
B05445F463C42315D56CA8DCAEA271BA,2018-08-27
7EB0099C021CF1B2C0688CB1C9D42ED0,2018-08-27
334FEC77CD0647725103A13F54091F7B,2018-08-27
14AECC4547D05B687FD4BE15AF6DFC63,2018-08-27
4FF4247F9374E55182AC6DF97556C161,2018-08-27
DDAE59D1F0DCF18D15A1BA723158614C,2018-07-02
23FE2E728CBE5ECDAE567700B4021340,2018-07-02
4A81FE8E75C780C97EEE73A7574F0B4F,2018-07-02
50D8D0C89D69EDAE2F04E43E90DB59C1,2018-07-02
0C727FE34B5653A78D2F9935174D588B,2018-06-13
8CE27250F69265269F9F254A4E8D33F3,2018-09-14
3872E273D20260ECD8D7B0D1C4660884,2018-09-09
DEB9F6F2742B9E73CDA222EBFA882DCB,2018-09-09
39A9431460D203F0993971A771F822EC,2018-09-09
A02092FDB686DDBB00C4DB984C2333C0,2018-09-09
A4F39D38F7FF6AFACAE5C88506A6B0C3,2018-09-09
2AE16CCCFC6A5302F2AB41CDD3192014,2018-09-09
32691653B988011A1D8855300C372CE4,2018-09-09
13524092E785CA3DBE2A03A2B5B2EFA5,2018-08-04
00802DA458DB2440535C1C3796892482,2018-08-04
C5DE6E85159CC31B2CE9213117956343,2018-08-04
3CD1DEB660E64A41BA76E124B1C0103F,2018-08-04
9225A1F12C539431CD0217908688C4E2,2018-08-04
EE3A7EF48E6CA9311D17208B94AFE6D0,2018-08-04
B95C964E99676BF2AAE4DF554CBCC806,2018-08-04
2183FBF69049963AF568954027E6520D,2018-08-04
51C46BC53A765564EDFC48E1EDA7EAED,2018-08-04
EC36E6167D2E25E6E4661EAEB5E5EEAB,2018-08-04
90337C7427D10208D3846242678C625E,2018-06-15
75B9D585E9DF5F688F553C438B8444CB,2018-06-15
720D005FAA491CBCE8601067805B6C80,2018-06-15
23C13507FB762E84FC1E7C04EEF1A3BB,2018-06-15
292BF9D7ADEF04B6B3E916392CAF2F4C,2018-06-15
914089851FFF3E8C0B3F64C73C8C6444,2018-07-15
B772979A940B0006E1978134A06989B7,2018-07-15
98F42B234B1F169AC6067EC4C3ECD72B,2018-07-15
FF52A62F6A0A8D85E853572FEE09E150,2018-07-15
BA55EBF4BA0D00C60AD5735F0FEA5436,2018-09-07
12225CC7E9BF710AB6AD6EE9DE761259,2018-09-07
2AFDE4FA0DB8813B60AE3DA062A32C35,2018-09-07
D14D2E97033107F3810C23B89C93BFCA,2018-09-07
7FA56DB7021C1FAF388D6A61796D280D,2018-09-07
3309F4DE80E33A212A45B29D973EBC9C,2018-08-09
C36A5AD721BD8FD21B1BCCE49EC2D0C8,2018-08-09
1F58AAA40540B7B531EF090A0669384E,2018-08-09
3883775AD957247EE86DB4402FA748F4,2018-06-17
7EAE2FF6A2E45A56954795EE7FA84A9E,2018-06-17
E39D2DDDB7095CAB4D000D357B00117A,2018-09-21
E301AAAB295E64BF4636D028B9CC26DE,2018-09-21
3FA9AD30B228B21EA82C38271DBB0BF9,2018-09-19
288FBDD45A732242BC8BE2C1C06F63E2,2018-09-19
BAE0DE08F58EBB7CC6C82645EDFD49D8,2018-09-19
47701C1486ECBAAA5927E13F9CEED27B,2018-06-21
38430536CBF969116CDB8851199BB523,2018-06-21
622CE5108E0572C1006A11FF399522B2,2018-06-21
F7612205BAFC8569AF251DAD4F4CF37E,2018-06-21
1DFE4DBF3F5572DEEE789816CF948933,2018-06-21
A88E6BF5D6F63686CE62ACC5BC8FD585,2018-06-21
A9B620BB1B258B756AE5A2333E40311A,2018-06-21
D1709FE868EE67B2F9EE7ABB27CC6D5B,2018-09-20
F10D8E9E72F060EAA88ED8B006E560D7,2018-09-18
189C4686CEE10E7CFEEF1BD9D3071458,2018-09-20
07A6B44E67F46615D8569A26774E5C33,2018-07-05
3B4156ADA5048447A0DE73162CDA1EC0,2018-07-19
6E0CE4D9DE17F3D771906937B9ED37FD,2018-07-19
48588E0FD00EB954989C91667999D598,2018-07-07
7882AB6102FD2201CCAB33F876EB8ADB,2018-07-03
79D9329B7A6FAC4662CCA563CEA8BDF9,2018-07-03
B7684E7147F9608E1B0F0526FF0315A2,2018-07-03
48D0C822ACA6BD0B5FBA8ECD27CBB247,2018-07-03
4CCCF9BD14E8E98B8C9143A8B3FA43F9,2018-08-28
91E7963D1F74552EDFEEDB4105826DBA,2018-08-28
3536FADE33CA15E5B12B304CB93F7C6F,2018-08-28
E84BFE62196E059C66D049BA9A14061C,2018-07-09
70E5A3222508AD3D70A72B60E4045DC5,2018-07-09
F16F649D01451C5D00937E39CA4B4944,2018-07-09
56D046BB27D20419EC5F11B5A443B1C0,2018-08-26
4C8DDCE9EC914EA21FBFF27A069D5E71,2018-08-26
30FCD255AD533DDA1D4354F51E18D36C,2018-09-29
2B26592BCDA787B355255964349FB061,2018-09-29
D7CEEDF636810701C60B245371D7585B,2018-09-29
56F6782A434125E52766881B3A9FCC7C,2018-09-29
6934E1BD276D367AB227408B0B89D0F0,2018-09-29
266D8AE41227FF59B44503E0F9758CFF,2018-09-29
8754DFAB8F57FADE16935ED23B828EB7,2018-08-23
8E68D3D802E39F996CD4B6CF78EC23C5,2018-08-23
9CD5898126E744A7614D790C2C67B052,2018-08-18
817263174EAD24B45AE311E4B5D339EB,2018-08-18
184B6DE721CD75D84BB9975E19003195,2018-07-12
ADC4DE14CD7FFC37D4C4037D867040DC,2018-07-12
961CFF99C1C196A8DC7A7DEE93F44A4E,2018-07-12
96B108514A10609B9E8F4F78B47B6776,2018-08-15
F7164A70962E5AED09AD0CEB0A3C7C82,2018-08-15
D85672E8322401603F6706560AAFACA7,2018-08-15
ED4C30231EFF6BA5660398B76E680FA8,2018-08-15
BC4975868D38E7BA0AC93C69B4FE6FF5,2018-08-15
D4BE9C6F73E39CCE4ED1901AF98A9E3A,2018-08-15
605F74B6799593530FD600FB839581C3,2018-06-16
10E9895D671A377BE368B31F5A36D50E,2018-07-26
DB69D8C68DEFBDE4986484CF0AFA1D70,2018-08-02
EC51C9E063BA20CC1A6F954E9C963EAE,2018-08-02
2F89C2ED5BBDCF6CD2EF726AE7595A8F,2018-08-02
E2A653542E03CF823E7F19FE9CD209AC,2018-08-02
09352F4FD57960A1DDA0E0619A60D7EE,2018-08-02
4AF29902F33FD278C90D778772C6FDB2,2018-08-02
960B0B1A46719775CA23739784E9C320,2018-08-02
815E993C6CFE9A842858A0D2F20D8663,2018-07-10
2E9E7E0B300EFA3D4E73EA686E0EEB58,2018-07-10
23506606AE64E9C81EE4850A3FBE7703,2018-07-10
31334ECCEC5C9988469EAD462A6C4D47,2018-09-02
6A1D30C821861EACD41F274E8E6D5455,2018-09-02
1521424D33DCF011133317B863DE89B6,2018-09-02
5A44D0AF57DD95C0F5301649B7A23509,2018-09-02
504D26F44414067FD4E584D5673D801E,2018-09-02
23FD6C65AB271F4DD5FC2FDEA888032D,2018-09-02
031A51C8350FF183C2C5F2AB9AD00753,2018-09-02
FDBB96AACFFBD4375E320AEAB60A1D18,2018-09-02
62E7B9088F79A20CADFD49569BA58056,2018-09-02
186025800E027AA8DB976E7341FD0EB6,2018-09-02
5A15B5C77229B970B5B6FC727E8CCF46,2018-09-28
CCAF01ABF73EA83379ED9F7C5EBEAE6E,2018-09-28
D161D6FAE5A7177D62751A3323105614,2018-08-25
AF2B2CA944080F72C71FF77726D8BC44,2018-08-25
A454FA77DB3D39EA257AF76D50E1980F,2018-08-25
FCED8D34D16B209A5DCAAF1B9B6011F1,2018-08-31
7FA778C27A7CD840454FC893B8200200,2018-08-31
34ADF71F1AADCA26EC8008496F7CC87E,2018-08-31
7E061A2015FD06DA5253F44B1492F82C,2018-08-31
0DCD6B00CAB93941AA5EB18DE8C053EE,2018-08-31
3821A0B09BAC34B3E95C441353556924,2018-06-14
92C9F688BF3EE64809ACF94BE784339A,2018-10-02
FFFC2E0FF44BD57FD178D07095D434B2,2018-10-02
026C3DFB9F540CE1656F08BE848279A9,2018-10-02
3F3697585E038DF733B054B59AED604C,2018-10-02
A515D97A6278972EA2FB8672E0ED7E01,2018-10-02
9B544F46D7ECB283C843BD66BD124B46,2018-06-12
50CB561AFAF634ABAE28101F51967C58,2018-09-10
B1718F832C3C2036BEE954099E4A1F87,2018-09-10
F730B9CD77C31838E71FEBF694FA8CFB,2018-09-10
79352792B72C3FF7BBC40ACFE7235AFE,2018-09-10
C3E9C2B8B2FE07F0D9EA6C75A11CAEB0,2018-09-10
5F5BDACD88C832FAD2E2AC9C20B008C1,2018-09-10
5F55229783945643E221435546DFEB61,2018-09-16
C5894857AF2A8C446F4BEF7280E8435C,2018-09-16
7B05C7F391F683C7E6A259F83B4DDB41,2018-09-16
9F1376462851902E6E646F3E46F86C46,2018-09-16
0D776A18192B672CB9C9BC0033881F12,2018-09-16
B870598E0A2971B35047F79B0B5697F0,2018-09-16
2481B9CE9B351AD7969027A6E4F695B6,2018-09-16
9E45C84C102E9151AF511CE31D707216,2018-09-13
EDC0FC3AE68BF04109622ABBDB8F0171,2018-09-13
35929D52C47DAC927FFFE0BA6F8343E4,2018-09-13
67169A7142CBE3AA9569A8EB2DDFBD29,2018-09-13
1CDB183DBB7427164204AED3AEE70341,2018-09-13
E9C87789BFFFA2A2D9E45C0CFADF855B,2018-09-13
041305E26529F06B0C3521CE0ADC023C,2018-07-28
82C61B1EAAF07052E9ADAABB8137D220,2018-09-22
92BA07C5AF1103CDD804CDA9F7199B95,2018-09-22
EEE878184DE04313CD12A9D10E0F8C09,2018-09-22
DFC26292336DEF43FF4530297B6AF057,2018-09-22
B8CB2D7794D767E81301B841C5D93DAE,2018-09-04
7107B8B93B285616D099D9010F6AD834,2018-09-04
F505D39D04A5141F7A113A0AE18B0475,2018-09-04
3474F67724A68A5E6C39F63A0FB6286C,2018-09-04
56BB8C5154AD6D11F06903EBC42DF594,2018-07-20
4B45AEBB268ACE41B1FA6FD7CC71AD66,2018-07-20
33EA483B9652B49782CDB92710831EE4,2018-07-20
45B01CD633FB5630F9D10E7AE802EA2C,2018-07-20
1B7E0BA3927664E28BEE27B0ADD06351,2018-09-25
CF944181D26415BBE956F648FE89A05B,2018-09-25
314B49445D38714DE358FDA5ED6029BD,2018-09-25
41049E5D33D357355EE77699D67F7131,2018-09-25
B592F276FE86F970D46D9177C1FECF86,2018-06-27
39FC9EE932D065CA4145C5DEE27FA699,2018-07-18
D72DE09483AD7D6A0473CB0815C35951,2018-07-18
BBB9A39EFD38AB3779B9555767333052,2018-07-18
EA34B5F3FEA18CB5999F1C156ABECC13,2018-09-05
73BB508202301793DE8A0257472CCD1D,2018-09-05
8E8745CADF1ACC6EE7AADA7A8B8DF1E4,2018-08-01
04EF01C1F4723249F90F920DF018F16C,2018-08-01
ECDF273CA57076C532858AE4B1CE2C90,2018-08-01
FCB218A1B5C858D56B849CA70EDCF6B4,2018-08-01
B54ED4ED7A122CAD69ED8771E62F4D72,2018-08-01
9272B4C8E7F4F0364558B43B977990D0,2018-08-01
81E2E892D1C23CE76B072FA71310829F,2018-08-01
AB48D576008899542044F575FF8DF525,2018-08-01
4F5874E120901483663EFE43CC56A87A,2018-08-01
A88677B5AFFCEE375D2EBA4EC85820C5,2018-10-01
B862FC7AE439EF77BEF67082070EFB78,2018-10-01
93D5DF30DC509863B8918BB7F73E0BC5,2018-08-22
75AA587C3D72B34C9876D8D94BFDBD4F,2018-08-22
15032ACA55945231058608EDC6A14ABF,2018-07-13
19B1A4123A1AFB4FC3F6E92D145E1A1B,2018-07-13
2468F4F1BEC49F2A82A3E6819EF2C0B4,2018-07-13
87158A01030A8DF9AA28CDDA4393589D,2018-08-19
AE50AB6BB1BD11E8354FF4F14F9E0AF0,2018-08-19
1918F6923967058300EECA2410775F6C,2018-08-19
36EB2A55E0FD24E93BE639443614DC49,2018-08-16
9B3B7AB4B77B74807ED37CD63DE0624E,2018-08-16
191D3EAE9DFA341F8D8CC5DC8BDD1D80,2018-08-16
0617A09ABF92B4E5CD854F64FA86F8A2,2018-08-16
A9C5BCCA25A98EB83162BEFADCB7B38A,2018-08-16
A1BAD185B9C6654FD433BF487E998D1F,2018-08-20
467746D404740C181366195C8CFB829E,2018-08-20
25777661D3D36C3E3656E98F29441CD8,2018-08-20
A00FF1CAD02B5285B41A496690A51D5F,2018-07-04
9B27F8491DC5DA23D369F31250BD8D65,2018-07-04
47DBF515852D5615144B416AD0E74FE2,2018-07-04
4BF45CB17DDBF06D87F4002632E0A1BC,2018-07-04
97ACFC6B43AACA39819731BF51D0848B,2018-07-04
00971FE08D31E17AFA5C02BF8C064F47,2018-07-04
7C40A0217A53A3B38606B160C9444366,2018-08-17
7C2F5BC71CBBC77D23A91859F437F5D4,2018-08-21
D84C3BFD237D79D5FA1A8189F7DC6845,2018-08-21
CF77B186B6800C045AAB1496A019B4E9,2018-09-23
F3423D0902FF4BCB9EE428AF7B4204E6,2018-09-23
C8878B9BBABD87C7CA6D39ADB8BF44BF,2018-09-27
3B05C6E2E69C1786B6FEBFABD6DF1486,2018-09-27
9776078469CC89E9D043D18197701134,2018-09-27
A76105320E2B89F4971AB64A6CCA398D,2018-09-27
65AD2CFB85A041A6CEACEEDF5B7353D9,2018-09-27
811898C76CEDFA57991289FAC0C1A004,2018-08-10
5D95913421F680D074FABD099659B0ED,2018-08-10
83D42C0BEC5C0325916E5797073CEE9A,2018-09-15
85B0A372ABD5755A1BA8BBBD3B9F074E,2018-09-15
7556C7F6B0CC5C0309306569161FFF06,2018-09-15
4389B7F79E867573E4577EF7E73F553B,2018-09-15
1EE74A9149F4AA2CC1E6DABD18BEFD3C,2018-09-15
575CDA26268871E43230F53F87804994,2018-09-15
76B80AC19A11BEB87D87ED5D1A8642BA,2018-09-15
098DB0065C9C20492CB3DA17508D4A25,2018-09-15
7FDDC95340BC25D0D2BD52328DCADD7E,2018-07-25
CF939B3F8439912C8A36D6551F25878F,2018-07-25
25E9B7A675E4418C6E5BDDBEB4F21D7D,2018-07-25
7B07D8969C99C0EF2B86B5E3B53A9DBF,2018-07-25
7568C69A16F1007C8DAEC811CCF8B3B2,2018-07-25
F348EAF573B5353218107AEC45709D79,2018-10-03
D7EC5AD996C1120F2B27E394A888D4CE,2018-10-03
C7224A29FC31EB95D796E3827B9E8CBF,2018-10-03
38305AFB026A5ECF3CEBAABB658ED150,2018-07-11
8B5E68310B602B8AFA0709EA043A7FAB,2018-07-11
F5234E286EEDAB7864E680AA874A2DC5,2018-07-11
A7304B40822BA99D855AA826E9BFFD9A,2018-08-06
27F68D9DB8F756269A63FD58F724AE05,2018-08-06
F514BDD3E5A90FBB9718C37E6548AAB2,2018-08-14
58364AD9BF25372CE083968D512F60CC,2018-08-14
CB22AC559FAAEF09B1CC328E1E16EB9B,2018-08-14
444E29C83744866256A63CCECBB6F854,2018-08-14
27458870652D57B3D0B5F1586BDC3E63,2018-07-23
678B5107CB9D55A57C122F3A3CE95F51,2018-07-23
5879C7CA565C4DFA660DA38E6552E1D5,2018-07-23
BB752D348C185313C5411520671D1FB4,2018-07-08
09F08BC9ABD1D8E3DC00A6C5EF24B67C,2018-08-11
ED589AAA205D32DDAC8B10CD75E5E968,2018-09-24
20B21A2DBF0E77F4C87A788D0249DA38,2018-09-24
18E3B6030C95894AA0147632DC697D0E,2018-09-24
B5D5EECC05D20983F8E3729AFD3295C6,2018-09-24
3864B62A2746E978C22EF4048EDA598D,2018-08-07
1CE19ED5366D09B6A3E9CCD4AA475B85,2018-08-07
4DB647101091FF7904FF733D992443B5,2018-08-07
A686EFE3CE39E784C3A88C4D866FC31A,2018-08-07
2B49EFF232AB44C6F04531B8B8542587,2018-08-07
63FEF9F33B5B4155C207095EBA23730A,2018-08-07
019016F377FEFB43E822470C38EC7FD2,2018-07-24
635808C1DDFBC662DC3015097E26E62A,2018-07-24
174ABEE7AEF7BEC36BB5F34B1A69B2E7,2018-07-24
F6E6CCCB27C3FA47728DCA1C4AE72AC4,2018-08-05
FB629A58366521D55498F45606F8CA84,2018-08-05
EF651AFA508A4888B92578704BFAC986,2018-08-05
747C402883F8362C5126E1F17001589D,2018-08-05
CAAE5593CC002505DFF01CBF4C33B83A,2018-08-05
6040FA99B7E38468A771643D0702322F,2018-08-05
CE869BF6173A1F46388AC4B3F6FF4EFA,2018-08-05
E68A264ADBA1C799CEC92C1B6D234E2A,2018-08-05
FC3980C0F61E174CDF90D2D0314A736A,2018-09-08
DEC2A9E9A35C6C35BBA0D6FA12B2FF96,2018-09-08
196CDAC439AE9EB9B70F6868A05FAD3D,2018-09-08
4FBE865E9F3991ED9B5E68747AF3C83C,2018-09-08
1D952D8F895C30395903EA6FF0D8A69B,2018-09-08
C49CCEF7153CC689399E7BFFF3AE2A73,2018-07-17
99D8DA7079137136424753D7B3DAAE01,2018-07-17
E74962BF16C5828BF2C9E1C53AA26E3C,2018-07-17
664BCB94AE1B25383DE0657A4D6AAF23,2018-08-30
C94FE03FAD74038A26461F752DE7775F,2018-08-30
E257276F0588FCD48CDBB90133C335E2,2018-08-30
58FFFC5E09F0106829F7F2F7074A18C5,2018-08-30
79D1159EFBA356057E09FF8C41F132A3,2018-08-30
0EFB0745A4CBEBC4D3A74BC7C1DF62BE,2018-08-30
45444D344C68FBC79F560121598C1581,2018-07-16
020A23B627EBD464F75A5362FEDA00C6,2018-07-16
FEA816FC51362F4CCCBD617511B9336E,2018-07-16
663EAD1943AE7594E0633D10ADB5EF52,2018-07-16
4B0E55D94CB208CC6A4B0F5A86032D41,2018-09-18
4870CFA6BBAE34156F6D77795527141A,2018-09-18
1F1D0D9BD59418D53F2841531E0E12C6,2018-09-18
E5314FAAD37C0A87D3DCD34CDFF7B367,2018-09-30
AD6E1242CA5C458BD5D8E63A0DF7A562,2018-09-30
C1BDCF7765C5EDD7643D476B84BD2B30,2018-07-22
B590F4E6B052E5C92FCB783823691317,2018-08-03
DDF4E5E491C70D357A54656268C46DA9,2018-08-03
478568129DAEE8BEDEF7C6D4616637C8,2018-08-03
82F141D1C5A86CB8F5F4DFC7E09E5513,2018-08-03
497308A94C26945E008226F51C49C706,2018-08-03
22744902811A4056F2B1111F11541818,2018-08-12
E5602768A36A9900A16B6CA0D8150229,2018-08-12
029D53C3C42C44D6F511D65F3BD2C372,2018-06-23
70D7FE42E58F0EE8745B704BD6A71D9F,2018-06-23
7B425893FE3DD64FFB439238785817F2,2018-08-29
CF092C279C3407DD69A44008D7511A2E,2018-08-29
35ED140BCD58BCCC7BACD8ECCF6E6156,2018-06-20
15FDE87CB8846216C26963C02197A9CE,2018-06-29
2F8E2DBB938D2E43C2D171AF5F35EEF8,2018-06-29
9DFC6466DFDBDE2D6D93E3F8693283C3,2018-06-29
FCD8DDE7775A7211BCA9F42768C3BB8B,2018-09-01
1D5A0DC978A69FF28EC9D153F32EA871,2018-09-01
14FC1A25D55E89AC7ECD600CD3A08C13,2018-09-01
177C0BEFFC69408F88D3377632F1BB60,2018-09-01
37034A23CAFF85394E2E349C381788A6,2018-09-01
3E336ECE1F533064D663A350DAB00790,2018-09-01
F51601197BF83FA0598C901D8B5B0489,2018-07-21
85EB1F5E5428C27F8AAFB98507327F46,2018-07-21
C0363599C5FF1F45DCB169BC9B78E2B0,2018-07-21
69657C3E0E0234BDB375D05F576B9921,2018-07-21
F5AA12B1E19AD1665537A6BBE3FD676B,2018-07-21
8046473848C0E0F86B801F15D438D7A3,2018-07-21
84387CAB97020D4113BFFE53351F76F7,2018-07-21
EAF6860751C9F9D380DBAFAE3F881210,2018-08-08
7746132EFF1AE873A93DD6520B7D43F2,2018-08-08
E8EF9920D6437CA7E5AEAF580FFBD26D,2018-08-08
A6F3AC0345F0D29697A0E517CB4DC507,2018-07-30
CC2AA376D92831200B850CA2CA3E92A8,2018-07-30
1FDB055D4BD4AEC379A7B2F34E862913,2018-07-30
9127DFE97E638774ED6C4547918BA162,2018-07-30
F08C95B4C15C48637756D065797987ED,2018-07-30
8B4BDB8B8E64F8C098E49C96B75F9302,2018-07-30
97891CAFF0E3D01EBFD2286912E8E445,2018-07-30
9B9DF350C5E21B26FCE82CA42135BCA6,2018-07-30
2A0B0B6E66259E8CBCD4161F456967A7,2018-06-24
0D9BFDCFA23E0715578EF21E93B6E794,2018-06-24
45D9386A27DC5D98BEACD44DC16D726F,2018-06-24
450684FABC859176D9278D039AC427DD,2018-09-26
6C25F32B241F12C5ACDDB52C4262704A,2018-09-26
099B96DE363931D9A44264ABDABC5854,2018-09-26
96C1A96FBAD97FB202854F5FF4124D10,2018-09-26
DAC85113DF6DBAE9605FC6B2849BFFC8,2018-09-26
08BF091E37BB04708ECBE69E862A1346,2018-09-26
6D7C0538D39540BDBBD1F8CD90272A00,2018-07-27
FBF8A477CF09D5B499E8923A4D2A5102,2018-07-27
68FD7BAA83E0EBA01BF3D9944032C0B3,2018-09-03
E514FE2BB2D92B8D89D71EEA7682E967,2018-09-03
A871A8E10ADB6EC112181C5894B4EBB7,2018-09-03
3114BB0EE700894607B258BC4706797C,2018-09-03
400A2BA0C0BAFC6A242E08221915D2C6,2018-09-03
415E757904443C53EE090E77B1F1EDA4,2018-09-03
E4CA88442149C9E1F3A64917A85797D3,2018-09-03
2938DA1D961AA87017FAD9E8D3AF9BB8,2018-09-03
83100BA2D5053EBA42A0F7B1E790A194,2018-09-12
4ECE982F87221BF7A2C3642A15329244,2018-09-12
58CAB99FE371CFE26EEFE32A9BEB9C96,2018-09-12
A2A3ADA244E69302ADDF492E0B55BF21,2018-09-12
68FA67F15A3DB9121D78FD064E5D644C,2018-09-12
09DAD43CB4AC24EBB0FCB03D96A48BC8,2018-07-31
78CADEAF2A3C6D8B3B7A5CF8BE63752A,2018-07-31
809701D70F9A32FE8DB2F6E5D0530C10,2018-07-31
DC8912881CD30A0D8D5E2EB666D22901,2018-07-31
154287464C4F84AF86699BC92AA1DAB5,2018-07-31
CEA92F03E8510B434A70984A6E255308,2018-07-31
C9F9FFA5F2AC7775245B822299EF0823,2018-08-13
15C047FB330537BE72C8B690117BC25A,2018-08-13
BCF05B5851AFA0BF97611B6E338E1C5B,2018-08-13
AFF35810D9962CD8476636476A2831D8,2018-09-06
397A2AD8F49D6D99AE9098F9034F9781,2018-09-11
843FB380D196877C6C4AE1DA4727F1EE,2018-09-11
C1B9C5F9E836A2859601D26255954254,2018-09-11
AF7F48274AA5128EBCF3698F4FC8F61B,2018-09-11
545182C3DDA3B8F17547979958C0CC01,2018-09-11
70DCC1DC359A5A8BA1CF7C93DB849FD1,2018-06-19
175B8ACFB0C09DE439EFCB5877486BDA,2018-06-19
2A3FF7DCBE1E66EAF03A1057BCF5FA09,2018-07-14
AAC173F3631E531ED5865301190A4E86,2018-07-14
8A606443F6E8A91E82E3EC087DCAA10D,2018-07-14
BD0294058EE600E9CD865CBBCB6647B5,2018-07-14
B6DC4C7978DC1F68C292816EC5104E3E,2018-07-14
20368D6BBBE2631DB2AA4CF76442FE28,2018-07-14
C2855DD102FDE21A3702927D6D341A13,2018-06-22
35788F10B7D410D0C3402C670200549C,2018-06-22
6AC7CD91D56EECD5451A8FA289528AB8,2018-06-22
6CEF2DF8319798521F4139D3611BB32D,2018-08-24
B029338EAE1C7387C65EB317D4A40370,2018-08-24
1EC742C43B8616FAA9FFACED52B88095,2018-08-27
B6A174B1E55B3CB60DA1B9DBE341AECF,2018-08-27
6722ACD286AC0F5CA22E745302CAEB89,2018-08-27
7F665CAECEC63F45013C99D81EC447CB,2018-08-27
F7257ADC528634BC54E3C4439C0CC3C7,2018-08-27
B0EB032F5C4451C882C9C52B28360B26,2018-08-27
9FEE80E475ED50AAF174B4F17563C16D,2018-07-02
3E8023DB1D342304C2D6BD56705C4687,2018-07-02
B1A46F0467C18F539094677527CB116F,2018-07-02
20A3F94DE1F057B2684F1DC00D5BE0B6,2018-06-13
19AC79A99DEC69AED51C4EBE7F2DC4F6,2018-09-14
F9DD9310584E4F0FA1401F066FEEABD1,2018-09-14
EA62196C3CD3A168761EDF851C44D293,2018-09-14
17DD3337F00EF3D43636B69C3BF742F6,2018-09-14
FCFD916504325E3E9B720DE4B34E10DD,2018-09-14
975872A64FA3F70680C69E067208A941,2018-09-14
CEC57001E6609F0F4B48D55CD50F8FF5,2018-09-09
5B5F304923EFB1AAF108A4B9D5383923,2018-09-09
07D5951C19A83B2CB9C8BA9319B5A9FD,2018-09-09
C647FB7C5C6F9EA2F18A78E1AB30B272,2018-08-04
2FDD16446C63750D95AAAC6F6B41CB37,2018-08-04
D2BA6FF865D64BDC12D28BEB9F778997,2018-08-04
C80D68A48ECFFAD588A6784F36BA41F5,2018-08-04
B22F17D065D62FA2F622CF1B196F92E0,2018-08-04
5B9149282B2EB48FE5AFE1240FC0440E,2018-08-04
9AB15754D4B3B28488B088CAFD9DD5DF,2018-08-04
DDBA0BF4F81311FF87A30D2DDE2171E6,2018-08-04
63D27A9DA8B74C75FC5AF5D639A24098,2018-06-15
737952B0FC3F8BA5F86475FED13242F9,2018-06-15
CD8DC6D99DF0DF0658BF0A1D57F2FCAB,2018-07-15
5902F784DB3A5034F7DD36525DC8EA26,2018-09-07
1B52FCA67CE9678CC86CF7127601A12A,2018-08-09
22F0C2104A28E8BE34795DCDDA972328,2018-08-09
359A34F575B808FEFE58BC5B40816F09,2018-08-09
1D280312674EF22428D1994F6383BF66,2018-08-09
461ED15685A45FB403394E9A91F729A6,2018-08-09
66163D6663552C5C43D3DB1D98FCA9DA,2018-08-09
47A899631A240C70DD743B9F91B8621F,2018-06-17
35E2D2EAEA269E5AEC74FA4D79E6817E,2018-06-17
3B9899ADAC4DED9CCE9E78E4EEF35456,2018-06-17
779BD82ECF83AC881E311EDDD3D31067,2018-06-17
8228E9AE8FF38216F6B158A019597260,2018-06-17
1BE83BD7CAA4157AB3AE12A04A05CEF0,2018-07-29
7950C80787853A25016543882356FD76,2018-07-29
E4845D0C7B061876685E91DFDEA57D6B,2018-07-29
4E246E12AC481377A56103BFDA4AEEEF,2018-09-21
2E576595B5FF8D66CA224AFADAE588B4,2018-09-21
2647E2B707BE004C03EE487685B75C77,2018-09-21
5DD61074AA5F92DE0CE1F00516BFDBF5,2018-09-21
8235CEF88E270F8C33F9218633A421FD,2018-09-21
8EEA719A624599EE3D9B4473F1C99CBE,2018-09-21
1CD1D85F7C39D7814EB1A4C55646D717,2018-09-21
224B9D15731E3EA41830FB5E67E336AC,2018-09-21
05BD9AF611C45368C75EC68D84DA6DC8,2018-09-19
33BF9E22252B200D0FEAE9AF6D498CE7,2018-06-21
0373DF7959F6867CDFB1C905D39CE67C,2018-06-21
DCD1A5C8D680890E6A125104A9171322,2018-06-21
EE0D3EB67948AB67EC0F09B318EB5962,2018-06-21
B930372C5D851AB3195A0CA14C9219C0,2018-06-21
50819623BDF347C3C7DCAF0D9F5C0730,2018-09-20
CAB801638B9B8022310A07629D49EBCA,2018-09-20
2F04772FE46C17A90BCACEA9F09499FF,2018-07-05
712240BA0F93717BDA01B4FA84CD3616,2018-07-05
52EF42933AD38302C75702C3D38BFFAE,2018-07-05
2941E920B4FD9CB80D870C3B78CC707D,2018-07-05
5872E78AB7DA76D7176A8887BA4AA432,2018-07-05
E9B5EC78F1F4D6F90B5AFB34D09697F2,2018-07-07
FD9223BA1689E43F814C545A5FEBA7F4,2018-07-07
28E44B5D5095EF494073AC47353F64C9,2018-07-07
EC8265F573C82B919B7336B1AF63E3ED,2018-07-03
C22A13E254C44E0ECD2864B4287E514C,2018-07-03
A663E84EF7EC8534ABD2E99664E61BEC,2018-07-03
E102F19E39B32A45B7153A21B8F9A6FB,2018-08-28
A0F1D068A8E7FA561AC7B4174DD5E2A5,2018-08-28
9D956C83A0AD889DDFCA96A7589A40AD,2018-07-09
1C9DAE1F278190CEEEEB70A8F4B28FE5,2018-07-09
40A81A69B84A84C1E7577605FA47594C,2018-08-26
C6928D8A0DAE782911786BF2C5614279,2018-09-29
95234D51F359B9A809F5F63BC8AB85D8,2018-09-29
B6084E4BDF1F19A277C07ACB37026177,2018-09-29
11A3238DEAD2345528E617ACC82D2027,2018-09-29
512B15BD20611092FEA7BF165B6F8A08,2018-09-29
C1ACA74F84373468E10A08B1BF08455B,2018-09-29
C302332F1B2DC5162E47913A708C479B,2018-08-23
7AC799AFB5972B3B967EC5B58C801B8A,2018-08-18
073FD5B36BB079283A7A76A6CDAEE19C,2018-08-18
7BA1098EE744CDED1FA599098513BF43,2018-08-18
A68C4D0A3F32C3F7621CA7675E9F39A6,2018-08-18
181F8C6E767BD6364B0F545ACE9D9909,2018-08-18
E7457A03561570A97A4646A1CDFEDBC8,2018-08-18
14601BD95805030D9CAD6095F110C47E,2018-07-12
C1648883A80997B611743D528CBFF926,2018-07-12
5EB709BD6D577B03B138AF80E55ECB5B,2018-07-12
5788A16A3FF89DFC642034165C8932D8,2018-07-12
158D85747B252579015AE58305CBC8C1,2018-07-12
7F8E0A83EA3833F063DA2107E073AC03,2018-08-15
14DE6B1CDA3BFD44679C7E9382644AC7,2018-08-15
7C2B51C7FD6A677AA1627FFCCA79CAA9,2018-08-15
814700C58B117F7ABFFB1145B9C29D29,2018-08-15
5C8765821C789489DA0A3EBC33AD4C04,2018-06-16
29393E9ACBB479EF2F7B6E1A805FACD7,2018-06-16
6D75C82CA465285F7EF458A502B8C71E,2018-06-16
1FF2E74F218E6EF6BFF2046517E10C82,2018-06-16
8CBFDA4428A53E59D04C883360BE7306,2018-07-26
485763EA57FE56131807AD5EF740FCB6,2018-07-26
1F2F78104668E3EA43A42D4981EA6F4D,2018-07-26
FE3331C93B8A54B8C9145532FFAD704A,2018-07-26
0440FFD9E8480E870EA2C22C5F54648D,2018-08-02
336BDA268CA6379F6EE567B4C16A1090,2018-08-02
3388DE6E3D04F8EAA7804B955C96EC65,2018-08-02
A8772128307051043124FE8443B1C326,2018-08-02
B6610E585CDD175B0C442921E9643B74,2018-08-02
7CB2D3F0C0FA1A15A0BD2C341DC6D265,2018-08-02
1B448720A92D5A61CA428042BE55EE7B,2018-08-02
8BDEAAD9B5CC59CE05A905CC9CF12E4D,2018-08-02
DACD1498411E056455073E0371DF8EDE,2018-07-10
BF4300C9D037DE73C46D3E9165969A10,2018-07-10
0FFB521F60BC6AADD9A8E24A248EE0A6,2018-09-02
A33DE80957EE65767566B772BC3E8BA5,2018-09-02
F162B5BCAD9F5D3B424F30DF48198D4C,2018-09-02
9885FB3459F17DF14AF16CE740C59817,2018-09-02
E1FEA6BA9D049EF343C2D18C13E32756,2018-09-02
CFF34B5186EB1563295F0058BBC7CC0B,2018-09-02
3DFC3A755FB6E6BDE49250DF5D6FF180,2018-09-28
3F512C35009AAC06F811B31413462B45,2018-09-28
5E93985C5B02D9015C3326D060D2CD0B,2018-08-25
3CD974DBF11957C5EDA056A24EDA3A85,2018-08-25
571B1FB7D9D44445BF25B75F0FD91660,2018-08-31
108522345C425B9AEB5F83FE07C1A3A4,2018-08-31
B69E579D490D0275ECF798F461ED40CF,2018-08-31
FE806EAF490D9E7E20EDAAD65D2224E2,2018-08-31
8BB6E580D7771BBBE04D3953EA43F640,2018-08-31
3A2B5A9E433B9D46DC5879DCFC6246F1,2018-06-14
2D649F568EAB97A00C4161984EB033F3,2018-06-14
27BE3DC4FF3688348855EE682A214D4E,2018-06-14
CCD317C2822E5DF44EA6A59CB72E78A0,2018-10-02
4E2619B108A45645DD3634769ED557EE,2018-10-02
360DC411167B7D9398DB138B8A90C8E0,2018-10-02
9E77E417DC513E9A797BDBBED2388BA3,2018-10-02
73AD4EE421086EBD382C4F97E2138DA1,2018-10-02
25A8BDC1430CAC92F27F75E0E54FDE98,2018-06-12
4F13ADD7688F418B5624BD5046543305,2018-06-12
380325FA5DAF03BAEAF3FFD51D633AD6,2018-06-12
7D0E2D17EF9C82BB71976FA0C2A91105,2018-06-12
06DE385FB8FE1F9B3C866E5645866023,2018-06-12
702682445AD2EEE821353CE661800AE0,2018-09-10
C40F22701672A6B7AFF9F4F6FBC235EA,2018-09-10
B3234CECCA15CEE80BDE39DA9D8AE687,2018-09-10
09309F331FA528745E330964AF4AAAD8,2018-09-10
20D0FD31D501D49BF13B3F598B21B7D0,2018-09-16
0798BB6B8C026CEFB003241B31932B67,2018-09-16
2B22D72F625F968E0AC0C0EFC63DE229,2018-09-16
95475D4BC44186852209441392FC7F92,2018-09-16
AFF1ED962C29150288A2946235923125,2018-09-13
D51469D355F87944B051338289697AE6,2018-09-13
2F5BD1921856273F7949A24ABB385A4D,2018-09-13
DFD440E5A6ED9EB7BEE70013C9CB82DE,2018-09-13
8754F52C637D0A533A33EB702FADECDD,2018-09-13
BCB77DB6B2A75E476578A2ED8ED4D9D9,2018-07-28
16BFDFB46D648521C99ECB0AB1D919A4,2018-07-28
F569EE6651363E581944BD51AAF69CE7,2018-07-28
EB62FD4BE6FBBDC575C8BBEF40CF4FFB,2018-07-28
CB5B845B01EF1C4D58492EF76895A782,2018-07-28
63DCAACED237EC5985A07B781643D6F0,2018-07-28
EAED910DB082A91645E89F7B0970B129,2018-07-28
2C42FD4D96863B75026B71D2BDEC620A,2018-07-28
7DADFD59DDC317F8A6931C1544AA10D9,2018-09-22
E6BD402E986856BE45A107744EA310EC,2018-09-22
4A265CA54699214E64E300A0587DF907,2018-09-22
1611A8EAF92912A6AE4289CE15EB7411,2018-09-22
CD1D906FB130FF55A227F2DE79F0C15A,2018-09-04
EEC7FA9B9E05990005FF736DCCADC24A,2018-09-04
46667B8A61C1573787AD6A645BE51C5B,2018-09-04
8E9EB6DAEE98975E317428326DF60EC9,2018-09-04
AED41960DDA933F8914955C5EF2A852E,2018-09-04
2A50F2A460A9554E44379553F98BCFD0,2018-07-20
CD32700CF86F9099A2FC2DFCEC24AC74,2018-09-25
7CD073786A14675FA7B0A29337809B2C,2018-09-25
A9C876F6262995184453B40AB7C5233C,2018-06-27
57EE161BA17539C3A15E089BE4927F8B,2018-06-27
25E0FC5E665C8B194365A33EEF2E69B6,2018-06-27
ED17A20FA28EE30540FB85626BAFACDA,2018-07-18
A727F7557FD9F7CE772E19AAB3863391,2018-07-18
57A64EB2ABD60937979A683D71025060,2018-09-05
E895B3E36F911B1ADA1C93A648487F75,2018-09-05
14CDD9706D24046F309F81C86687A25C,2018-09-05
4C8514033B25A1B49E85B8C0240C6C3F,2018-09-05
2A35FB32E49C15CB17729B04D7E80F02,2018-09-05
14A9CF9481040494BB3D4D5851457F4A,2018-09-05
06651B7BD90A9520B007ECEBF08EE9D6,2018-09-05
38AE6258A71E0D270D87AF7EFB0D419C,2018-08-01
1D435E381B7264B0A2DDDC9D911F9AE8,2018-08-01
058AE4BB2F67DEA4C6ACAA22AEB71BF2,2018-08-01
3E5101BCD089218A0E026C6750673B33,2018-08-01
42421044D6B3F0190A37145A20403036,2018-08-01
EF6CC1B98C83A79C0F9C4B9ADBC2A658,2018-08-01
FBB71B05FB171A089269FE6CA3B567A1,2018-10-01
C87CB1F5F2A4055560BA8C5DEEA1402C,2018-10-01
CF7EBCBE6440F540C69EED917FFE5345,2018-10-01
7DB2DBCF45D57B784C949092A6F9BB21,2018-10-01
1777D010B4DDAF85E974711866367FF2,2018-08-22
9B6D674F62DE7BFAE7FFE7E5D9DBA75A,2018-07-13
85FD822179C8D3D3186DE94BF76DBB48,2018-07-13
7AADD8862AF41FBB0598D7AE9BF41224,2018-07-13
0E05204A44E4CA8857B83A2FED471037,2018-07-13
AA287C3266DB6069B75DCBB51006D808,2018-08-19
E515909D096AFF6A5E06A2EDCD9FCA22,2018-08-19
40E48F9F86A546EF73EDE7855625E2B2,2018-08-19
B810EC88D69D961A2FA7ECC0F323D9EE,2018-08-19
1E37BA808C4C864558FBF1C76775BC59,2018-08-16
7D87123EF025F4B3A92359C10CBD8039,2018-08-16
14294180CB3279D586A86522F7FC7F4B,2018-08-20
3A515151FDBA1D6008C8A4C71C8278DE,2018-08-20
3B4005063B8A2F3C0F8F8E13E6AF36BD,2018-08-20
E2372AFD5CBA85F1395201FB687AEC46,2018-07-04
CA05F1C6A3827BC6EBCA6E949CAAF250,2018-07-04
D0423DA4E2ED084FAB0420235905F534,2018-08-17
65D1701E5BA0070CCF15F0CB0E1CF750,2018-08-21
F9D11CF4FB7EEF700D4B71A641E4EFA3,2018-08-21
3A66B71F62FBDEF60DED96B73BA783A8,2018-08-21
C98FE4C10160A105798C65E6AA160974,2018-08-21
5110D174E1BB8A7B1D364A9061FFA15B,2018-08-21
03326495BCDE5097E29EFEEC716BD5D9,2018-09-23
C1B1ADBE5F9937FCC1CDB9F504D1E5A0,2018-09-23
FDD93B1032D0D09386D3257E189696A4,2018-09-23
2CEFE82BDD9A12BE3F9F09083C8812A4,2018-09-23
847C41413ECD9C277B4896E786340891,2018-09-23
59C952AB04D797753C92608F0B32BD42,2018-09-15
2927A9F548849C44AF989FAAA4392517,2018-09-15
B1E13FEA498D83826A1FE38A1AD92B37,2018-07-25
B26BA68DA1FFDFC6BD60095A2875ADE6,2018-07-25
3C2398851DF87635975A88767B4C82B8,2018-07-25
C14A95DFD8457015BFFCBAF2431EAFCF,2018-07-25
17B6A2E45703B9C020BC204FA79BDB3C,2018-10-03
906818DCBD36021F3F1C62DF8A2B787C,2018-10-03
D1F53693AA457A127407EBA024A07EE4,2018-07-11
0224B89E5A7079D57A98B240CBFFE3DB,2018-07-11
89AEBF194D3F03A61FFFB9A6B037D7C4,2018-07-11
5A7EB17BF7D867AADECA2FDAF0941E88,2018-07-11
73279D192EE4941DEBE4373EC34062C1,2018-07-11
4C172770653C905EBF1BC07CCB477C27,2018-08-06
4195D74948718FD945D63DEC2992E09B,2018-08-06
96AA1DC2FBAC40566A2B90E131F3ABE1,2018-08-14
6E03EB3DFD35C31E04ECA7158A756664,2018-08-14
F89FB7FA61F2B6CAA3679E739CAB2477,2018-08-14
7FD3B52661B5030E97AA98C6449BA790,2018-08-14
6C40A2B1B7C2336EDCE4B9F346682A72,2018-08-14
A56A508A3344AB0530163C3A3137758C,2018-08-14
93FFAA9AD2259130B3613A9911F425C2,2018-07-23
8FF233DF71B4385657149819D1EDD2B8,2018-07-23
295D9E24D8DE65A010313E667131EF19,2018-07-08
79FBA27652B9524ED3F877083729DCB5,2018-07-08
71FD091EA0D28740B33A8CE935E9F960,2018-07-08
D62EA6BD3C4F5A03D3E63D906B32307E,2018-07-08
FD7785BC8C792D50EFCFC8BA128FDFF8,2018-08-11
F69F53A9BE23937F3528CC840C4958D4,2018-09-24
C65B4227D3BC9EAC53DA13D73ACD2543,2018-09-24
B6F60284DE6FD9D98BE07E37EE989CBE,2018-09-24
CFF515FA65FD9D28AE084A4D0779593D,2018-09-24
312EEB13165FC3DB9F81125601B47B2B,2018-09-24
34C193CBBF5D8A24F0324D155D786018,2018-08-07
3D7382CF3E5091189D2961E0EA3A2ACE,2018-08-07
4AFCE82C68EC1079768CD81CB4C0ECD7,2018-08-07
E8808298EB58EBCDBD87AC021925A5F9,2018-08-07
4E8A65E6E71A201D5C8CEBD90B59ABC3,2018-07-24
6FA9428194AD2E9D16720D405ED2DAB2,2018-08-05
9690B6E46BD58A8B118514973F0B57D0,2018-08-05
38D65030548914B5E167CE85B035CA8F,2018-08-05
242B37810A135CF0A8CA54D6B21D3250,2018-09-08
9F162037940FC15E9F3A3E9DFCA4D2AE,2018-09-08
B55214B5A1824143E51A3977B2563A18,2018-09-08
58ADB0EF380D27E479B336C9FB293D28,2018-07-17
B104E8DE71F10F08E52DA72A50C81664,2018-07-17
667E5135A25E1DDBEF9F65ECAB6DA3B1,2018-07-17
BE69C8215FB7A6EC7CCEA38B404CCEC4,2018-07-17
60597897170A939505105BF1863E9E4E,2018-08-30
5BF531D61D95E5A0A10543BCF2EA333E,2018-08-30
7E74A2BB6BBF4746DEE15F957B315401,2018-08-30
DD2B90F9386D450813BDAD426BB57628,2018-08-30
5C97A22ED49A8C349246F6E2737D6384,2018-08-30
76C0329792AF3B96D0029219D2A52DA9,2018-07-16
269EE73F71332F51BD32D77A5823CAE3,2018-07-16
0C5E8016F4E19EBF634A77113A1ACE00,2018-09-18
A25F3BC7C453989DF4127EEAD4F3FDC6,2018-09-18
D02E16495F73B6EF3C4846253C6B9721,2018-09-30
B1FE899BA05B7808B5535F23BB866E3C,2018-09-30
C3BE30F17AF22F7BA9E348840EB9FB6E,2018-09-30
A16FE20350BB277037EAFE6DF4DB1CBC,2018-09-30
01B251A762C06291B7681D018B43E42A,2018-07-22
9AB38AB2AE2B6B15B572DE3AEFB04363,2018-07-22
B0A4FA0BACCD710A51DE42F066C65B35,2018-07-22
91FFEA4997DB9E39A944F4B23B6A3B24,2018-07-22
190B0A8DA774DEA226A94BD25734CAFD,2018-08-03
29D576429D004584017D0A0FE1601455,2018-08-03
1D763A3E95386CEEF80C5174E6216F8C,2018-08-03
FE5DCCE817A179E9E89DECF8406E4D97,2018-08-03
A0DC3A6007EAF2385E9004F7E18435AF,2018-08-03
429A9E9B10C4120ED981C3266AE16DF6,2018-08-03
8912D1B887909C2FDE687B6782701503,2018-08-12
B9DF3733E51CA1BB9A845EE00B36D1FE,2018-08-12
53EF5C7357527DEFCBC722E886E242A5,2018-08-12
96CCC44DF99B87D1450A966D355E4A16,2018-08-12
0AFE3DE6A443BD660CDD5B1FA36686F6,2018-08-12
52084FC5F72A813BB3B8DF8B79C7F0B5,2018-06-23
784FCE36821DC86DBB8A08B517876B13,2018-08-29
9598D7469CFA9550D6CCA6C48E05895B,2018-08-29
EB483DB3F42CD9C660A3E1722BCE0BBC,2018-06-20
1ECD503B688B839F8A195D711D214DAA,2018-06-20
CB46ED7A0C52CC8F5BF3F695631CFCF2,2018-06-20
DA3FC715028E88088DD9826F4A6511ED,2018-06-29
D963E509346C0E5358ECFE56AF3BB2ED,2018-09-01
4A2A03B50BDA6AC1687703BD39A91E3E,2018-09-01
D8B77A575B5308D161F95ACF515F9772,2018-09-01
CCE5E30054C510608589FA6240615B0A,2018-09-01
D31F0611DE6B94A5F001584286883AB7,2018-09-01
0CBC523581751D977C4121B95429E8A9,2018-09-01
B1885B70DEFAC440D7DCBB520854A651,2018-09-01
376E71CB4C92528ABE7D6FDC9CBCDA09,2018-09-17
625CF86657E00A4629BCE49F5B31A144,2018-09-17
50C0AAC23307E008A37574D40D607CCD,2018-07-21
1A3C9B890548F1BCE865FC5422E08672,2018-07-21
708EC500ED27377CB738C8005AE4E34E,2018-08-08
4F7248CFE9A405BBD16E16EF2B0D3473,2018-08-08
0CE0108DD168AC70E11C9DD96C122956,2018-07-30
E39A1F7450CF54E1EEE3E5F6FB2532C9,2018-07-30
354AB7606F0F38DBF7A9B74ADE0838FD,2018-07-30
85AEDB7C4BADBE9663D59A01F1C9A1C0,2018-07-30
1E346BDCF36C730D076D6744ACFC439D,2018-07-30
31A81B7189F8AA8BADD3FC2D3EAE48D4,2018-07-30
BF58F0019C7E71DD966146A26EE99E5C,2018-06-24
A4E4317F8CB2C35BD01CDCB9E418E8A8,2018-06-24
8439664C58068EECAD08249094DD9F28,2018-06-24
6F1D57406FB8BEF80DB1C15BD056C4B7,2018-06-24
D43866E69920AFDC3D1B3E6F239E4812,2018-06-24
2BEEFCA9CA52A066FF6E073B4BF97997,2018-06-24
04349A66448260F425871B01729CB6CC,2018-09-26
DA924796CB7B5F19DA1E8FFA4C2AF328,2018-09-26
5356FA0F1B89E60163B19C88905905E5,2018-09-26
86E29652B3E743AF9DB8812104B797B6,2018-09-26
E6540065D9F237697EA676931680F2B8,2018-09-26
4BAD26C68B3F0EC7F290D5160E16AB16,2018-09-26
1332D7B006A18428BB95274EE78DE6B1,2018-09-26
ED244919E490C36963714E4C3E3025AB,2018-07-27
1F91CA88C5E106304CDBD9C769FEC3E4,2018-07-27
04FF1563F0F9C6B7CB15024E5534601B,2018-07-27
481CB078689F876EDF2BA0BA2F2E3B5E,2018-09-03
5D61E6AC342F01CDCAF3A20B02426C70,2018-09-03
A51A3E253AE3F2668DC50CB1AE96D60E,2018-09-03
7E6FA5CBE62BECB1CA50F83E4F2BD658,2018-09-03
EFB2E29B3188FEE64E62E7B315C26780,2018-09-12
C91F8F96E02CB9453FDDBBBE4B68B3A4,2018-09-12
9EEF99CE81B3CB2D6AD1C850953E2871,2018-09-12
89C5C03C730B8437CFFCCE050274D253,2018-09-12
2DC473377FAF752C77B586711AA66A90,2018-09-12
CD6C85AFFFA5BFB64F75EE3D458FC90A,2018-07-31
19313E4A79FC6AC0BBF301979E8B6E76,2018-07-31
69EE9FDF2F2C5A503484DD212696667B,2018-07-31
A70504A67EE34DD45EF82BFF86E9F94D,2018-07-31
28252A9A61C7682819BCD92FE66FC06F,2018-07-31
F3779F2B0544630A7544BA7694CF3938,2018-07-31
D085B6D6AEEA6314350B46AE987CD114,2018-07-31
59279CC4C897051599F544C19F5A623D,2018-07-31
D25BBCF6EEE812CF634A677AEBA144FC,2018-07-31
76632219C629CAC04FA90E22A4F2AE64,2018-07-31
FFB030A91BE1315EE25A6BA619E1D903,2018-07-31
C175523CE4F5BB5E65A4EC3CF6B1345C,2018-08-13
809B4A134E62B2F0428A139F9EC63913,2018-08-13
E76CBA449ABC6D410CD8B174EE1150C7,2018-09-06
2223033CF9964E05E4045421FFFC8918,2018-09-06
9EAAC1C6222FFE3D209C02C81C20F2A2,2018-09-06
A667CE2D931E7F14B2F92ACCCAF61B72,2018-09-11
0E3E6936E3AC681876BC1DD6ABE7E937,2018-09-11
B479E03C24B766F2309AE1BCD3EBC8F0,2018-09-11
1EB8DE8DA9B239516FEB747056D44138,2018-07-06
33E8B12FD99A752C7586B94FF0F8C349,2018-07-14
F261321C96F58287FDE9A3252FDBCEC3,2018-07-14
1A7A96036BE594885DD393BE84DA2507,2018-07-14
14D2CC492FA1B74EF26E9CF576C5F624,2018-07-14
71074587187DBBC766DD51DF46F84EE5,2018-07-14
9EC122C566A5D89F5D81E8E3E680FC9E,2018-07-14
A2B7DF97E146FC5AB4C8F89A94D85B4A,2018-06-22
C2CDD49D04056C8A2F99CCAF7A7FAF3F,2018-08-24
EDDD1F09F32BB54134A50D174BD26137,2018-08-24
411E2E77A63C8896D477258761988C66,2018-08-27
EEB45C2B237FF64926D08B89E1D9FA37,2018-08-27
982EFFBDA5A3752AAF4F9A6E6B74A29B,2018-08-27
A3AA17E4E34A1D128DD04ACF796D46F9,2018-08-27
3110D3E24EC1267362D1A1F380F8C528,2018-08-27
E2D6E7FE36B7CDD0789CC8F03CC747E0,2018-07-02
4C24B12A477BD284ED0304487600B8D2,2018-07-02
FFA9AE78B23263835F8AAED57713EBE9,2018-07-02
2D9E0576B4F80F8F7B8A7E99F5738E54,2018-06-13
1F907E1A794D08899DF8DEDCA4A0BE53,2018-09-14
CDB12CED18D01A0CC6AAF15D0A277DF9,2018-09-14
ABB9A6AD029F190506DCF3B87C27E9BC,2018-09-14
4EADDFEFFF468661CE4EEE680514BEE2,2018-09-14
A442D7F9DA27C9F49919933DC0023738,2018-09-14
23DD04F65B2097608958AF503FD06892,2018-09-14
7DFC677A7E3FB2E644F40FF5EFF901D3,2018-09-14
E5543EF6E46BE7F397A7C8E4D949DEB7,2018-09-09
B50DFAF00285254A92671B5CB91D972D,2018-09-09
BB4DF405F6E90DC7E740CA1DFD9A8728,2018-09-09
8890D41BD0584E02AD32F1E1F32D5414,2018-09-09
7393E3E8A1D61F2A850CD562E6438814,2018-08-04
E1A3C786B2E4D56629EE808A3A174995,2018-08-04
F0AC8F43620EAD7BD3EA00493675AA87,2018-08-04
27D0B01EBF8B78EA0B61171428EFD542,2018-08-04
28778DE05FE8E9B32044B749FCDDB70D,2018-08-04
1D8F8EBFE5F3C95F99A36F627715DF8A,2018-08-04
2CFE23AC4E3C6529D39BDADA1EF99C52,2018-08-04
5DCCE9BE91074A0EAC39594D7E1EA30F,2018-06-15
75D9ABD809B11127B88DFDD694D0FD1D,2018-06-15
57AF44C73C2441BB587970ACDD4B9B48,2018-06-15
9D8D05C9B86D9707717BFA22CB0924FC,2018-07-15
8AF6C2B07CBA18947A6C608DC3805B09,2018-09-07
031E8A6C7AA76CC5B954EE4229A5CF98,2018-09-07
B8C8015FECAD94364B76E74CA9C1A946,2018-09-07
2320A677307F45BB4941696EC7412120,2018-09-07
84B38C413A7F3C683BCC6CBCCA246FBE,2018-09-07
5441E1E2D53935E31C632E3FBAAD166B,2018-09-07
EA08B4A086F6269ADF5BCB411515361D,2018-09-07
CCF755CEF6C53A357988088F581FF645,2018-06-26
45601EB90D6F1D6D7627EF554693E1A1,2018-06-17
809360DC65F542A073146B4C1B95FF0D,2018-06-17
6D8B6C8E0800777A88BA604FA3435B16,2018-06-17
DBC07E3ECC7DD36D12BFEC862CD6B5A3,2018-07-29
C8859A791226C6027B90F72F880C3528,2018-07-29
E14E1E9DCBF77A56CAAE4A0BDBCAE307,2018-09-21
1F2FB27DD07C5B93ACEEF2842DAEEB9B,2018-09-21
C337446FADC0FB49C18BB3C9C86339B6,2018-09-21
A72CFA195EE104C2C405DEE3774CC68B,2018-09-21
7CFBD70CDF894CBAA9510562436D005B,2018-09-19
248A372CD2ED3B5D62866E77AC6D661B,2018-09-19
8AA2F0B828B18842CA7AE7B76D20A3CF,2018-09-19
6C41E4C6689C77E52F2A2FB5CAC9F950,2018-06-21
C8EADD136074BE43EEF2541E7F200D1C,2018-06-21
7B96CFD4F3B4FFE25A9EAC6A0B1A9F7D,2018-06-21
247B6B710BF88CCF34F4EC312497046E,2018-09-20
A0F4501358BD3CF59B5EC6A7C6A33774,2018-09-20
E9C2321017A4D05416B52F91E917A7E6,2018-09-20
DD0C9E0425155960EA9EC58314A22431,2018-09-20
7E4ADADD679E6009DCF88E49CDE4729A,2018-07-05
360DE5F8ADC6C2258777953DCDC802B9,2018-07-05
70492ACA85EFDCFC9E0B9CEDBBCE105D,2018-07-05
8598BD0A144E1836E3928E630817631E,2018-07-19
A0F97DB2444E45A53B34910283C4DCBC,2018-07-19
D71810A4059DE4D07F77D6B380E18787,2018-07-19
094F4CF1AA8C39F4379CC791CC65DBD7,2018-07-19
8DC5189969449E1BF8588B3EA64974A1,2018-07-19
EDD7CD144CF227FB54453390F3C06408,2018-07-07
E7CA17C672DBF5F7D469AB1B8A8110DB,2018-07-07
E4C074EBC3729FB45CFA48D9F6EA4DFD,2018-07-03
E43D3AB2F9B9055C29373523FAF9DB9B,2018-07-03
724DEDBFE6C39B53BC4B1E222F9BCF31,2018-07-03
8F5022AAD3729CA09F038B3E44BB83C5,2018-07-03
4A47A98F4565C38DBABBE20B803D7FFB,2018-07-03
6F90140F6B66544AAF9181C740122566,2018-08-28
0EDDBC2BD5A3A171EBFEFBF534B9C3C8,2018-08-28
9A50BAE8E0C1D60903A761C361654791,2018-07-09
BB679B94B0DB34FAF2C2B541A6143F93,2018-07-09
96163E7AE6419F685350E18D348C6EF5,2018-07-09
8C5B32896A06D9EB916F80758B608F5D,2018-07-09
EE07F52A618BA7AACDCD6712B01F945A,2018-07-09
F0DDF083423215EAC2148F4E94ADFCA8,2018-08-26
C6083281A4BC8AE2E4D7C19D90EB2EBC,2018-08-26
0B77ADA5A9D24037334C6E339894BF64,2018-09-29
D3F02E8E6B2281D6C1214564C86CD432,2018-09-29
A8001F5D436062F06495B1DF426E7515,2018-09-29
9B42ED4D03FA8B77B772CC815CBB8081,2018-09-29
9FF3330617722CBCB12644B02BFC5EF5,2018-08-23
CFD21DF2629D9493B5FB0A0971370481,2018-08-18
751B06814F2E7EFE53CF17EA6A435B58,2018-08-18
A597F7A410BF0E7390E4C49AFEE32436,2018-08-18
35B864A5932E1A0A5F30D41B9F56112B,2018-07-12
2276FE6CB99CED85F2A038871B9D2E0C,2018-07-12
65736141DB8367BFC7F686D4C6B28634,2018-07-12
0545C2BABDB15C6A952ECEA222E8F5E6,2018-08-15
51E3AEBCB31617B0A5EC1A48877E9A70,2018-08-15
F475A23EE0B80DC59250CBB1C35AFB3E,2018-08-15
A1377ED195838AEBC979C6884647383F,2018-08-15
49E983E1361F11F5205CDA4289B71003,2018-08-15
42FD59DB45780687E48767898C09BC14,2018-06-16
748BAA91A1AD8E7BEBECED67F927A2DD,2018-06-16
37A3C46088E501AB87767546AA7AF421,2018-06-16
4CCBCB01F77C0D0E2AF130E65F81FC8B,2018-06-16
A72681F557CB7A9F092146F16510D393,2018-07-26
1411655CCE0C545C2B6E32F6DE994D9E,2018-07-26
112CB2002BE857C7D877423F153071F2,2018-07-26
79A80F87E604F93AE1AE3281A1692495,2018-07-26
F0B196A54C40CDF64768F4266EA4B9AC,2018-08-02
42FB08DA0D5FB4A6E9549F1579A0EC01,2018-08-02
5D6B4AB50BDAA0837F64B96CF6CDD601,2018-08-02
A1102C7F5C64168869AD4E83CD9EB9EB,2018-07-10
2979D1B301F7F36C666AE78523223737,2018-09-02
F7446F2E053CB8471C69F9BDEE202A3C,2018-09-28
93FBA64C0839A5924AB286CEE4098281,2018-09-28
6E824AF7F592793A79DAD4E66F66755C,2018-08-25
0EBFA4E65204368F8AAAE195C7D070DE,2018-08-25
A22203F592493C8C4E00D05C9FE26403,2018-08-25
8B38AE00504B75A9ABAA20843DF4976A,2018-08-25
DC19D85E54278EC4524A1C057042FE2A,2018-08-25
B50C6E5C4A4D363E3D982D6D2E1EE0AD,2018-08-25
C70D7B092E7900B08A63C36C5D908CD8,2018-08-31
A2D0AAFA35E66B8372DDAD76450A82FF,2018-08-31
3F99834225910D961F9DDEF4F2544260,2018-08-31
280A7B998E88ABACD33E131F24B43203,2018-08-31
2F1FC7EE7CB3BBAAF99B5788648A7E81,2018-06-14
06FC465CE7377E44C22F05D2A83EAED2,2018-06-14
25D6702EA0A98A6284D9FFCEA0D764A4,2018-06-14
7FECC00F4524268E5D2CC904ADA72584,2018-06-14
6C93FEA18D6B045DBB398D2CA27670C5,2018-06-14
6353DEF647A531EEB7F7B124187672CE,2018-10-02
4EE71C8E9A2AF15C59EF8257FA3DE065,2018-10-02
6AC397F7FE54863A882604760B0E8FA9,2018-10-02
4A9684AFE6827E14BB7C9DB72251F4CA,2018-10-02
1A680B9674C243A5A93E6ECD92984381,2018-10-02
FD034D7D200F23C38A941FE5BD5F1042,2018-10-02
7F39C4E745C538FAEA192DE4CE2F5BF0,2018-06-12
96BF863C89BC48B9E32E28BBE430BE59,2018-06-12
97073CF2DDB11AA6671A94D0729079EB,2018-06-12
7AD772ABC639D8C0C7F1C05ECC7818F0,2018-06-12
234DF385B94B51B87B2A5BF5B185739E,2018-09-10
B654CDDD4CC097495BF30819077AE75C,2018-09-10
FB93111870E88232CC10EA7EA2BC1272,2018-09-10
C4B5665949691B3EAF9E3BE0B5ADD793,2018-09-10
1C5852C0158D85B4C14E6AA1FF9E7BCD,2018-09-16
6ACE5BAE10ED466414D55E135A3A4CBE,2018-09-16
29D150D22AF86AA1AE6B56F5B9123D43,2018-09-13
337A3F347AE32CE90A631DF3028500A5,2018-09-13
AB5E4A93E331EFF2410A9AEA19AD3C88,2018-09-22
8EDDA1DF0A706C454685D6F1412A9A24,2018-09-04
7753E49F3A03207859D8578A1F43D7B1,2018-09-04
40670948CCFD348CBF50D26257DB215E,2018-09-04
0BF28246916A6D54E16290E925B16593,2018-09-04
C1B99E9322995E3A64E8607C1DAE7FA7,2018-09-04
EF4F7A943C2A1C2BEEAE0FA00C253EDB,2018-09-04
B4653EE7AA5AB38E47F66AAE2F708BD9,2018-07-20
C932D21ED052F52DDEAD4C6FE8ABF7DD,2018-07-20
BE843AE985DB519DF7B2802013EA7FAA,2018-07-20
5DB4BEE5E42B0B4090B5EC05F6C9EFE9,2018-07-20
E6C16943470187BB91B5572613966E88,2018-09-25
BA3F0AE0F8CD45F6BC4A8419C8704656,2018-09-25
2CB523AF7F30297524DAB2001FFE2EA1,2018-09-25
DAB82A45AF65FD32E2CFC971F6F33E3A,2018-09-25
0D849BD3241F4DF37ADEFA2A5CB36EC4,2018-09-25
47647C4C68BAB7131B4EE2EAB8E2345E,2018-06-27
0D17D0247F158FA3E40D21EFF46D1651,2018-06-27
92B24CCD9BB089EA5EB113072F6202EC,2018-07-18
5DB4D9694245397E2381D3AF8F98A5AD,2018-07-18
D9B4EC35EBBA4C2F9198A3AA08C4ADE3,2018-07-18
B27F6463047977351E76AEED8456E9FF,2018-09-05
FAFE8C032E4966360D9D8E532D8510E7,2018-09-05
601BE700F4854082539210BD2EAABFD5,2018-09-05
C57F79764C2B3F64657AB2BF3921FA17,2018-08-01
A62D86FAFF43F1EC89D6F867915D7D56,2018-08-01
F4EA0F2888792BD62555AD46ED534839,2018-08-01
AEC2CA5E93CD385AF322CC8B6E9C5534,2018-10-01
E63C6A09F5D06DBFA6FBF832AE8997BE,2018-10-01
3E57621C646464D99ECFAC0A4642B398,2018-08-22
E9FAB40C08950F9B2927F6954DA285F9,2018-08-22
A677442E9D284590F976180D77E3DE84,2018-08-22
BBC7E4A6691A125A2926873804AB5B90,2018-08-22
FF6488918D5210F79676433098CAB3AF,2018-07-13
A2281FA1184C2133E29BBA7867CE8772,2018-07-13
B2BC6242B2C7D226422B758664BF064E,2018-07-13
88478B5E63460760FD82D385A6B59A8E,2018-07-13
8360BA00B7527E48023153E7D14B6D59,2018-08-19
3899E2E23506251A73D3A0DF16C8661E,2018-08-19
51350F5497804E91C6311DC404F392DA,2018-08-19
0160EC4EE75522ACCC890FFE836C8D8F,2018-08-19
717B5FE4BAD7E3CDA39EC29D0ACA13C8,2018-08-19
46940B869F002DCFDDA860189AF77F23,2018-08-16
C11A5633BF6F5C37E2AE3EFC269B69E3,2018-07-04
4DF0974323ADE2EF172CFFD894C65B82,2018-07-04
FCCCA96FC69F9ABD2CE486E809665499,2018-07-04
0A4FDD90E8D0EEA92BF2382AC1A2F630,2018-07-04
0F5B9F402B147B68F342EADA4515B542,2018-07-04
DE39C2A4BA199C8845AC0932C2DA31BB,2018-08-17
B6B8C0DA3E4895115A7C8E09B23AA079,2018-08-17
A01D5D6CBA39124B941D81344ACBC9C9,2018-08-17
604581EBBA6CECFC5D56550A4C8BB3A3,2018-08-17
CAEEAF95F1BA12CFD6A5D3C7DB1E5EC5,2018-08-17
21A8AA9B759F44F04F8BDE4AEB9CF4A9,2018-08-17
8E3F5E21DBD60F1EEF4CA7BD7B36E933,2018-08-17
CED40D58D49739D575C4FE563CF079D6,2018-08-21
82E19322741E476045ECAE2EB0AEBC5B,2018-09-23
09C86D1AC1157790D843CE99A9C89792,2018-09-23
40159889846E4C8393D304BE4AF4B693,2018-09-23
21B30AE758BA6C7E73FB9E0D139A21E6,2018-09-23
C372FBA4C25362D1F58FFB6C66AF7099,2018-09-23
1B24C7FF5C0782451176BE19DB47B3EC,2018-09-27
58C6DA2410672A28E7C098EF588CF22F,2018-09-27
237BAC7422166D00F55077B9DD48A6D7,2018-08-10
952593544FF78585E08BCBD1E858B570,2018-08-10
3AC32595330166DD108922E4629617EE,2018-09-15
64EFB74A85CD4051DDA03003FD81799F,2018-07-25
72765BA68400D4FB0A4B3E926A4C8428,2018-07-25
914AA1EB43AEA93E0792661F07B199A1,2018-07-25
F0BCB66A511AC6CDD0096DC548D288F9,2018-07-25
64047529C45B714EA9362C6671577E12,2018-10-03
87AD4CEE7CB684F336F8BDE81BAA6F84,2018-10-03
D8C7E1871808BFD23277C7DE93589F97,2018-10-03
070F163E8E59260C722023967BB1C529,2018-10-03
7D7778B18BB66F757E49861E273156EE,2018-07-11
77D5FF20DF909CDD790ED52FC94AF7BD,2018-07-11
65C212776D61E6F08B902C2413E96A14,2018-07-11
888D1C6E8DD15927E6DF8103110472C4,2018-08-06
D47A8C577324D9490FE424B0A11154D0,2018-08-06
7D9E4CD01C4E4F1768A0DF5CDFDD7753,2018-08-14
8421AED5E4805B26A5581A5AB71734BE,2018-08-14
40C85E00FDF820D19E5E55534DDBAE68,2018-08-14
A665B189D13406F392208230C9B631CB,2018-07-23
5162969F86FF3415BCAA129B20C94C12,2018-07-23
EF06CAAB586E4C9464A4E61E6B3E8D47,2018-07-08
276EA0F867FD5E24356C984081FA959F,2018-08-11
1AB36A765847D90D7F029C21FADFB3F4,2018-08-11
7CF3B98BA255D1BAEBCC34B9B876439A,2018-08-11
58F84E35CFB6949ABFC594E2E5261BF5,2018-09-24
6ABFA27C0F1368F4D73B5A807362EF11,2018-09-24
25383A20AD94F12A0E73574F7E192409,2018-09-24
3C24334270603160F1C27BAAC3B9B714,2018-08-07
78B79C3B3B586B7C8C26B260D3A4B186,2018-08-07
5ACF1A6BFE350F7BB661BF389AF7E2F0,2018-08-07
2B0DC55FC762171A7E975A1321528458,2018-07-24
1D6E665E08FA59D135C68CD3E8B0A85B,2018-07-24
6DDE1080AC8A38C5E8098C3FADE135CA,2018-07-24
5C59D8599904559699BCF406D01EBFE4,2018-07-24
CABB19A642780994D8EC3CEDC967265F,2018-07-24
DA3C9C4030E4A77B185F73EA17394677,2018-07-24
7954F970C93ED6F9AEF04CE25CE871CD,2018-08-05
F7D09AFD89AFEA294B430C83737224A8,2018-08-05
4E68A26D72DE120819F9FA3AD7482EF4,2018-08-05
92D613354268A0E592A3032CFE1D7987,2018-08-05
EC3BAA23738340386BBAD8114221E1D7,2018-08-05
45FB547C5857493104687C234EDCDE37,2018-08-05
03915D9B9DC76855CC63C18E94C93760,2018-09-08
A55B626724F60649C4B4BCADD4E82ED3,2018-09-08
AE257B45A80D36AAE84F28E46DBF6644,2018-09-08
C14E59053D226EA7BAF274986A65CF34,2018-09-08
CA1D9CD8A70E9AC08812D8CCC42A2F61,2018-09-08
74FEEEC5DB278BA33D32E42C5A152BC0,2018-07-17
EB99C89019A942D2EB163306B7EC89EB,2018-07-17
545365F1F32B49089D692761C23D2A84,2018-07-17
310228A29216613C01B08D8B37AA21E1,2018-08-30
DF65957847083EEE63E9E7E4499E3153,2018-07-16
22DF34962481295121082D8C105EB436,2018-07-16
EDDB296A830C1EF96E3C2DD26F1EDAF7,2018-07-16
87446ABE4CFD9FDD936C0838442FD9E8,2018-07-16
98855C776EDC9A25108F347E3AD89E46,2018-07-16
5BFB6CC6B3E4271086B1E1B58180B56A,2018-07-16
6421D34814C3C85F6D9010ACBC6590F0,2018-09-18
B4D11E4EF84093E985E1938CC1ED8F6C,2018-09-18
9F6B20994FDF755E6C19B40D38E42BDA,2018-09-18
DAF141F472D17743253F4D63CE62E81C,2018-09-18
31512E1E5F1F94F5ECC96BD99E79D66E,2018-09-18
5B64EFC31A1378A17ABFFAD603A2E1B4,2018-09-18
645974545C7B4E4FA3ADED412466A940,2018-09-18
5C52899DDE8868C8690879B23DA6DAC4,2018-09-18
6192827C86E00B88E6877085D46104AD,2018-09-18
9AA820D68B352AA4C4D4BB79629E5E15,2018-09-30
90F92D43F57A9B2E082C5A60D9F617E7,2018-09-30
8CA722F382E4DFC3B210741B095EA491,2018-09-30
80C6CD273ABFDA169B95411AC29FC8D3,2018-09-30
5B5E143556AF47EED54099306EF47CBE,2018-07-22
3F00AD457A4753DA597940E359E9DE99,2018-07-22
792AFD64D1318EB66C69F97D2D070916,2018-07-22
23C82F7805F34B539BB5509CAFEA75C3,2018-07-22
7F7DD65D0E41B3A00DB98B07B60264CF,2018-08-03
6870FFBF31EA0EC710FF2A8A867B99DF,2018-08-03
9D080010659E58645D8E0765DF83ABFD,2018-08-03
F537571E913C8547B5B8E41A0A8A5AB5,2018-08-03
43D27F6D77E6A3B68872B6786AD0DAB4,2018-08-03
46CA92D04BFF870993303FC1731896E4,2018-08-03
7C6336A0718631289466CFF739C09F78,2018-08-12
9CA3038968EF9557D6F00F7690927680,2018-08-12
0D601508AD1F1005DAE72845C27B9534,2018-06-23
D744C3C96CC0E370DB6994F28C1B03EC,2018-08-29
0E81216D87D16AF0DF655553ED8BB456,2018-08-29
8F75FAE8C9129A7B666A7DBA014898E4,2018-08-29
C63823EADC246DD7B610933FF5854022,2018-08-29
E1276C0BE9F4591AA1068726811F20F5,2018-06-20
599F51830B4E8DCA85348F8BDAB96585,2018-06-20
AEBD9AD786D08DFF0B862FF87C9E9BB9,2018-06-29
BB04ADFC36810787A70AA8B798F7065B,2018-06-29
7AE4084BAA29B1987E51BF2964646805,2018-06-29
F9E0DEDB9995541CB15CDA100C740051,2018-06-29
19094EE069586B9DB1EE9A19F3B2ECD2,2018-06-29
4706B1DFC3945AAB8B7A170E91F45A53,2018-06-29
CEBA063FD7BF190D727CC948185CCEC8,2018-09-01
61BB31EC7781341B1D7B8D8A85688DA3,2018-09-01
5F5D7A3F5575008A81BB77CFE70C4285,2018-09-01
9BFA7230B5A1870CC8189460837214FB,2018-09-17
279BDB8D62122A83EDDD1525D42D50DB,2018-07-21
E977791606E1E581D0C7831B41F3A70F,2018-07-21
0F24544604D3C9D09AFCEDF0804673CB,2018-07-21
B49D910719C2E687FA278E5E0AFE74C1,2018-07-21
91D0EA986B43DC75ABB6A324848B37F1,2018-07-21
BFE99B51F316372640BDD14B9625C0F2,2018-08-08
E806F12D29E9F873BE6EAA01CD1E1B4F,2018-08-08
7408576C778D414711503D5EEA3E4C1B,2018-08-08
1814CCF8B0BD30480C6D375743010FAE,2018-08-08
8CB5CC0B9208B54662681541E1B42059,2018-08-08
05ADB5880B9ED3FC4E47DA73F309A891,2018-07-30
B1D1ED35873581A23E48C4CD03DDFF81,2018-07-30
3A18031D2051200FEDBE392EB42490A6,2018-06-24
985F451F66CBDE8F3D4AF608CDEF5B46,2018-06-24
713C00D8E2137116438668D9A7D90A13,2018-09-26
2EC341EDFBBFB0D1C449264FE5C74FF9,2018-09-26
1CC6E98A2D1E0AE7A4F31E8B3ADDE2BE,2018-09-26
167B78C1DC2F130C849A115F41586452,2018-09-26
7119284E9BA39CA0414A27EB2C0229D0,2018-09-03
E993BC6B5A2E0A3A5668FC8D50DF7D57,2018-09-03
F986632AFF804C2B2AFEFBE2C8B7ACBB,2018-09-03
3AC8672A9D3E74108AEEA08B26D9DEC2,2018-09-12
8C6CCEA6E13A579E2580DB3803CA884C,2018-09-12
3AA042E36A2D0E0469FB22A945BE920F,2018-09-12
18EC2B6332FE31C3B66AEE0C7C43D3DD,2018-09-12
58C5083E605108218DD38CDC5B6B5691,2018-09-12
B65315819D817477B810CA2370FB5935,2018-09-12
538A8690A6721BEDDDE958467C263E44,2018-09-12
37A4A5CCEE0FD6189187EDFF41C6F413,2018-07-31
091388C56320BAD849DFECDA01605D32,2018-07-31
32BB0517B25570ED5C7B780E6B5B63A5,2018-08-13
5A680416BE183F63D0E83A662E9B2FB9,2018-08-13
E730097121F6790373D1BBCA545FD946,2018-08-13
2BFEB4CBB17A39C8EF5E5CADD928D780,2018-08-13
4E5647A455805C83E587D11EFC1EBAFE,2018-09-06
A63731F3B013758D196E8DF7DEC4C078,2018-09-06
B448CD6AE12F24E1E123EE64DD38677D,2018-09-06
5818B5DEE7C4EE35F531FF5ABE0475CC,2018-09-06
735A12965F3B0724C4E3951F20413BDA,2018-09-06
F2D468D41FB8611C8741B01EA2E1F0EA,2018-09-06
7D2B206A0B861F0D79786D4B4EFF7ADA,2018-09-11
04057328B7683ABE11C40CEC50ABF2C1,2018-09-11
72A3AB64166B5D4CB2CE46D47CB562EE,2018-09-11
402CAB23CC5BA21C2FEDCBAAE6EFECD4,2018-07-06
370CDFEE49990E4A9A1FBC0DC5C31C1C,2018-07-06
B96CCC650D407E88D9E1CE1CED49555E,2018-07-06
67820F8EAA8087726BD8BD7AB488FA8F,2018-07-06
CCF12E0E5BAC8F34819F79B3BCE01EEF,2018-07-14
BA6C48424B6304837765E465774BA8DD,2018-07-14
8710FFA956832D3CDDC8E9F3D1F2E05A,2018-07-14
A0E93D033E25966AB516BE78D143DE7A,2018-07-14
C0A10471D0E2C313C537F256BF23CFD7,2018-06-22
99EFB22FD8C92AC1CA1EAEA79F6318C9,2018-06-22
4C3BF4A684EC9E6CB19B3AD7B0FBB334,2018-06-22
F3B828F6494B7972EB521C528012C2C2,2018-06-22
3B52FA12C59D046873D8698592DA08EC,2018-06-22
D5DA58BD6BAF2097948CF30DFA34FEE8,2018-06-22
9C51E4CF87983A8D97914EA52AE0D15E,2018-08-24
D044256146101D1F2CF78A856A89BCC3,2018-08-24
46620EE6C67C1DA11E2DB5D63DFC518A,2018-08-24
F96C54A56E0002103C6D90D42C57A9AD,2018-08-24
EDD66130A0CFDDF397F3BADF9F76EEBF,2018-08-24
A9375BCFD6BA93606C805F6B1D15D848,2018-08-24
6C7BB9077DD8569EDC4D4FDA0634FFDB,2018-08-24
539BD685A2A648C47BE6269949FDFF2A,2018-08-24
DF549DCE93C72D29E3BE821626D78937,2018-08-24
C51C2D1651FFD1956541E126BD6B724E,2018-08-27
D234212C4453672E3B8E013C7A7307C5,2018-08-27
82E3E21902A92261A2C75FDA2A49D7B5,2018-08-27
B7E1645D07FE202F218A6EECBE0FF16B,2018-08-27
D346B043BA806C60D58A1D9E457E141F,2018-08-27
2153C36F9ABADBC957F8403899AE4B0B,2018-07-02
4A47422A455E62E3529DE4F9F3BFAF66,2018-06-13
03896D205DD7A729C6D1269749A0267A,2018-06-13
F021650F621A5203E088D0B9D100A9A8,2018-09-14
53A524139448D0990CFCD5530D6D33E2,2018-09-14
CBB7EE79D99E5ED146FBBE497D20FB10,2018-09-09
159B9A0FF4C25FEC85D1207C157E2CEC,2018-09-09
DDCA4EFE480E7CA3EDB724EFADA5BFC8,2018-09-09
75FA03FB567E73743CCD088BE766A525,2018-09-09
4D010F272D59292B2285511215176322,2018-09-09
15CD7FD75B0E6F422912F0CBC8123AD1,2018-08-04
55572693175EAD05BD53E8AD7513F379,2018-08-04
3CCC49DD05DF89B1B103E2C22366AA0C,2018-08-04
2357128F5A877DECB2C8FCFA8101884B,2018-08-04
1398FAD131CAB04B4B52169E68620CD2,2018-08-04
3AD64584A2984F15CBE7667E68A58572,2018-06-15
22A78172D80C16E12B45C62A746F1461,2018-07-15
28AA4A0542C8873691715C284D13C34B,2018-07-15
B6BA0A7B30C70EE6C34956C88563B361,2018-07-15
48EA1B5A51811D700199781B10C48121,2018-07-15
2C33E7A3E02384439F6F3A61AE37D6AE,2018-07-15
FB06AF1BD3F3737D1FF77A949823A580,2018-07-15
9EEE374E4BE34101A39330BD8191446A,2018-07-15
B3193CB51D717A22246A836C64A65097,2018-09-07
2C9A6D36285855C29FB73A0D7FA47BBC,2018-09-07
3F9A72FBDB9E11A90E0AD33265CBB1F3,2018-09-07
0E7609CA977178EC4C6F0191922FC45A,2018-09-07
935653C4BC596CCC45E040ECCBF1D2F6,2018-09-07
21DCA7DC9C0479FEE7081E05188B6258,2018-09-07
3293547F418353370B43334F9CDD0BDF,2018-09-07
E0C94FC01DCA78AC331534111CDBBD32,2018-09-07
B6E6FA98F04FE22CC272DB5183B48763,2018-08-09
8D76B80E2CCAE0EDD0F2D50D1ABCC0B3,2018-08-09
A64D09F4DE2FB21E17EE29D7B77081EB,2018-08-09
71760E83C4579A53FE11B8C808677711,2018-08-09
336FED02BA10D201C1B88C1CECB2E9D1,2018-08-09
2CCA4395A5281BAC61DD7C846837F50B,2018-08-09
55D0D1BA434A21FE47B81B22E732578B,2018-06-17
1F40258A3B62E43C498D602201A7D9E0,2018-06-17
67D16925800555DDF67EEA801FDCA559,2018-06-17
16F21707AB536E83A9CE8EABDB5C4E95,2018-07-29
A9F5CC6811A363B671124943547E3631,2018-07-29
70646770530D6BDEB05AFC16DD2559C2,2018-07-29
D4B90F489AEED383CB46669EEEB12E92,2018-07-29
B169C9EAA544AC9A33B539ADD195BA2B,2018-09-21
9F6E12926C868731B751738A9AC5E068,2018-09-21
14C7B09208FB639F867F05DEFB6B988B,2018-09-19
127A3DF5245F2E0AEB1085403FBBD713,2018-09-19
8BFC094ADB7C9840E2F95B2921F9336B,2018-09-19
B2BF10143FF90ACF11719DA740A2F88B,2018-09-19
E4F69BC56125A877A650DB81DB51D5D0,2018-06-21
BE0755F3D6B18FFBA63C9137B89DBAE7,2018-06-21
FC2DDF0F37BB211D565307010B1B30A1,2018-06-21
2A20B3468A1A2F1A5F02152185557F4E,2018-06-21
7B6CA3391592F0D3B11865D782C685CF,2018-09-20
FA714B1805AD139FCAF700ED524D70E9,2018-09-20
DFC2120907EE81E1836E3A9E257498C9,2018-07-05
22DC6A6AE86C0AA33EBB8C3164A26925,2018-07-05
C95B2A35A6BC7C94839B2FF05FE914CF,2018-07-05
906490EA8F6D8BBA578F7CC150DF731D,2018-07-19
06B95A287747969EA536281F69C72096,2018-07-07
14CE6D01072B5345D007545B4B00A003,2018-07-07
7E438E53A94A9E6EA6531E272C86F512,2018-07-07
35F14977E77C94FBCEF82E5524637F59,2018-07-03
C173C4340BD097BCB5FF94ABA9C2F0A9,2018-07-03
4193343164266373A13B35D5D04053E2,2018-07-03
BCD37BC09EFDBC9BEEE314EBBF815D01,2018-07-03
A3384A85706F346DE8E7B3547A41EEAD,2018-07-03
043BBE7A49CFB1ABF4FA38E7A5843A87,2018-07-03
535E4C970EE911C2BC2A5B7945F283CB,2018-08-28
DFDE5425237185986327A054407A09B4,2018-08-28
65BF56455C9B2CAFE68AB07D23A7EFF1,2018-08-28
65246483AC0A6D1846E27523CF93041E,2018-08-28
9CD32E150A48D09944338963BBE1EA18,2018-07-09
5ABAC6ACBB5B636AB93924ED9769051F,2018-07-09
D03A64B35BF4F5AA3315A15D9021A7E9,2018-08-26
CB4A2EA8C5ADE49FFC648DF400CBBF8A,2018-08-26
E2D541163121B35C342178FDA98CD3DC,2018-08-26
8310DC2A15DC92C13DF598D4C7C35F9C,2018-09-29
C41C9EBC886687E5E01CC9F156EE6A45,2018-09-29
10D2A555EF3178ABA4E39A086E026F29,2018-09-29
D7EF597CFE7E3923048F66F89F156165,2018-09-29
7F65261B59B6FE49C42DF93784F80307,2018-08-23
54DF823029684ECFF20528667946AC2D,2018-08-23
98DAE39C81EE21654D2AB4D4DE822B03,2018-08-18
94D909038FC177D0047BA5ADA0812948,2018-08-18
5650DAE90041347FBDF416121636345F,2018-08-18
5290D00975C0552C32958AEF8D676029,2018-08-18
4B318E1C0D8D4FBBEB6C9806947B2604,2018-08-18
C0A246416D06E82892A4CBD5291DBBBC,2018-07-12
7E7795F50367CF4CCB55C57190F07860,2018-07-12
81C75CB599BE7E11A66110C3FE9D0050,2018-07-12
55CA70077121BAB756139482239C7337,2018-07-12
EF1CF9C1C84826BE2985E02194F65C38,2018-07-12
62440E2EC0A24E9FB2CF09E230FFDEC4,2018-08-15
BC575A719C37E1C2237B79FE7FD3F7E1,2018-08-15
706FFCFBAA254E9734D74D6493D4CD2D,2018-06-16
36B334DDBBD68E73D0D7F65861B14133,2018-06-16
4321FF8719E00733FDAEF266068DA895,2018-06-16
F8F974AD2BDA35C626EA3B74FB21A243,2018-07-26
B031972D09407ADA6FA8382D06AC6E17,2018-07-26
927440EAB12161D8B4A209CCB8B64D4D,2018-07-26
741158B569CC8819D22360847628CA7D,2018-08-02
ECC86F55D599ABD6E88F68C3E7CF53CC,2018-08-02
F454E0D882BF2C7E1E0DF7F96DF78F3B,2018-08-02
310D44D95961BF9754C9948AF6F437EA,2018-08-02
12D15CA29CFE3CBA400CE28F31CDFEFC,2018-08-02
CC8DFD648FF20954F47DA8DFD9AE58B5,2018-08-02
E67E5D7AF8E668290F7BAEBE7A7683B7,2018-08-02
988E20C1031C6FA5301C7D2FBD90A4BF,2018-08-02
7432B1A3C0CB18E6BA5E0F14F1105980,2018-08-02
A98E1D2B3C99339B983A72DDA9692C26,2018-07-10
B1DA33F4B75CBA4F8121EC45E13608C2,2018-07-10
AD7512032E5D05771B937E911F8212B5,2018-07-10
FB05C8C9030FAE966A9F354C50E2A83E,2018-07-10
751018CE835AF22D782F2DD95FCD3429,2018-07-10
60CF95FA33182F350DB929F6825950B2,2018-07-10
2FF03DA9419A1F481A0CD9350B87C171,2018-09-02
D62EDD239EF72D80713B3414F1A7C541,2018-09-02
5E58C0F3FAAB4205157FD4C8175C51F3,2018-09-28
3B2F510266EE4C430F9105E6D77F9084,2018-09-28
77538D72AC418FA45C2D6CDBEB4BBF49,2018-09-28
5CFEDEDC41260F16B91EC96AC8D56861,2018-09-28
FFF70F21DA7467B717EE2313FAE75A78,2018-09-28
DE9B57ADB713AD87D755A19E5827551E,2018-08-25
9671D4765AF66016ECBBE23BBC94B47C,2018-08-25
0FDAC2A4A154F9E946D749BFE67B1FCD,2018-08-31
8B7110AC0A6E048628AB4BCC751E0A09,2018-08-31
3C1972F887FD4EC6EFF72B7A4ACC9BF9,2018-06-14
4E23742433A5840472CD79E85B9D202B,2018-10-02
C0626DDE3E6595365D1A1245EC0A36BE,2018-10-02
37E769430F6729B039118454A79EE6FF,2018-10-02
AB47EE46761CA3B3D3E052E149BD9826,2018-10-02
D8F5521E259CDF3AB0183942292C1B7A,2018-10-02
2AF28461D35A78CEB9095B9875F5A1C9,2018-09-10
8BE102266AF2AEC727AE08D0A5241DE0,2018-09-10
46EDDDA8F8957B31BB65719B7590CACE,2018-09-10
BE1AC8F8F0A66163CE5A07109C322235,2018-09-10
7D00CBC7C817DFD9E744B384BE9404A4,2018-09-16
56C13EA0BBAFEB544DBA5FAA4C5E3F81,2018-09-16
CB8A3D411FD0774D5846E6995D5979D0,2018-09-16
4ABF69A40A3BC6057CD49D74A6C18AC2,2018-09-13
A6B4F42B3253164CFBC322BC172ECBCC,2018-09-13
FF2D6D2366E710D0FBF8BF00D2081ADF,2018-09-13
57E7A689A86A94D750A4C68220DDD679,2018-09-13
05951D436A3D1931DB8229653C18C618,2018-09-13
C93E354578532220B63A4A7151D1C7F2,2018-09-13
D031112AF5E886F8CB7B5D88C2A6EB2A,2018-07-28
1CE56A9F522F3A20309C500016A7C707,2018-07-28
A570AE92F13C8E94B13A51478BF96B1B,2018-07-28
B7F7B01204A87A92985FCEE1F9880681,2018-09-22
BB424E5E3ECFF562986EE0C0ED4C4BFD,2018-09-22
859CEF4892A61AB5325BDB57A5B1CB0D,2018-09-22
90E348A71BE256C926E1F8A86314D583,2018-09-04
72A69D1500F86D11D2C44FBF9680711F,2018-09-04
599AF3FC36DA95C0D1AC94FDD2886205,2018-09-04
CD4BA2C39BD29CCD0EAD9ACF7F788D5B,2018-07-20
5249B4686BC5038FBFE36A3E6CCA5B72,2018-07-20
F1E7C01A166C846DE3F3D6639DDFCB4B,2018-07-20
7E7E304C3FAF436BA032F2DBE888156D,2018-07-20
4E082BBA23503F6DE2C251B0AC6A31A3,2018-07-20
FDA8A551D26C1E9B42E57170401C8AB5,2018-07-20
B9DFF32CBEB23C14C0CA2E839FBFA852,2018-09-25
8B99ED08546E3BBE23F19B5872F0D880,2018-09-25
FFD8392E44271E3885BA8C2914B6B377,2018-06-27
AC68EC09273CA748F27176E248F031E5,2018-06-27
C0FEA1FEDD1E408DCB2DF84A471AD280,2018-06-27
8CD638D1C8B7A36BE8B3C73195BAE010,2018-07-18
B19501509EADDDB42342340A93E2BAAB,2018-07-18
AE158E6238A048413B91B5A50D08810D,2018-09-05
C790EE2C97A43C374BEE7B516CC8615D,2018-09-05
1CE53B7BFD311B79EBE02347FAA21B4C,2018-09-05
8B9934BC891E0F96EE43914E6EF11A7E,2018-09-05
6864FAEF53F37A2ED51664DCD0F0BAB0,2018-09-05
E67AAD89794950F36FFE36E8DA277021,2018-09-05
171871CA6AF9A891FB7B3E19CD144B2E,2018-08-01
7CB9FDA17938289CE3019602888EEC58,2018-08-01
7C7C8524146AA5006BE260A041101DF3,2018-08-01
C59286E780962666D2A9C13A478542C8,2018-08-01
5D0FFF917C2ACDE63FB813CF76CC0394,2018-07-13
5491B1ABA7205C8BA302A395B71308F7,2018-07-13
A776E19B897A79CDA2590F41EBAE647A,2018-07-13
4837045FF7C12C3E661F916D5792B4BC,2018-07-13
CEA3143B383D0DDAFA5AE95F749336A7,2018-08-19
7D8289195211A97A91C96AEF728E9238,2018-08-19
328BCBD0A50938BFAC3FEA27100159B5,2018-08-19
4226106FE1985F6A51A3E8A923FA3A43,2018-08-19
F9F7DDA79A4265363A0B0B361C197338,2018-08-16
B993A431A2387544D245038CAAC2A80B,2018-08-16
E15CC599FA923B9D51503DF30CC3A40F,2018-08-16
74A96A24D288A625E8F28CA86B895433,2018-08-20
41AAFFBA4CA933C9C7972C99108293DB,2018-08-20
44E112A308085F7C3173624E281BCC14,2018-08-20
2F7CDBC4F07C87E04A1F12F2BDFD132E,2018-07-04
FCA08F9B0DCB6E33A74F672CE7F73BE3,2018-07-04
552965082BD30DCB6DEE83242EB4E40D,2018-07-04
FB581F2AC74E08CD38CCAAA9A99F0217,2018-07-04
09CAEE95CE99F27D00EA630EEDBCECA2,2018-07-04
F0D6388DD41B3D262F73EF05C790073A,2018-08-17
FFD44153572065E379B7E96916F730B8,2018-08-17
057E99F32357346B16DF4AF17B0B3A1B,2018-08-17
5BA691FA0C509B9F8909E7FFC0C88FEC,2018-08-21
373016F8F89C087DC8C89E06B362AD1A,2018-08-21
3BBBF9670FF8A13D25833DE6965F6555,2018-08-21
DD9205509DA2F9DFA16544716C9E3C35,2018-08-21
826D755FFE3C52017D944D3330309379,2018-08-21
1ECCA9BFA4F04D96DB287D32F05A6F6F,2018-08-21
DD0B5B3FDDB53B4D12F984A0DA6E8C9F,2018-08-21
C83DB20A4364A88C81A58AC7B47EC995,2018-09-23
209F61E1408331118A1929019A12FF0D,2018-09-23
E61A380E8D23814F4247CF6D2E11F13A,2018-09-23
8558D5249FC196564CFD6ACD4FFA7F0A,2018-09-23
D5A8F819BBEAA453292D4BD6A5A6B89E,2018-09-23
BC4BFD0AAB93600A00E885A3200B9DB8,2018-09-27
13A0FD78E38B2DE236E28E75187D10B1,2018-09-27
567422321BBB432EC2CC014A510E61BD,2018-08-10
DBA105E7A2FDD3D01E3D719BDE49069A,2018-08-10
BDCB9DF32FAD5A3701822466CDE6CD0A,2018-08-10
50B507B8C1BD14FA0BC9BE6991513DFE,2018-09-15
78A7C7D9BC2138200C3B37E3C7CA8CE8,2018-09-15
620E8B1B1DF8E97AE28C91153E52F543,2018-09-15
78F8F9830EBD020AFAA6B6608E673C62,2018-07-25
7B939BF8414AB69B7F080956374D3B68,2018-07-25
9B650B1483548351B5D5119C372E7105,2018-07-25
D3E97A7983F62AF9BE6E036E014CF6F7,2018-10-03
C5A2047BB225D0BEF46992CEA6488F5E,2018-10-03
28322673D6747D4D7CB6F2CC8508ECB6,2018-10-03
B5598178640AE208B7D63CBB9366E703,2018-10-03
9A2E18C249A70E616BF6A230C8FFCE99,2018-10-03
669A7F5B42DA742CA6BD9734ADEF09D4,2018-10-03
E0F6BFC5E137016B9ADE11B31D2152C7,2018-10-03
7C3044720DAA9A5D585AA70376ACC321,2018-10-03
62CA1B7E1A79F698EEE303598B86BA48,2018-10-03
66AF2214C13347FD89173B240B70C6A6,2018-10-03
C0E8C3EA97FA565529E8C79D2285ED54,2018-10-03
19E8A766489AD87102E75738DAB2BC44,2018-10-03
1E9DD356FEAFAF1DBCDB817FF01A5A36,2018-10-03
FB6DF2FE493D87177B8A640D71AE45DD,2018-07-11
CE29CD745AD91AE056841B4252417028,2018-07-11
C9ADDD0F70E255FD7105712C43C3A45F,2018-07-11
47BEE5A13F097334FB5C426CAF129ECE,2018-07-11
14B32C9FD0A69C18E36D7E07014366E3,2018-07-11
BB322D2CA948F548EA3A05A2BD93B1A3,2018-08-06
85BA81CA205F8D8F786495ED93FE3F92,2018-08-06
2D23CD90AE51556D7B8FAD2C358D308A,2018-08-06
103A2011A9093A6E5D9AED85C81FFEC7,2018-08-06
C7FE9CCE94D88A610CDB2C53D3004AF0,2018-08-06
DC7B46EBC100B639364CC9789DE001B0,2018-08-06
D7987E1129FA0207F04061FF4700BC6E,2018-08-06
AA6C185B662F56BA9006BDA50DF5E142,2018-08-06
7DC72A0249398C477779B804F1EA3454,2018-08-06
C006BDD387158B17AD45F2BC0F346048,2018-08-14
3151F3461C50299BC4F328702654F9C5,2018-08-14
C8E20454CE52ADC3197F86EAE910BD5C,2018-08-14
45DF5BA054826C546308F865405709B3,2018-08-14
2B5D7D51F2F3BCC0B01B60FF5E37A255,2018-08-14
6BFD3E06D9C82ACB070A6C891A6AE15D,2018-07-08
CF06C47EAD622F909BFCC83FF4D0ECE8,2018-07-08
AD4F00389084ECC4B5362689C228EB0F,2018-07-08
3422CA1B4B6A9ACE78187868F362C3C7,2018-07-08
0A7AAC29C353686D279F1752D120A53F,2018-08-11
6A07718AC1B8C83F70B2105FCA2E01E5,2018-09-24
3C70D01246600BA32125AF44750B2014,2018-09-24
9F14E63D77F047289C3DDE07EB45055C,2018-09-24
622D6D8512303C2637073ADD1386B055,2018-09-24
B3C470B60D2527FE10825101C54FB1F7,2018-09-24
61814C6B80D24FFDE5FEB59D61FD5B1C,2018-09-24
30138B542CDF56A289C3B3059EC03D5E,2018-08-07
8831528D3CCC3AF25C1001256C389428,2018-08-07
AE5C3CFC7F5F1225DC2E5190DF8CE3E6,2018-08-07
E79B4E11B6B31650841081E4EC76C0FD,2018-08-07
F7440C5660BC904383AFC518162113D0,2018-07-24
7AF0E6BCC078AB5029168658631C89F8,2018-07-24
4091F647A1B6367AC7945DA0917CDA7D,2018-08-05
4E6F4A73B5D05B33DC73B11547E39004,2018-08-05
5646899D197E5F36BA6CE0E08456B026,2018-08-05
918AB13390C2B040E4B0D5086EBF3349,2018-08-05
501EC0B173398B023AB5B9A315FFD673,2018-09-08
1E936C6CD1183A075148A5B335D7AFA2,2018-09-08
B4F887BA0C4454A5C592D94BBC4D8078,2018-09-08
02508ACF3E0BA4D0C4770C03817AFDE3,2018-09-08
A934DACA2D665AA46C5B136AFD32EEBB,2018-09-08
675EDF6D69882FD0E9D4CE40A07614A7,2018-09-08
3686DE7B4C85F5F0AF385348F03492C9,2018-09-08
1134FE8705373C6852884A350548B168,2018-07-17
89F7BAF87FE699E8EE70C98A6AFB99BE,2018-07-17
A14518C766440EB6F1E2F2105CDE37F9,2018-08-30
F3C82C9DB04064BA7965BBBD95864189,2018-08-30
F255783CD2D61DEACA4CC9E791E9CEC0,2018-07-16
BCBFBC1CAB6A1C8FB6A443268548C35B,2018-07-16
236CB6EEEC7A33EBB21C555AC29117D3,2018-07-16
A1CCD9D935CD30A3A49B3A78204315BE,2018-07-16
6A99D4E5FE96E6BAA99D7A52932F7E15,2018-09-30
273B2F85FFD9D20FA585DFC61CAF3CDE,2018-09-30
824D686213A09439DBCCC406B0739558,2018-07-22
CAD42025ACBC42A48B3500AB25DA7E35,2018-08-03
0CFD16A46A05B5BD29D3A37284B94CBB,2018-08-03
DABD5F8DD42B23039CE6055C9C93E50F,2018-08-03
16C1832522326ACE532DC54C9C82D49C,2018-08-03
BC4BF50150618EF80F3F62D886CF20B9,2018-08-03
EC895C732092BA9A3CE9F507ED888726,2018-08-03
39C210B833FE2D53C723E354AB1FAC4D,2018-08-12
8BC72D1925A8866050D5A6FB01148518,2018-08-12
3A1B5A55C33A7EF1A37C909A753606B8,2018-08-12
EE2010FFDAF663BCC722160AB9954A1E,2018-08-12
1AAA1DF04F833632645A01D5B1C282CA,2018-08-12
B2D359D114428D8DD085DFAFF11195CE,2018-08-12
F27F046DF960AB50CE65B9F4364C981E,2018-08-12
2B6D0DB9D76C581ACB986BBE2408220C,2018-08-12
E117135D93BE6B9E432D1D33517BD465,2018-06-23
70FBF928B13B0D688C2E690706E28B2C,2018-06-23
C24792256375FB1B206147FA22640B78,2018-06-23
89B211C4336582A1C51729DBE4F7F290,2018-06-23
72BC8187FDFCF6EF1EDE6613D01A20C5,2018-08-29
6CEC9D5959B1384E2D2B40E833EC98D9,2018-08-29
452A7B45C13EA6E54126968CDE3AF0DA,2018-08-29
0A7FCCDCB40A322AE53E43A0A0D099DB,2018-08-29
8C2CD3B01F94A12D766C198199746FA1,2018-08-29
800405BCB2189F63EC11788126D8D8BE,2018-08-29
B20C02973E73E90DA66C8F29A685AD0F,2018-08-29
7FB62A6843AEA9143C607A5DD1D15AA8,2018-06-20
586A166C89BB3DD7D7A342896AC57B47,2018-06-20
EEB0505F178AA612B26B78143CDF7C09,2018-06-20
2F5BBABE9DD0271DCD62E501F76DA736,2018-06-29
E9CFD01C3292625046A7D2D931B066D8,2018-06-29
6D6EB70E837A5007BE550C44FF276440,2018-09-01
5DA9B900E7C9F71714FB1AE9DA631C83,2018-09-01
97D9D96077AD3E8859BF5C54C873E59D,2018-09-01
D771048ADB1B9CACADFE001E6F9BA799,2018-09-01
D1C57A2E87382A82A40B1816E85277EA,2018-09-01
B9D800D33FDCF7AF2157CB66910A0797,2018-09-01
DAD134C77F7E09BC552E290534CB90E8,2018-09-01
9153C9C8AAD9E53057C0869DECD75472,2018-09-17
C259024130B11594A8BC902098A8C6A4,2018-09-17
486D0900B48B18D315367260129BFFB6,2018-09-17
3D305F22B962A0E542AAD3719812F1E5,2018-09-17
97746CE0DF1E7BBB0EEB43509FEE15D3,2018-07-21
B387B36566DF2FE92CF39DB35ADEE9F8,2018-07-21
C6B96A8ACE2E9BDA81496905471FC5CD,2018-07-21
1D89281562AC3FEFB76A42ED406BF1B5,2018-08-08
C7B4A196FEDE305ADF8ECAE47820A5C0,2018-08-08
5C17C05950C71938CFA82EA7C517748B,2018-08-08
A6A77DA8F2C4102A83EED1D5216EB318,2018-08-08
1ABF3C1C77FC5DDFC30E92EC387E3317,2018-07-30
7A70E6F261CE349D5E9EE5DDFAAB0EAD,2018-07-30
CD268F5A5F05F746C79DAA2D633E1A41,2018-07-30
6E6F601F343765392127DF415599B125,2018-07-30
7AD666ADF83A65F3F883839685FE6E31,2018-07-30
EF40D83DCA696467B252B3196A1C7532,2018-06-24
5D0EEF4390FA404202D864AEAB30DF35,2018-06-24
D65E01E352085FB9B51FC7556D8653D9,2018-09-26
3EBDD6F7B6591A3C86A571852D3E7338,2018-09-26
1689E4493B50519586DA19C589E10BFC,2018-09-26
3249B63899BAEA78F4DF487994C108EE,2018-09-26
2E91A2E27D859523D9F0F0D293720966,2018-09-26
6D6DFE56F10EFA7F2D6395C4C3FEEE72,2018-07-27
4165988A593F51E6AD19B52A8FA0B980,2018-07-27
96D260425F451E90979EA7417C72A09B,2018-07-27
0A74C26349ABD323C5CE34AB8DD52164,2018-09-03
382B7E4C3513E0B32AD100ABCC15B917,2018-09-03
0EFA419FF8D1FB5BAA12E4794D511937,2018-09-03
60399FD820E8529CA63D0C69C8B4AD45,2018-09-03
1BDCB994173E8A509680B6351EE6A3AE,2018-09-12
5E3CB701F06E57FB36C28741D182DDCE,2018-09-12
063FC523E013130DB87EA578A4BDEF4A,2018-09-12
047E8360F45B8F1A2A2D83FD5EAE8B7E,2018-09-12
BBD99D8850F41DD900934E8A5859CEFA,2018-09-12
6A2F4E7AB1816D2F6EC741BC92141766,2018-07-31
AF3B84D80B1A8A0C9CC2587252CC7048,2018-07-31
43B8EEA09D7D62EC90F40D0E3716E960,2018-07-31
B891FB3B934244C19C73ADD9883B509D,2018-07-31
36EE4F03C639EC236E6BE9880B83ABAA,2018-07-31
A695441A11F541F6480139BE099C2D1B,2018-07-31
72FC15A9C0E3262CFCF42B619ECF3774,2018-08-13
7C8D8B75790229C5B05F6D31E9BE6254,2018-08-13
7C14D1AD9F8CAC89B3ECC681C500D50D,2018-08-13
ABF3E5FB92EF4F36B295E43812F8CD04,2018-08-13
CDB49D27B3BBEDBB8CCF4DC7667E337E,2018-09-06
908D6EB0646A0411AB2B0D6DB73A241F,2018-09-06
8797D8B7EE382EDE5B3E5BAD8F6A325C,2018-09-06
53ACAE15981F1A8F9A3133340D599299,2018-09-06
07A99B74B4D496F6BAFF9945E0A77245,2018-09-06
73C9E0F3F4C280505266BBBAD734D4F0,2018-09-11
ADD0757874A418957AAA60903AA5F62D,2018-09-11
334C732F58847B16D90BAEC2116B264E,2018-09-11
E98C2033935E43DBA50950F7039FF492,2018-09-11
75C683C1AE98FC6CCE6EA156C9E90A35,2018-07-06
139C75296C846C004181A2A4A80C13C2,2018-07-06
929DF82CDE4F7785BF17BA635962F827,2018-06-22
1A2C9C653774421441B4877FC4B49D01,2018-06-22
29DB77B0FD019E4FAA6BE4465F3F8597,2018-06-22
27DF439BFD9C3BB0CB0D636030E61F57,2018-08-24
E9AE54B0E6927E9E1DD0AD3AAC87107E,2018-08-24
0D5C223225728A0C98AF149620E857AE,2018-08-24
1998E771F5C24E7FEA242074595E52FE,2018-08-24
E1735A9FB21570C20964C678C95CB784,2018-08-27
DA8D4305F41170A421D362E73F726754,2018-08-27
4BE8F7A310057D1766D0892B2422EFC0,2018-08-27
530F22FBF57DF2EB8416BA94E7A43393,2018-07-02
012A1B5594934B98BD38FDD68C560702,2018-07-02
26E433620D4C61C3082CF472C0528789,2018-07-02
2A7A057011B97398D224EDDAECDD3B88,2018-06-13
73E2FF26DD2217E76D5F966A86589D93,2018-06-13
6102A2D13134745137E3678B3DA4068B,2018-06-13
80FD9717450806029DA432E39BBB5DFD,2018-09-14
B75810F39D371512B779AEBA7A24C528,2018-09-14
0DC15C12E4170A5B32F94015B74BB0DB,2018-09-14
439FA7E0E28092CFB7007A00394F0765,2018-09-09
3E1021EDDFF353A42B649144A63AA557,2018-09-09
A759925C7E035CA52AC6C214671DDBBE,2018-09-09
2F06297759B05D2703FF61344E0AF834,2018-09-09
7144815A812716A3F9A7600FC308416A,2018-09-09
93DA73B120BE64477ED6F5EDB6D014DB,2018-09-09
6E54FCD5F4543ACDB7412812A857FD74,2018-09-09
3E5D6BF83E026DB47EE7A109C74009B4,2018-09-09
89C1D9AF4193728E41F48DC623DEE51F,2018-08-04
DF2FC56E807EAF16E852AEAB67E0127A,2018-08-04
EA60D1DFDD9E06777E874E280C6417CC,2018-08-04
E11BE37FB066E143A0B4C29D2842223A,2018-08-04
DA814428F7E26F091284C8793DE748BD,2018-08-04
DA4BCFC16C1735AFFAD960E8B9064525,2018-08-04
362C4170BE71B71630D1C7790927BD4C,2018-08-04
162DCBBB07A1E42728E66853A66556B5,2018-08-04
346CD6014841FFAB8A094411970DDD9E,2018-08-04
E0189D91AD0A138AA65CB66338B82161,2018-08-04
1BA8A3FE9D6AD54C6C77BC8A350BF2DA,2018-08-04
7E87B1992D1C823D0C3B306AC4DC6647,2018-06-15
619551616653F2DEA9D7E773AB4914DB,2018-06-15
6C07A737EA896840697ACE56AC23A3A9,2018-06-15
5A4C975F17AE8E0CCCDE946C22866169,2018-06-15
860D6CDC318C8DA51B519770B42E1301,2018-06-15
443E767D3A695AD330A2607746D3B14C,2018-09-07
0E65A1967A3EE64A4D33E6038D677FAD,2018-09-07
DF0E8F12B1AA38135A5448195EFEC25B,2018-08-09
0E3ECDABEF1382AE1EC8A2B31A2D505A,2018-08-09
BDD854D198AD34410E91C75C2ED5F525,2018-08-09
61F5B317AB1EF10E3C7E68C930A1018C,2018-08-09
8DD982FE0DC847CC7B697E64DB37CBFF,2018-06-17
6DBEB1852370C5EE1C4C9D7C3959460D,2018-06-17
9894A8E49D7C8BC6785166F15F380FE1,2018-07-29
7E49E6C5A8091EB5D1793EECA649602A,2018-09-21
ECD062F8E94E29B4E34FA40490234616,2018-09-21
A7E12AF359CFF4A23F85F9A6E848CF60,2018-09-19
185D4D668E346E59436AE24454ED5CFF,2018-09-19
C8232C9EF08E6811491A4D7A2313AD5D,2018-06-21
726BA01832DAB48A88C4D0C7CA988157,2018-07-05
4481436304506E0159F4CC6470B259B4,2018-07-05
B9C60CCF00E26F2D1937AE7EC0DCEC31,2018-07-05
9D7FBEE36126EDDACD5524F832FCCA6A,2018-07-05
8C0B6F37A58D91D2367924CEDF37CC48,2018-07-05
669EC0276AC761CB67555E361C534C6A,2018-07-05
9787443E5B9175CD412E316DEB1360CD,2018-07-19
E510BBD42F7812869C5A623173026664,2018-07-19
78B5D31EFEA7F4689CEB2CF7A9E4C4E5,2018-07-07
FAC23931821B151AD13B4E7B3CA3987B,2018-07-07
461EEAF2B9223AE1D44C0E8DCE64876C,2018-07-03
B10A33E817460B2DA481ADE27C6397C0,2018-07-03
0A26E7281EC31038AD42F28C930FFF90,2018-08-28
DE346CDD4A6F13969F749EA8047F282A,2018-08-28
EE685B48ECB64F3189EBC27B9FD540C1,2018-08-28
5C5D78DD8E3D3B7FFC9118D4511E76BF,2018-08-28
7E5E3AE456AFD0D467418E96ED8DDE60,2018-07-09
A05ACB383D79E187B98B95E9C749C416,2018-07-09
CA586AC53F444FA7C73138A81445FBA0,2018-07-09
F8EBD8316C0FAA906D1335B3D2C04C83,2018-07-09
38328F5729077611D47495753D2C04D1,2018-08-26
9B7280F969D2C28482C07B24BD405529,2018-08-26
3D9CD866FA73F2327C3B63DF16A477D9,2018-08-26
C2D9A04FECEE44ED9C9ABE35F5BC33B7,2018-09-29
BD89EE4DFD5C2DA5E18A67F615D62A59,2018-09-29
85CF6E4B151AFD463B17331BEB732430,2018-09-29
E5E7576642F88625FEAC6606CE1DD50D,2018-09-29
A7993B3D9E693DFD3EA57CF4D1B8D00F,2018-08-23
21DA809CF1B07A7E8D2D73D9030FEEBC,2018-08-23
C6612BDBF9E70C3C8A39B77FFA145CB8,2018-08-23
4C06E113DA2E87330590B07BC97D276F,2018-08-18
4B0219D879648CC5D8CED9D4C5176FDF,2018-08-18
458ED5949D7749672DDC8A8CBC7A45AF,2018-08-18
5E9B9E20975EF45745B511D401456619,2018-07-12
F9FF497C871834C40CECABF0180CD99E,2018-07-12
BB1E493E2EFA7A5DE87E04D5D8FBFC0D,2018-07-12
6D2B2E5F5AA92999917C8A0FF5B4E49D,2018-07-12
C3817B35D57C5C1BF6225FEC9BD16534,2018-07-12
BFF00C0BEDC08F406D999413584797D5,2018-08-15
E9E777B58E17AE5695695BD3B68B255F,2018-08-15
343D217C7C1F18CD076970DBEE61B854,2018-06-16
909F7646D914DA546FE11BEA64934C21,2018-06-16
4BB019F8F6D1FE7BA78CA42A4698EF56,2018-07-26
4DBEB5B9A21E6DBC6F52F17C4B761B4A,2018-07-26
25B3D1AFECED8B78DA6FAF65B71AF56E,2018-07-26
8680E9C6F3ABE3B95FCF44EA5D7DB200,2018-08-02
CD28ADCE6DED1ECBEDBD819AF610A5B4,2018-08-02
E90B98235AB244B2A25A73706E2FC370,2018-08-02
68FB0BB1E8209968722860F2B452DD8D,2018-07-10
795BD0A5C9F63554D97DDAC0B7F116A0,2018-07-10
9A5342B26D946B50B938A489F720C596,2018-07-10
95283BA663F6537D1AB0A6FB43E4950A,2018-07-10
0150077AE685E3084E5DB84CF61CE383,2018-09-02
1714B7BB554962AE0FA45425EF723D5F,2018-09-02
C3CCCF5DAB1769C1D998957BB1C4F298,2018-09-02
90075CB91FBC1BA3BD6B5F9A5C0869E7,2018-09-02
5AB604164EFA59AF8E087EDF3C7530C0,2018-09-28
FE13C993ED5D17C20766CEF36A0A2B93,2018-09-28
B1634481C153C7A3FD526E12B40CDFF0,2018-09-28
F703F24C1ADD3FFE854DA214D4CFC2DE,2018-08-25
387B64EA9F8B83E07953A02DC16C4B64,2018-08-25
3625F3FD85FD9056BCC10747317EAD2C,2018-08-25
109571F881B4E3AB5794806A26FAE7B7,2018-08-25
74EFDBFCB53D83E8725D95130BA74879,2018-08-31
E0903988A406E75F53EFB44E862DB1EA,2018-08-31
EA5EB2459B13C163D6F1AAD3262293A5,2018-08-31
5F76D36695090A80B24D7FA5B8A1FAAB,2018-06-14
6709A1FC02246FEFF8325C35049787D4,2018-10-02
93B7AF228AB9C9ADB0471A77E4E7FACC,2018-10-02
92453BEF04D6CA58168B8D4628114179,2018-10-02
8EDCB7851F10B51350C78C208BEF4A4E,2018-10-02
B64651A9534772E715E33A6E57A5AF39,2018-10-02
1F3B752917E1EC82B3352D7F3DCE81E5,2018-10-02
550B46D179FB8EC540DE5AC81967539E,2018-10-02
B97A8AA504A79A5BE60F328BC6C34D45,2018-10-02
372FE71C3A120B444BEE6A4BAF34FB3F,2018-06-12
874E071AA00B601BA2D717CADDF31E5B,2018-09-10
0E799E05DE124310257B263EF3556AD0,2018-09-10
801D5C2787FB2911F810418022C1CD56,2018-09-10
0AFF9E84E0311BC3CEB3AF2358D70B4D,2018-09-10
0F196FC62639C7109787513B68D543FF,2018-09-10
1BB6E1EC145868CA4CDD1F2C31B4FD34,2018-09-16
6964A34583D7729B34D6CA143C937352,2018-09-16
34BA06C3D751444A218BC22E0092EE8E,2018-09-13
D4EC4DAD608E47C043A3A6E659050CE3,2018-09-13
7F2D59D791EB2BFCE7DC5B694C3FE456,2018-09-13
71381569682468BBBB8936278290D669,2018-09-13
37184C9468A73EF119F3AA6B1C04CD29,2018-09-13
07D1A24DC2164260EEA5FB510C491431,2018-09-13
75B8A864250450DF15BB898E17C14E24,2018-07-28
7D16FA38E5D29146B0CC5B82279DFA58,2018-07-28
FE1406E149A6084DDF859CE9AD431579,2018-07-28
E2CEF43EDC0EB6CD4EE6E162E6B24B4A,2018-07-28
BFFD32AB8AC255F865D08EF36A578448,2018-07-28
498709BEF16701645DA315A5A228A250,2018-07-28
AA137B66E1975E5B854D7A786BDBC380,2018-09-22
C142DF555F9E5CB62860B5B8A579CC39,2018-09-22
85BD2BA62BDC8185DC768BF79A288DC4,2018-09-22
B10A516DEF577F49F1BFCD3C086DF3AE,2018-09-22
5C7FB72A7CD89D7C56DCB2B71C91ECE9,2018-09-04
18A2710EECCB5E70C4866C2DCE9D2BA7,2018-07-20
050F7A9A1AD99B845D14637BC7174A2A,2018-07-20
39387BD8EF01916D4197E7E2A9A9FD22,2018-07-20
CFCA2039A06322FA4844F831ACD4B808,2018-07-20
AE89CF8BE27A4602C6EA8D2F8D383F42,2018-07-20
90A5BEEBA89B4DC44F10E6E066CECB86,2018-09-25
C59E095CFA4F1A81AAAE3150E384AB21,2018-09-25
CF3F621F23B4C697E784B0998A1DB94E,2018-09-25
EEF0761D89B7CC297357E38110605AA1,2018-07-18
BD76EE5AD8E7D56599A9CDB72CC8C261,2018-07-18
99893A88D6E3FC238CF49C830005E049,2018-07-18
343EF0B5FF277FA9F30E341F74048B07,2018-07-18
7812F3A9DA27FABC642D740873E9832E,2018-07-18
B175B187062693360BCBADC4160F8D88,2018-09-05
6955C33300255582FD3EC831F6C9E336,2018-09-05
39747754B0805753690EFF8D9711AB0C,2018-09-05
9E03DB30FDC576144D4BDC1B67AE6314,2018-09-05
DFD487F27AEE9B027FFD4E736306279E,2018-09-05
F766A5AF20BA3C1CC4146F0A59B099FC,2018-09-05
B05B44F98AC43EA887A1B78C3552A927,2018-08-01
AC14799A5E8C340D6CADCBAE72037D81,2018-08-01
989238B177D187289D93F47B268FD48C,2018-08-01
C67EE8BBACF3FEB46E871644BE6B8204,2018-08-01
D4CDA4001F08FD3C51A012294B1189DB,2018-08-01
6C31CA4020CECC2B055E465813E2C541,2018-08-01
827848D9C0FD18D44110098CEC982CDE,2018-08-01
6FD77C6526115DBD9389D38AE86E8CA4,2018-08-01
99F792EEAA99979F0D9EE8AFB205A689,2018-10-01
7284B4F8F12BD6979067AF50773E528E,2018-10-01
166A6FB89309776BB4AB2213D25D0C40,2018-10-01
D7615EA474D4DA9785D0C09AAFC2CD0E,2018-10-01
63248E747D60998BC2F157C882920CFF,2018-10-01
E890021CD1AE7D8D7182EF66503FB1C8,2018-08-22
94C7225B71EBBFD33183DD3B59591546,2018-08-22
FAAAB64EBB4491B6E98BD3E68DE9EEA9,2018-08-22
A70F93732F53567BA590C193EF97579F,2018-07-13
17878D984E2ECAF7EA975FBB25470772,2018-07-13
129FC7D41212A6C1F5633C385C3900C8,2018-08-19
13C310CA6E62FD1EB15BB8610D0CAE89,2018-08-19
D32344BA5A0153E336B5F73ED2979785,2018-08-19
51D9FDE9AFFE896810C7DE3B22749F1A,2018-08-19
9DB70702AD6350C1150E2AD452047208,2018-08-19
9331CD659DE47C9195F4B29BD74026A4,2018-08-20
F28C2C5AAE32E559874444F7F957B297,2018-08-20
CC4B09FF7E5171AF18408F2F0903D225,2018-08-20
BA6AC3E59787946CFE7804B39352E10F,2018-08-20
18B75DE6050B93995ECCC72794B3BD38,2018-08-20
2BE674E2539938C1CDEAABD6E139E95D,2018-07-04
93CBBD48FEB17BA358DC9EC5FCD2CC4D,2018-07-04
416393D1443B6F0E64C6FD61CD148C03,2018-07-04
E58D5F9411E18E87B6F323B73A7BDB42,2018-08-17
796E479053EA9A2D01F18623B9671CA1,2018-08-17
CE56946091344ADC2D0AB88D49B83ED1,2018-08-17
9D6ED0F32359797E2D434FB8233F0FE0,2018-08-17
BF42BFAB6841EA07426BC556C937BD0F,2018-08-17
F183D1950EDA9E115C8C05A84E42EA62,2018-08-21
3CCAE84789D53CD411FD32481C021CF8,2018-09-23
E4EE0FB794A4673FC1B7A8EA5F19B150,2018-09-23
922B53D261E35A804BCD5689A68162EF,2018-09-23
BE2B55BEAA4A435D8CB9FE792C9CB605,2018-09-23
BC581401E0914611177D7E1EB886DAD4,2018-09-23
E15F2DF24E3F929C80B2897FC49BE8AE,2018-09-27
763F177586648AB183406218CE8D9BE5,2018-09-27
3190BDA74D3644AC3476013D1F9C9A88,2018-09-27
0CF0BD73E6A9DE6EB96D1CDD6DF65E8F,2018-09-27
665B1505AECAE3569C2B0FED30223A3D,2018-08-10
04F397E482E77FD2B7CAEB81E732790C,2018-08-10
0C0803BC7D87E45A797914F9DAACD364,2018-08-10
7BA85DDFE99C167FCB11CF166A99E072,2018-08-10
C6F1E972D68BE8C168E02404C3B272C7,2018-08-10
5C78931CECD78E8859AE89BC89C5E26E,2018-08-10
60406ADD3EE12783E9DF7A35EE8570BE,2018-08-10
30BDB608211EE7B2E8488B00E246B7FC,2018-09-15
4293BE87C4C4EE3249F6DCA7A27A866C,2018-09-15
8C2CA6A4B27594E8E363819DC8A8F4D0,2018-09-15
6CBAAF292DEC252E17BF306D19F955DF,2018-09-15
433E34F1BFEEF8A34A78D2C73D3AA014,2018-09-15
0BAC4B2FE322AD171CDE5B74EFD04A4B,2018-09-15
AC02448038D9FBA3BCD3C38197AD1154,2018-07-25
56B7FF587AE3D5830E33D141EFE7057B,2018-07-25
452CBCD7E1C6ED9E28B499D1F38D1215,2018-07-25
122308722784076A763D76A53C82D219,2018-07-25
BE70478C8D3663A7BDB9E4696CC9E2B9,2018-10-03
2FBEE703920E6726B067A8B9083363D9,2018-10-03
AF86E3DF0CA9BC871E7AAD630462E0CE,2018-10-03
37C492FF57EAE72D025689B30BFFB8F7,2018-10-03
5EFA7E1A9E42F32FD48A67859B94321E,2018-10-03
B320BBAA94210EE1FAF12AFFCD1D580D,2018-07-11
8E2768C381113D72B39CCE7961BE5481,2018-07-11
6ACF13FE0B8F43882FE6D21296F8F5DF,2018-07-11
86E45B2CCB8059F864AFBDED538CCA18,2018-07-11
B35A6709200CA19C780383357D108577,2018-08-06
3F15DB0A6DA7D3B3456291BC1F5BF8F3,2018-08-06
1EBC6E050F13EC1E1CED5CE91A2757BF,2018-08-14
07155715A8401C5ADEA813C579DD8A84,2018-07-23
08A61EDE0AB5410B3B45FCB3E146C398,2018-07-23
15053E5279446996BC23A396E0FDD142,2018-07-23
7FF467ADB7DD9B349DBF297734F7EF01,2018-07-23
1B1EC18D619B80AFFFF378EA4A9996C5,2018-07-23
B179C315ED033642C37F45179C9E0B13,2018-07-08
0160043392B1572A375E5C3BE1BB0C31,2018-07-08
4DD9ECDFBC9BDF634A16A484F6094197,2018-08-11
80FC9DC8D2C527192F27DBC2A449FA26,2018-09-24
D9600F208EF13CD3C682A7F935A1E68A,2018-09-24
3450AEC7FAF21CD7B9764C37D2BF584C,2018-09-24
DD8797EEB6395630DF036363EBA33A1C,2018-08-07
098868D9626624131122714C36A5D069,2018-08-07
81D5B7A398025886388342CE7159C9C3,2018-08-07
E9B528196BDCD0E2F744FA6785D4A686,2018-08-07
3ABBB04D95045C9DC870049AA9774FA5,2018-08-07
11881642BDC63412AAC147C43AD763C2,2018-07-24
C1B1A57BFD7A3176CB7C587FF29653C6,2018-08-05
747E6D4DF9C3C9FEC2151A72F696ACF9,2018-08-05
3B503D512D8D9A26C813B15CAA5A1BEF,2018-08-05
422E4B66736C74A880ACFF8895D1117F,2018-08-05
4678BE2C4434D27CCB2AAEEE76A5339E,2018-08-05
56A069E37C273BE2092ADEB0D527D9B3,2018-08-05
E3EDDBED53EE3E42ECF55A5E091F56D8,2018-08-05
F3E963D579925992BE2DF84991C979FA,2018-09-08
CF9265E07AD603201AC4E10FA990E639,2018-09-08
E2131AFD3BEA7679CB9CF1BD02CB52DB,2018-09-08
1DBACCB960959824B4E44C29B79CA3A2,2018-09-08
570C8B0E5F1886E749BEF3949354D1A0,2018-07-17
2DF9172E98F032892D7BDA25F51025B5,2018-07-17
053FFBAB6879C1E7E1915E40C191F61D,2018-07-17
3B2A2853F8F553B0986D76360C4E8DB2,2018-08-30
99350B2A1888DEF7EE39DFBF05CF1B5D,2018-08-30
DC3385FCDBAC11484BBCCC308336B549,2018-07-16
626E752BEFB7A66231B9CBEB3B4FAB1C,2018-07-16
7CE7A576C0E09936E97D001D6FE8B9E4,2018-07-16
550A5DFB3871B30009BF48DE5EDCF918,2018-09-18
528EBF5D409AB0B9048E20EB3CC823C7,2018-09-30
105C40D7BA605A4120E001AB8C830C1C,2018-09-30
2ED35AC1D18D24AD6144985A6BADD694,2018-09-30
40B409D2F011F83053D8E40B6EACBD92,2018-09-30
C552986AF8B757F3F7E518740ECD738A,2018-09-30
A98BC893A86F57736473659510116FF3,2018-09-30
F00520A971B304A0B45AF31AECC75826,2018-07-22
8E1749E5A26DD54E346476A289854E93,2018-07-22
AF22CF225D76C2405C85DEE54231D1DC,2018-07-22
C02F39C65F36DC7B1877254BE3888EE1,2018-08-03
F6B971515AE60B8F8554487DEF254C29,2018-08-03
BD975735F0F84282A6D8F945C4623BE8,2018-08-03
4444B14309355CB56DC2D6AE75FCCA31,2018-08-12
0531403140A247EBA33CC4811C4ADEB5,2018-08-12
0F7212FD0E3A6F91C5F7983CE9BB15CA,2018-08-12
DF5C34803AAA38977875A3941A2997D1,2018-08-12
56C10130EA747C2E253454AAAF209FBB,2018-08-12
8D9C05A55BA5E45A83F5A8605E6AF594,2018-08-12
B86EA0BFA87E80E441ABBA4D071A312B,2018-08-12
71C1EE97205692FA5DB92632AB3E3F84,2018-08-12
8D2705BE6CD813364DAF5C8C2254946B,2018-06-23
A2F0B27D5D2B0939811F202DC58FFC6A,2018-06-23
9E2D0B40AD908AA9A4AC10C1753215AA,2018-06-23
5BD4B4EFC3830BA2054984E72BC1058F,2018-06-23
9401992FBA78E40EC900D3E89EF1C75F,2018-06-23
C63E044972BC46A8840F4CCB3174690B,2018-08-29
62A5A493BC459F0692E9085A90863174,2018-08-29
96161BF2E55C7E32ED5F411432875ECB,2018-06-20
7E520D4DFC6142EAA89F9292F96F3836,2018-06-20
E6A59786740CDD5A7C385CB274654163,2018-06-29
5DCFC183572EADFEA0306B50640A1DAA,2018-06-29
1648626E0C774FE7789754879E5CB114,2018-06-29
96333A5A97DA9F4AEBC7A70483AF6C5C,2018-09-01
531E7B35DE9A21A1942F057C98B4E74C,2018-09-01
C7DD86F06FD4AA8A0967E27E20750FCD,2018-09-01
E6E7FC8AC6D32935DA5ADCFFD14CC3A8,2018-09-01
D6803CFD38D435F0364EB47684F7CCF6,2018-09-01
AD7DEB9BF9C9B17C60B69DA2B3B6C59A,2018-09-01
D53026C925AEDEC505D8F8A007B19FFF,2018-09-17
AB34C2DC3FDFA61951DFCD3831F38723,2018-09-17
75711C3113A09A2976DAA5A0D8C3E84D,2018-09-17
325A146F81F71E8599DE55667988D76A,2018-09-17
C709100C7F82FEBF01FD5BE70D4F32CE,2018-09-17
8E8FC0ABAB4F236EB8A332436DD4ADED,2018-07-21
F720D2FE0350DA0E19A729BE9A4B73FB,2018-08-08
434B79A24E73A32E488354A1AAD98495,2018-08-08
370BAFBB7AFD77B12726F4712DB42DF8,2018-08-08
ABF9D98DA2369F92465B0999E8F3209A,2018-07-30
E63711A66A34FED2396D9129A9B3E914,2018-07-30
7F16B4664F0EED6DFE4A30BB199339CC,2018-07-30
7913560CC7909F163C88B75D6DE8A611,2018-07-30
CBF1346AFEAB76D0320D31C5CA490C34,2018-07-30
C70E6A8660F32C483358141E5E447CC8,2018-06-24
C2CA984F82805D1BE2DF939122F9924E,2018-06-24
E0A8E10EB6F36427E4489FC10A6C242C,2018-09-26
6EB6C261434410DD81C3CC809464B1D5,2018-09-26
C8C37FE99773C84625B1569515B491F2,2018-09-26
8BFE4E20D2549BD4EA7E60319D371B55,2018-09-26
7D12F08669A7F1D4E2D12FE42431C26F,2018-07-27
B5FFB2BC424A23635F872F45A78A0948,2018-07-27
4242F3099015CEED6E973B209C3C48BE,2018-09-03
492F7F04FA27A466D29C9C0FE7D0E843,2018-09-03
21FD52300AE0FBAB4C95D6D470E471D2,2018-09-03
8F780847855ADB932B0121C7278F375F,2018-09-03
1A5626295FB0D5F841E0B877354619D4,2018-09-12
4FD9D8CC8CDC35E591A3EAB269D83A3C,2018-07-31
C6F4E4BF2A4BEE5243B7F32F3ED4EDD7,2018-07-31
D1D054A6017EEF5C527359C926525C00,2018-07-31
427C31D59AE5368FDB632549C93CF9A1,2018-07-31
D7999E9077E211E50458765BCFF24C82,2018-08-13
E0C192FB3648443D1356D1131049E433,2018-08-13
D30416401803E77047A3EECF403914AD,2018-08-13
B082C1AA996253D2D7A753ACA6DD5364,2018-08-13
B743E27EAEE69B2DD8730CBC77BEC072,2018-09-06
6264CB633D890A19B44AC69B7E62416F,2018-09-06
AAE4779C1A0F48E482C71DE95A4FA0E1,2018-09-06
891646F131CE2CCADB5D6676A104CB9D,2018-09-06
EB4432A4BDAAB8F5135FCB36503ADC7D,2018-09-06
57CEF48816FE7CE296E7BDBD7F43F646,2018-09-06
66AFD4A2B8BC073FC2021F5C42CC7C86,2018-09-06
78510CA2B9355AEB78FF0A52A7811B79,2018-09-06
C044422D91ECBC6F378A4008759627BA,2018-09-06
9077DD5C7FED955D9CB07E2EB8A3D13B,2018-09-06
CA9136455F325D81B4A1FC232A7CCE43,2018-09-06
34334A1F76389248AC7BE8891F8AF736,2018-09-11
56673C54A0BF48D3EBF11D5247B74175,2018-09-11
BC32E2A491CB75FC2E83F80CB45AC3BF,2018-09-11
A098D049A2C05C32BF7B63298D23C663,2018-09-11
170CF3E9BB2F3D3AF1924317E38A1A86,2018-06-19
3EDB32C179DC9EFC9C7061541C274F79,2018-06-19
E415D4A90F9A9D8B784B3BCE2F5678B5,2018-07-06
1918604BFCCA6992E962C7BE9B7737C8,2018-07-06
841C0F3B82A3013E0704E26A5EC5DFB3,2018-07-14
BD450210EBCD1142091135F9A3C1FB47,2018-07-14
AA37E1800EE190427D90B4F42665C8C3,2018-06-22
58B7ED321E8361D3FBACF4DF4E549399,2018-08-24
155263A40D769D42880C8E43690F3E70,2018-08-24
948F3BFCC25E62DB748373AB4EB8A12B,2018-08-27
54DD21E254CE909B54CE9BEE7C69CBC1,2018-08-27
E50460D3EAEB1613CDEB229A712F5864,2018-08-27
BF42A2AB482FBF15B10B48CD50B857AC,2018-08-27
8FC196E4C1D45A3383F2D18FE260C739,2018-08-27
41F62B68F0D1C05B6F17CFACD42913C5,2018-07-02
077BC7302275F4E34731C2780C166C02,2018-07-02
50C4429FB8A0E9543F607379260E7098,2018-06-13
3BAAABFCEE2C1F6CD5EF7904B27573E8,2018-06-13
730E559E3EBF85DDC5E4785AFC108D59,2018-09-14
9214596C486C5CB0F9A2BA60009DA5EF,2018-09-14
FC4C251DDC053A6BFBE24CCF36182C4A,2018-09-09
B538D05509793202091BD234EDF9F4BB,2018-09-09
5EF06C7906632F51D56DD10289191BDA,2018-09-09
125107650F25DCB082BD43A32E3AB5CD,2018-09-09
E9534DAE1CD58D5F77C6308914A68D4D,2018-09-09
37B003197370E8FB7DA7A2FA4ED09427,2018-09-09
AB714CB216CB456740B54DD82E11FDB9,2018-08-04
52B07E869C01CE684AD503F8F9445125,2018-08-04
08FD622562B214D7B7AC45DC707106ED,2018-08-04
EC7F54960F789EB130267F9A3F247BB1,2018-08-04
AB31249C4D16F5D39299BC1A9D423EE5,2018-08-04
5D3AC32A3431337AB937BDAF886D1782,2018-08-04
0280C8F16D33C9D040B9BDA8B74CAD3A,2018-08-04
2C7A0851C697F03694BF4364695CA6C0,2018-08-04
86B2C983E54A5676FAB52B0DCE44A33D,2018-08-04
D5F162E063EF1129BFE585FD4C4DCB17,2018-08-04
D5E0BD50D8A6244443E08E2E71B3739D,2018-08-04
3B1EC879875F9C6B1AAE0A09BE08FA7F,2018-08-04
75D4570D951819D84ADDA0527C23CC4A,2018-06-15
4A862175326ABFD473EE59B8569D821E,2018-06-15
3C38F5B247C20750B5F323F1A6ABC73D,2018-06-15
7AA397B89B31AE2AC9DB31F9E7609A43,2018-07-15
5050A23C57CDD81051C3B1D54D545334,2018-07-15
6B41B995AAB96DF47E8B522BBD2358C3,2018-09-07
1B224BEF5B098515A60BACA8068E3239,2018-09-07
152C2738DCE249CB59AC64A3C7EDC918,2018-09-07
6D2A2ACEEBFA6A03101571BEB21FB18E,2018-09-07
335156392A0F885ACF5A91CE029E159D,2018-08-09
0DB2864E7EC7D29DA4EC1540FFDC419A,2018-08-09
407F4146769213AD5E44D6EEF6418681,2018-08-09
24A8BF795679D50BB8D2F72FA84CC936,2018-08-09
985BFE68054885A0A754B19AF92D890D,2018-08-09
4D38AF508E466CDF5FF6FD9F93892F1E,2018-06-17
2CBC72DDE990377549A3E793ABA078D9,2018-06-17
3154B2E869EC0FB535B5B0667A654AEF,2018-06-17
C0BA42625E9D2E1545FDF87378253DAE,2018-07-29
AF95C7E5728791DE106189076F09E72B,2018-07-29
FBC0640A4C403AB44287F113D4645EB6,2018-07-29
69BB8289D391EEDAAB396DA0C3F8FF1D,2018-09-21
98001421668C25D7C0B41F550C53D949,2018-09-21
E6D3C4CCBB6066217EE2A2A69FB25E7C,2018-09-19
9A7C4451BAE83D1EEB969C0DAEB7917B,2018-09-19
F810DBEEC11C5636EBC79A056F59CEEF,2018-09-19
22244E79DA9E51C312511663B20DA295,2018-09-19
573258C3C79B7B051448BAC4407F8099,2018-09-19
1ECC54C2C5D1B0E6931B2981E604D3C3,2018-06-21
BB1B4292DAEC42FDE09DE0A0663AB1BB,2018-06-21
1488DD942D918740F8ABC9849093912F,2018-06-21
714220F75A804D8F32059040C7E0E689,2018-09-20
32C8AD4EFA93405A282CF301BA211D7F,2018-09-20
DE7342042B385BCA9B721C783F18468E,2018-07-05
5256B2B115955E80DDB7449775D92325,2018-07-07
76B6DE661CE13321825B98C5DAAAECE6,2018-07-07
051F80A715267A0035D626F7EB86ABBD,2018-07-03
313FFB1706DF45A1D62DFC7CAF100D5B,2018-07-03
D7886E6A673D1983F11614C0A2B8D489,2018-07-03
0C8AD0A7FD2A85B9241EE4D64ACC9395,2018-08-28
5A729D27B466C5C80E2F409AADED3428,2018-08-28
E91B8667BC9A7EB2299B2EAFBCF1B9E7,2018-08-28
3BBC4DD5C8CA9027CECBEA5C39F80E3A,2018-07-09
84690B86D5DA141638BAC264173308B2,2018-07-09
D556B9114C77ABE46882A4C834307A53,2018-07-09
2C84CF723999D48F8F069AFFC184C4DC,2018-07-09
C95BF64675F63B10B0D152E5FA3B5E2B,2018-08-26
4A54D2FCB3C88FA8AEB83370B9959366,2018-08-26
495F7B3BB01B24C891DC2E57A454DFC8,2018-08-26
54E61C14DDA4435024241BFE1D3D3894,2018-09-29
C08E0DCBBC8F969D51C14B0E479EA9FA,2018-09-29
50FF7F4F16547849EEEB4653D0126652,2018-09-29
B240CAEDDBC7AEE341900E113CED23DC,2018-08-23
688C1F640EFE5747507270CA7363EC0D,2018-08-23
23507C5F8A060402DC9563351AA9DB98,2018-08-23
7E203324F76024BC2C8C1CA4E58DFEA1,2018-08-23
727A963DFFA656E629954F35CEE865D2,2018-08-18
BBC2EEB75E601743F13AF88E06F80659,2018-08-18
D7C4BD696A49356175EE064AC6195452,2018-08-18
E1B79A92AE2233DD2B2FD41E94708F66,2018-08-18
04BFCF69CE859FD62D429C70F2EC1575,2018-07-12
129BA02669936B3E15346AF026F13550,2018-06-16
01DADD290826872CB449CB1005A423AB,2018-06-16
8D8329B1A8BA9605FC4125ABECDA5910,2018-06-16
28A1535FFDFB385EBCCCE825EF1E7DC6,2018-06-16
97DD82A020FCA6A35471A794EA5E85CD,2018-07-26
A049D9F3942F91E8A640E919612DB05C,2018-07-26
249BF9FA78E4B6EA5D4397758317645E,2018-07-26
D79E2BD5C4F03A851FCD2B1486FF41CB,2018-07-26
1C707CBC0853CB4EA6B2EB075D1CDCE3,2018-07-26
B871DE19EDBD041D11C5BEF3A616995E,2018-08-02
B7D2B63ABE215157570ABD2E2E6EC9BE,2018-08-02
303DAFAEE0EC0AD56EFFAAF1FEBCC3CE,2018-08-02
5835395BAE5D85478439107727B8EA99,2018-08-02
DB6EA53027EF973B908E170B76755C2D,2018-08-02
5103AAA15BB65D7CD3D4D212FC2D7F8F,2018-08-02
DE4E1F6888A81BC1E0C10C8A40474A8E,2018-08-02
B8ABF06C01AC9AE51849B42460E2E560,2018-08-02
BC0F2A2F3EDEE4CE7381D5515421AC80,2018-07-10
1D268E05DB8E109C120F9DE292DA9AA3,2018-07-10
85F83E90C99912F89521244BD25C99C5,2018-07-10
57B1AEE95C1B66101A604ABA81AE7A5B,2018-09-02
A246EAA169D582E07DBF1A672BD2A5BC,2018-09-02
F012C58F26030BA3C7AE8A9F5FD5196C,2018-09-02
99AEF7972E0B774A904B5F2839FC09B0,2018-09-02
8E239508C25100E3E70766829519FADD,2018-09-28
9D3DCEDA84FCB94FD92EDDA0DCE121C3,2018-08-25
2E452991FFE128CAA898334210805599,2018-08-31
E4D11615287B890E18EC3CCD80FE50F3,2018-08-31
08362BC5AB07C0587FC4CDC22AD97252,2018-08-31
B0D104EE63ABB85675B078664B5924A8,2018-08-31
89482B3A8B18E86AF55BA12A05B22DA3,2018-06-14
977CBDF2D7B65AC0FDC885F87117A7F2,2018-06-14
24D566AFD5FB88D2C02CD17C63C0FCF5,2018-06-14
88FC9395C6B1955064B5250FF7C5D842,2018-06-14
5DB6F7FCDD09598B5016CCBBDCCCB126,2018-06-14
EB383210DB8053FF537F0138645A7000,2018-10-02
BE7376FDA7D04B0D7ACEDCB60BE0FE41,2018-10-02
DC9311919A73B5B8F74DE538CB26AA04,2018-10-02
D51D0FC8A4A90AE4FB4FCE3F7D66A54D,2018-10-02
29BA958722EDFDE16A06EFED526E1B7C,2018-10-02
14820087732D43CA92C816CA22E9FDCD,2018-06-12
424D2424A85B8D59EE044FE93D3E71D5,2018-06-12
5B5CFE36E6E7845987746A3440D4DAF8,2018-06-12
56BF33AF105065C2E73F9567BDBF2D98,2018-06-12
B5EE4A89792209060659C9A6719EA8A4,2018-09-10
556EF590A035FA27033B6741B6F80249,2018-09-10
EC8A980198BB3331B3088F123019D1B9,2018-09-10
D94CD20A6CC825AD36B00512A6CC92B1,2018-09-10
725BBF78CC7F167705D334B4FC848508,2018-09-16
3CD4C596C073814F9120416B1C163961,2018-09-16
A7CD24BA8CF8402BB72D15ACCF943F28,2018-09-16
DA22DB287D3B0AFA6C5E5063B2375932,2018-09-16
C8CAF96E27FE8D6E3A43167A6720DF6E,2018-09-16
B68C46A2078EDDFC330BE0DA97600AB5,2018-09-16
66305184E3B422FE39E3465AB9C7FE60,2018-09-13
3082CDD760FB4C2F5BAE25E78DD0B000,2018-09-13
819D386099AA9B435B3F4B261D3553F9,2018-09-13
130C423896FDF134ABA8F275D4664B96,2018-07-28
20351BCA452CD7AD883B0CEA63A99CED,2018-09-22
F04C8EF387C578AB4031157A9A62D055,2018-09-22
7197BEF5542521683ED1B58EDB184770,2018-09-22
E71BEE667B4B4F8709D1EA5328EC6A49,2018-09-22
C1483F477709CE11455CE0E9E46E597A,2018-09-04
D234FFF7508E1D6E24E3CE1A5AE5F0E1,2018-09-04
923BB1C2E0D174E748826ABC096E77FA,2018-09-04
77658D260DF82B3BB7B9DF495293BBF8,2018-07-20
B2A4B7165FE5492E71424E3B97A39E2B,2018-07-20
301F2ABF887C6954D1EB19054C22D61F,2018-09-25
66104DA637179E352421E425EF3E1C92,2018-09-25
D61EA31FE5CE8037DC5DC8FA6B7AEF9A,2018-09-25
DB240B26C9CB7061D823B1F84ACA06A5,2018-09-25
ACEC237EDDCD21DE77B2FE430409E4A1,2018-06-27
222551D96A93490D2A7FD20A34D010FF,2018-06-27
363F1923549B4499EB3E1D1E5508F66B,2018-06-27
07306BA35CEC558CCAB0B84409937A11,2018-06-27
2F5597A6236A6167CE29E31A6EC12A5F,2018-07-18
78665185409E66882897117D28E0835B,2018-07-18
8A191E0C1E499B5F76701438E697EAC7,2018-07-18
31A8ED6B3E2E7028AAF6EB107F31C239,2018-09-05
E7F45BD93A980C6443443893DCDC0048,2018-09-05
6B8854D5D38B4C156A41CE9C1980F5C1,2018-09-05
0A1A9197E3080554A067BED5EE0772C2,2018-09-05
12E605C18BD3297C684F0EC6F1D45967,2018-09-05
B9892DCFA8E42B1F5EB44012025D9A56,2018-09-05
E9207EE8B04E28F7764A07B9428B0F88,2018-08-01
0811766182AB8CE075D0E653F8B79E05,2018-10-01
8C67EA8F72FFA8CAC1A981DAE40BA014,2018-10-01
8F1879A37D4A45B618D310F69BCFFAEE,2018-10-01
C30D1BE029EC04653434C68C708C73BA,2018-08-22
DBAA5E206382E89FAA956A2D927DBC94,2018-08-22
9163793ACEF2D57D8DE2AF65748362F3,2018-07-13
BFE9BD2764E2661EBAC8EC1146812A62,2018-07-13
4C850D5FB94EA217AE1743159964D955,2018-08-19
7AA56A17CAC37BF7E405CF6AF2AB52FD,2018-08-19
257B4F4CB50FD4B4808AF1B62FBD456A,2018-08-19
9783EDD6BE9F8F18E20E4D1EF515AD23,2018-08-19
6D65D0B8B0EFB8CD9C939252F2D9ED22,2018-08-16
F108523E7DD7905608275CC84287B217,2018-08-16
71AAE70AC95236B7ADF665241789A2DB,2018-08-16
FB1429D8489DD7EA06655BC7581A3E18,2018-08-16
00676A8589DE5A948F2FFCBFCA568E50,2018-08-16
7982D1EFD8279DE6F9448A187C74485F,2018-08-20
F652FFF92DC543ACF621ACC7511B3822,2018-08-20
0DAA9C19C1988CAF9777E0261D837CF3,2018-08-20
9EAE57B13C995D8EECD8C6394CA3D058,2018-08-20
BF9784C48214E598B8F045ED9FD012FA,2018-08-20
6753E2A2009627BE49FA92546F5AB5DF,2018-08-20
65E1F08C08DE2A775D714901FAB9BA96,2018-07-04
3FF72359059E0717967E91F769CD6860,2018-08-17
BFB76CCA44481D38771807148E491FF7,2018-08-17
599FFD56198E3E862D1042DA1012B4DC,2018-08-17
6D83B211112257C4EDC018E9081ABF35,2018-08-21
894DFEC01131734D280D81C2BEE3A446,2018-08-21
FE050FD4D559767FB68597C9638BA748,2018-09-23
C8D74BCA384C771A8D916972C4B214C0,2018-09-23
5A3CF9263E0721DE9B83C5B7E7FB574B,2018-09-27
3A2D53CBDC4E55CA73FEB38FCE638A2D,2018-09-27
9B4BBA3AB1458F2D5F242F66F668F497,2018-09-27
36D35160F560D4FE9D1B0E48063F3665,2018-08-10
C79C76E03BB4638BDAF2C31322F7B160,2018-08-10
72A1C8E1E28578F0762B4B34616E500A,2018-08-10
20F3CD6918AF3773CBA104980250555D,2018-09-15
28602A1E1BE4554B82E5CF3A9C1ABC3B,2018-09-15
289D738E3B01C988983B957444571412,2018-09-15
8C3CA1CB80AA2E08215A2315E1A2E2EF,2018-09-15
7F12591D42C0715E5794B59E4950D21B,2018-09-15
33FDEF520F8A5DD20A5CD8D06FA77E74,2018-09-15
5B4FD8662DAD71406319200659FDF420,2018-07-25
B496AA5D6527CB529B76AE577207C8B1,2018-10-03
0ACBB386FD495B774E1C92BB032A171F,2018-10-03
B5AD6569D99E82C2EE44E38C3487F49D,2018-10-03
F06E4B305F149FBFCA762DFCA7F837BF,2018-10-03
3667B20584399F5283AB3D087D338154,2018-10-03
D2AF6887FE6C33DB5E01B95FE94624E8,2018-10-03
9C9F104105826B505572DDB16C22A990,2018-10-03
A548C8D6231CA50B3DB5BBCA75245971,2018-07-11
026E9E99CF63F4AD31203F6B2E01949D,2018-07-11
A944897CEB774B1BC2AFEA13A907B39E,2018-07-11
5888DE5128724573A7E79802BA2D4BC1,2018-07-11
D1C9E5CF7E31B0F8641712023BE269F5,2018-08-14
71755A870405E2457A78D3D49C8B4364,2018-08-14
DBA4D45ED73552A9F35575F3573445D0,2018-08-14
023A2DB99CC3F70A4B71869C36952D74,2018-07-23
1E6348F7A97962E7EAA87C7FF638569F,2018-07-23
7BF597A11650FE351760281648C7A3F8,2018-07-23
DA534A42414330FBADC1AE6777F86EB5,2018-07-08
2AF63641DFC9076457C0B2E84FE0F71B,2018-07-08
BE025EA29CA25B4F0EF9A9C5DF034A1E,2018-07-08
6DC90DD09DF860E7C60C00BF36906CB3,2018-07-08
35D099424972413F3E46BFCA86C15295,2018-08-11
8CEB26799D9B0D577FF288366EA07024,2018-08-11
E920D72AFB16365797955E46913E2599,2018-08-11
35E3746AED9D9EAD9FA69C6D4ABF9779,2018-08-11
7CBF44EFDDB9E6401F31786BEE071196,2018-08-11
71D48EBE5B5D35AD212FCB07379663E0,2018-08-11
AED716F2A571507087AF004F331D9949,2018-08-11
41CE65642EE9559E1892826A3B37D97B,2018-08-11
AAB21B8EE6D46A3DECEDEF613DB50002,2018-09-24
256028D21EB038A0A85DE9493DE1A3E2,2018-09-24
C495AAE4F1CC79CAF4335174F95ABFAC,2018-09-24
AF0D4AA31F5CC6DADA427AAEA0B7FD2A,2018-09-24
1BE22595EEE9E8C6CA569DB24E5302B2,2018-09-24
4545D2ECB840A288AB6DCF5949987E7E,2018-09-24
FDFBC68590B06B23FACCF2DE6A0FEAD7,2018-08-07
7044614F875488188598249691A84988,2018-07-24
57EC50FBC6C7277B8EDCCE44C1352BD4,2018-08-05
68F870FD9708D9569124B7882EA53641,2018-08-05
19CBDFEE0542DE6749B6D1628021BB4F,2018-08-05
774364DD86012B5503A710C4BF612F92,2018-08-05
C98E984527F5BF9F4F673530F184AF62,2018-08-05
4549717C06BAFE84FB1FFE5DDBD7EB2E,2018-09-08
FEEAEF16683900608922225433583714,2018-09-08
1CEA129C63AA9602A1A7CB75CFA1FB45,2018-09-08
E5DFF57F779B2CC4C2C96EEDEB665ACC,2018-09-08
AFDB14ED8B465437CF4A3155626358A7,2018-09-08
DF47CF0C5A2D7E07F910CDEDC94CE4A9,2018-09-08
163EFB335BB5A80463152B98971915ED,2018-09-08
46B0260D63886FE06AA496B3B0854694,2018-09-08
4B52620535B533B2271FBC73313C24D4,2018-09-08
3F0075EF13AB5F4DF534BD5D00B8BFA5,2018-09-08
9C690C394CAADFCC185585E239D99D9B,2018-08-30
1BBCF13621604F9F41279EFCD701AB07,2018-08-30
7709833232AD9720F6DD21A2F5D8690A,2018-08-30
503AB1BC9E19C89B0425ED404E60F062,2018-07-16
33469F822404E8FFAE1B545FD5427886,2018-09-30
A6CDD67BF75383F985DBF73563887DED,2018-09-30
29A56E20BDAD2067AEF874E2EC86F203,2018-09-30
E069FDF17198500FCB6DDDF406ABA122,2018-07-22
32EA50E1FB1D43BBDCB4B8D423C83D9C,2018-07-22
75D4077943E2281AEBA789BB5E0E2780,2018-07-22
6BC55411A1C8FF8BC298070DEBEBCB46,2018-07-22
39C7855118A6FF8B3D89CBD65FBA094C,2018-08-03
3A9B0C063FC309F0B918C7885EDEA71D,2018-08-03
53C62BFF7D715334B8C3C4904EC34880,2018-08-03
CEF3AC7B61219F2A262D28A942BABABA,2018-08-03
BC6503564939EA61982B7111F9051C50,2018-08-03
1702F9DEA7AC59FFE21F48829E4A5D6C,2018-08-03
3E7B4C25642C7BB53A61F09572FDCE2C,2018-08-03
B8388B36F918FF3B0D5DA3DA96245CD2,2018-08-03
30C9F1FCEBB2E40593350BBB662344E7,2018-08-12
E973B7846D23B8B642E90184729BE686,2018-08-12
2381980E778280D6A575BDA13B563B72,2018-08-12
CE264AB9D445FF50DA23D24496D50865,2018-08-12
E78D5128DA5826FB8816426B2DBEAA1F,2018-08-12
F663929B20273533BEFE1C2282F88CB6,2018-08-29
CB3247B1C1CDA46A0F086191DB3FF5B2,2018-08-29
6DB64C1C5B311A9535DDF18B8C33517A,2018-08-29
9F15BC0B1DA69A301AFA0337CE67FE62,2018-06-20
8EA2966AC7BD44D8090DFEC530C2277A,2018-06-20
693EB525C74694F2E6990CA738F5E5D5,2018-06-20
23A02474E07DBB06E55D9CD82DB8E009,2018-06-29
160331B7072091A25322A53FFE4E9F9E,2018-06-29
50D5028F1DCE89BE37B46B55CACE5D14,2018-06-29
793A045251FDBE9306190B13E7D30BC6,2018-06-29
2C09084CE40D1FDA2E9C3157E8CCF4DF,2018-06-29
27C0BAADCE9520F17249A8B85F6477DA,2018-09-01
9FD6E2CD74490F5DA5F52D249CBB750A,2018-09-01
0E9150E8985138A744B88D56F015EDA7,2018-09-01
EA89F979E0D4C374DBC95268982D18DE,2018-09-01
6C333017CEA199B69BB27611BA5DE7B5,2018-09-01
5A66BC427F25EFFDFEDED4A07D8F9F91,2018-09-01
387B532B7AF7A362DBF783E34C05BF54,2018-09-01
1E882F0B9818614D6E47620DD31229F1,2018-09-01
9F8885F0261FE69A58C8B6AE9176E437,2018-09-01
B82793CB1270A48BB2697C51AEED3E4A,2018-09-01
27210AB7E69B78491EC3560089A193AD,2018-09-17
625B68C757B6B3A4EF64BA934546FED6,2018-09-17
989D5092D062D1B432BEB9C618B21431,2018-09-17
361F3570C32F1CE252B63BA587E7BDDC,2018-09-17
C3751E5C501D7C729C8F3B49F20FB710,2018-09-17
AD0F96C7E7C9971769FEF621FBE84927,2018-07-21
2469D440210E25CAC70CEF358AFC452F,2018-07-21
80354607C9B97BB31633939898EA85B5,2018-07-21
8EC69D56A1BBBE4F2691746E39B8756D,2018-08-08
8F9D2E21E1B2D41941545BAD0182F182,2018-08-08
AA9C5876D7EB769A269380558FEE0C6E,2018-08-08
AEAA78A175DF8EC1874201A0F5B0E651,2018-08-08
9D54BCAC87881FDCE8AE85421CF74BEE,2018-08-08
D6805D6DBC696E9A33451DFDC412EEBF,2018-07-30
91979D6AA48FF37227185A3040DDBCA6,2018-07-30
AEBA9BC15B6A68226944455204FB84F1,2018-07-30
B83E97CDE1FCF1D681206DFFC5F1898E,2018-07-30
CF3A97ABCD4D943D9FC614F0438BF397,2018-07-30
1CC05D96EF52B955709FC4E2FA4A5959,2018-06-24
A17422CAA8DC0BE4C747BE58A1270EF8,2018-06-24
2B35B462902E48F2B0CFE0E9EE9FF9B0,2018-06-24
028CAE01A9F16A228177C973451441A1,2018-06-24
E3492AB10226572FCE8069020EE1FD7E,2018-09-26
A589E514691176EC924A52F389D49A4C,2018-09-26
8546A59436108D3668DA06CA31FA4687,2018-09-26
73055B0ECBA167E1E967DFAC4568A326,2018-09-26
A0130C6FFE82A4523C6F6E97EC0A9B02,2018-09-26
88CE6B580698B1629E831342E186DD0C,2018-09-26
CB04A70ABA1698F2554492072C199E39,2018-07-27
4A95EA257AEE9F06F8827F899CF9948B,2018-07-27
05E40704E85030AC8EE03ED69A7D6FEF,2018-07-27
E83D14E125252A6E3AEB349FF07C7543,2018-07-27
F78EBC71DDA40F7C26294DC2548E3DFD,2018-07-27
BD76FA48CAC77875E95CCF0E142E4353,2018-09-03
6423FBDB63333D5EF6E628446EDE5635,2018-09-03
D0B47C51E0A61F1D0F25F05396D8ABA2,2018-09-03
60A36D65D2C9A3DA5C804006972CCAF8,2018-09-03
BD2F25C4375B34CD44952E51B37F3123,2018-09-12
E2FDD72DA7D16A791760C79249F057CE,2018-09-12
4ED2EE747CD9582D0E7D0FD40AC126F9,2018-09-12
9E339326C97677121AD14745863FD920,2018-09-12
1AF671545EFF5575637F0171EDEA8AF3,2018-09-12
DD655E95937C4F48F6453EF96A42277B,2018-09-12
A05BC65EAE8C4B3219D438D30537C110,2018-09-12
615A93FE232A36F62D0885FEA5242877,2018-07-31
0584BA0341848989D386717D9D376820,2018-07-31
97FC6F7C4648588BD15B4355D43C6BB1,2018-07-31
9C480845A4CA91E1B4A794B6AEF425BC,2018-07-31
B9ED3615FED0CEE0C395F4676E0759C3,2018-08-13
C1401D22C2CC5D9C3F35CF5D3C0769A9,2018-08-13
39EF695D0747486FAE1BCABEC98EEEC0,2018-08-13
A1D0D1B1F6207F2A909227367541C6A8,2018-09-06
402F034E93C08042F10CAE155CADDA8F,2018-09-06
87FD184B22403BC8671DC8B7A5575FFF,2018-09-06
7B12B56BE42BA15EE493BDC9902B54E4,2018-09-11
4F09BB9CBF9E3C4A742B1D8B42D2E60A,2018-09-11
350EE49AD4A5D94271B68547943EA11C,2018-09-11
95B590F12E8E14749D6634ACD4AF518F,2018-09-11
3A7553A2D2981A4331D5E0B3B558B18A,2018-07-06
5C49F012A7C6729B55DD78A2306D481C,2018-07-14
41F2F3A20169A17889743FD20E46867E,2018-07-14
B4779BA343D997E8064B20F3A4098141,2018-07-14
9B7FE90C25E366DB974B1F54E0883A40,2018-07-14
49F9F37D8049227C24BB55A8D6C29578,2018-07-14
0393E8CD10D9BAF3E2F06D31395151E6,2018-06-22
42BBD7B37D3A0FC623BE1A919EFE6DA5,2018-06-22
3C6F67B8DD623BB301D3FD7A2E7675A8,2018-06-22
9AAAE2A96BA29B283C25AA62182ECA9D,2018-08-24
D6CC18354DA88C5DF912FBF20422ECBA,2018-08-24
19D4999CAA44D4877A481001A486DFF0,2018-08-24
E4E7A54ECE97237E75C2A4F4D51E5C71,2018-08-24
24662C2299FBDFDBBBB3F340655200F1,2018-08-24
14832E0DD9C00C1F9F4B291F5CDB926E,2018-08-27
677FDD1656297F161FE8E0081699BAC7,2018-08-27
D7D49CC32C4A23AD56E8DEAE6878EC7B,2018-07-02
AC103055E83E587CED6353022475BC46,2018-07-02
0232A0C6A31572DBA6D6CB0F2592ABCE,2018-07-02
85549E512A7BB6B13BD956D427B86C74,2018-07-02
83EFC46E4DDEABCABD11F72FF4841A5E,2018-06-13
744567DCBDD5AACE58EA12FAFB3FC95F,2018-06-13
51DE65CA1CF146DE061ECCAB521CD177,2018-06-13
98854978508568A4D454EAF6B25BDC0A,2018-09-14
95D84055FBF1ECA47184315BFE361801,2018-09-14
A33AA9C2E129CCAE6C571C8C2CF05BB3,2018-09-14
88D87254AD30B9DAB8DDD4447FA74B11,2018-09-14
9E6B9CF7D34EDB24F8A4D5935914BC37,2018-09-14
5D8A7AFCAAEE84500AE904656B556E63,2018-09-14
61A1C5F0C88099572CE914B2EE66C12F,2018-09-14
EF8DD3D783801F64DA41CC4892A9801B,2018-09-14
9F5199E8FF7F51F05D5C91BCE3C4A3B6,2018-09-09
209D3368AB11C7D223A6CF95CD1F6928,2018-09-09
860EFF376090269DF25684D8769DF55F,2018-09-09
FC0E10ED9037CA6C75458E20AB85F350,2018-08-04
09FF3AA4F3FE00E7FC084395C4615EA6,2018-08-04
7EAB3B95428334BC943B7846F046FB9B,2018-06-15
7ADD3B68C9749E8085F3B6A38206E39D,2018-06-15
71D9049FE1BB6FB30F0111D464315A10,2018-07-15
EF2ABE51605E2E6787E32F4A2CCE1B5A,2018-09-07
C6A48E7151FD7570E5AB3A087E00942D,2018-09-07
1A6F91AC412F27E9BDBD9BC56C86C403,2018-09-07
E90A8FDA1D41057AAB8A72644731B422,2018-09-07
10C65E08F958FE2115B67505742C2CA5,2018-09-07
A20EF048E0EA159F48FF0B5C51894AAE,2018-09-07
76633D2AB766B70D281F018B53E3314C,2018-08-09
6A81786CDC6F931B430B09D7FFDE8BD7,2018-08-09
5E3CBF1204F069C8F4474D492A361CCD,2018-08-09
E526ACF628AB5E6316F9DAF12F7C45A1,2018-08-09
50DB9A855B9D9B4977AA4512D799E928,2018-06-17
522B9855780976D4986F522B61883AD7,2018-06-17
4116E16E5DFC14066E386D7FCB5FA799,2018-06-17
E50040332FFC349B06262CEE75DF9730,2018-07-29
329CED961E142CCB57A242EF7E7CD210,2018-07-29
835765A97BEE13977198CB622AB23A8E,2018-07-29
E0EDC4F06D823832B65151832F98D679,2018-07-29
B32D17F406C3624BE53004E487639F50,2018-09-21
633843D8A31D2F78A27B35B77CDCF620,2018-09-21
7EF4161C78116496019E01ED8D7510B4,2018-09-21
5DD6CA2F84172F84B0D08D10E02FD015,2018-09-19
2C5D01AFC06648C3E53351BEB37797E2,2018-09-19
91A2560153399B4323A14CD148CB2F1B,2018-06-21
955ECCA7F51F6523D6F528819D58B594,2018-06-21
27E0D1C7B0A13B685AE0F2AA89B8B1A0,2018-09-20
5DC3504A60414E84E6C08DE92C55F366,2018-09-20
6B7F85DBAABE78A99689D49CAE22072E,2018-07-05
33EA15FAF247CEAE5A07F39235D334EF,2018-07-05
719D9B4C227C6191B8419D7193CCCBB6,2018-07-05
389D0CAFA71841F0A632A44B14E2DD18,2018-07-05
C74B58C4CD2770A1E97D6DC13D42CCAC,2018-07-05
16D62BD70AF92911C18DCC5685F1B712,2018-07-05
E5B46EF4557F636F947C8F3398E68551,2018-07-19
48C375B3FA9960A884092B56312793A7,2018-07-19
2AB4D31F327FBC53C61C7BC533087133,2018-07-19
DE7350AD7068B30F98279BBD65AEF609,2018-07-19
FDC1699ADEAB83576C842727BFC5E16B,2018-07-19
D027AFF0661BEA2E7489622F24AD0AC0,2018-07-07
A0D023B78197471C25961C29691BEF85,2018-07-07
1E745A3377797A387552386F37AF323D,2018-07-07
B4644C48E3001E68B007D7F86C2383C8,2018-07-07
7ED4165854463C38F1D739A2014001D9,2018-07-03
2920B9D90561E521425DE4849FAAD1D7,2018-07-03
CDB3E008092CD77C3620521FD1F2EB15,2018-08-28
EA8FCE9C5611B63C839669082B578E78,2018-08-28
C576922AC96E60240D148752D36BF34C,2018-08-26
B24B8B30B5849E3E9AB68263BD1A66EF,2018-08-26
21800364E4A96B779C0E2ED76E4972B4,2018-09-29
C4D5047D953E47CF2ECFF6E827420A99,2018-09-29
A9A4D9ED654B50C55143A93AF35088FC,2018-08-23
0DE4EBCE44333B05234A4C1788886EEB,2018-08-23
9521F610DD97622967149844C7CB029E,2018-08-18
D5A644624E0D407445643D503F43B944,2018-08-18
CB206CA46FDD13AC2030F27E7DC54E26,2018-08-18
E363394AC2BAAD51C9C25B17402EDD23,2018-07-12
32C1FC06D7CEB6F161FC2EE0EE8744E8,2018-07-12
C2C8E0E8C41AA5C46818FF7008C353F4,2018-07-12
AEEFEB2B840AB521A60BDFB354D06F32,2018-08-15
19B5E340A2D84666E5178E237F29A22B,2018-08-15
26DC8B3BA60E0AE3BD992A7F2396E490,2018-06-16
3D94E35576FC0DD6C96FA116C9CD4F07,2018-06-16
267E5A86ADA8B1DEE4DCE2983EDDCA32,2018-06-16
0B74484DD41F519B4810A14A953CAA18,2018-07-26
0E4DA497F21D37D7000DEFDC78BC5834,2018-08-02
C8F8D0690CE62FC1DEF00A5B121BE251,2018-08-02
AD4F1A309EFC484D95DED3A5CFF63D02,2018-07-10
3854B836FDA5CDA15382843A8EA25684,2018-07-10
7D05DF6F0141D016FD20F7B8E71FAB0A,2018-07-10
9C4FEFAD17C4F7ED14D582A181B34264,2018-07-10
90EF405F5D9151A5DE83569BB7E7126C,2018-07-10
F553AB13C0D66F0916896A26E2B86906,2018-09-02
081127AE41DC255A6C94BC780A948126,2018-09-02
89E4F685DF983A177EAE221134468F95,2018-09-28
085786B723B6CAEB0C616C4E8A1A6509,2018-09-28
CB7266A7C254F626D21EE1A060CB4926,2018-09-28
13B53755195B2ECBBAC9596BE166D906,2018-09-28
5F9F442C54555F383AB3505ACFE38693,2018-09-28
98F24970B416ED0CB0F56CAADAE3AADC,2018-09-28
5C88C93657AD82A97E74647EDA754E6F,2018-08-25
D4904EEB1F4E5A65A77C112A9DFA1042,2018-08-25
DC14701AE5C2808151BE7008898B13B8,2018-08-25
4CB2982D99040F4A2FA067BC30657D61,2018-08-25
21C8516D8DA71E5746CE3C9F1CF61C32,2018-08-31
862868F0DD0B7B3DA71D810445576B9A,2018-08-31
D8B8615DDE319FEBE0A2AC1364E2C2EC,2018-08-31
36D4AF54541384D73D11BC19EBB0DF97,2018-08-31
48C4DC2896012DF4D116439EC39A3C4C,2018-06-14
6C1FED10BEEA4B47080B944ACE9E835D,2018-06-14
17CCC6417A528996BFB7D538189F62F1,2018-06-14
4520B339B7E42A42DC731953E8E22FED,2018-06-14
83FB573BA3F8C6488307B3ACC1B6416D,2018-06-14
121BBB2F7F2F94B1DA7F75FD08709E0C,2018-06-14
487D9785E18696BAB96C871874E10833,2018-06-14
8214E8A5909663C33AF6CD45E7C24550,2018-10-02
6A73DEBF84DDFF1B84109116234C32A1,2018-10-02
7554EE82ABCF7A3DA3DC48ACD8083A6F,2018-10-02
814DC12FDC4A62A4A0CDCF837F04CB17,2018-10-02
3BCBDE9AE51D4CC529190EF2C7AD0AEF,2018-06-12
0B63D33B5B2251B42D4237903F07FB6C,2018-09-10
1E4AEC3626FA2D8DA2522810B11A0278,2018-09-10
E700BD83FAFB7509FE2F45F2D7554326,2018-09-13
8E150A8839C964819CC821BABA13E2A7,2018-09-13
E7C4F8D9F6FD4CE1968FAF0D3D19FF54,2018-09-13
832D2F8CC8C77F62E309FE25965DFC6A,2018-07-28
9ADEB91371156DABDEB0B821A4B1DAAD,2018-07-28
CA25BB4B75200DAA4714873BA3EDEEE1,2018-07-28
3E224193E1BD44B0EF091A4E4EE44EF8,2018-09-22
00F318B55E522F45AEA8DD1973AF0C07,2018-09-22
EE8F3C9F5435222D90AAC8FBE85F951C,2018-09-22
11A815DE783862E6B7D12BB43E1C3DA5,2018-09-22
BEF5D5FFD58E3C06524EF00937AC7E5A,2018-09-22
6C19D552A42F7FA8D8B4AD9CB6F372AC,2018-09-04
6E66FDFAD3496F82200B2C23B1EF0EF2,2018-09-04
BA57B56B417DAE6061664E5822D0BD82,2018-09-04
626009813D7731D71D9DD3D396969BB8,2018-09-04
92223527EC99D40F19F082BFED11BA6B,2018-09-04
9A10BF8F0166076BD918A5027396A46B,2018-09-04
52CA2B9D0999E660D187E3FF8CC7678E,2018-09-04
EE1D33F9073FBBC4D4072E958FB59E96,2018-07-20
94795A9ADA7A1C9E28C37F69AD515CA1,2018-09-25
AF355964213E53A6B5498DB076D2E9E2,2018-09-25
A31EFE1B3F5804E91783311C5C5831D2,2018-09-25
FA91B6B27F076DC71DEFCF7FE86FDD6E,2018-09-25
C846380A33849DBF88BDD6A84F49F44C,2018-09-25
D5FC41D56F3795124F51858F4C1D3023,2018-06-27
678D619FC6F6894707551C3636227D85,2018-07-18
E4BF85A205823565487EC61CC754D490,2018-07-18
E4DE819781767EFFD5AF5C06B99893AB,2018-07-18
8B9EB9AAC4899BF113B8498CBC3478BB,2018-07-18
9635236AF20F767026F4974060D2F680,2018-09-05
A496FCC38B8DA24A1BC1B0BBE9F15CDC,2018-09-05
55E9F64E0467628594A2DD0B8BDB9EFA,2018-09-05
B4BF91F8CFA904E81999D0422214BDF8,2018-09-05
44CB977CB944DE7FD71943CE9A304F9E,2018-09-05
E895B73C574D64F0B5869318DD022053,2018-09-05
FCE49BB9959D7A63E9A90DCA139DBFDF,2018-09-05
EF7772819E807EDBD8DB0F0B5210030E,2018-08-01
95BA293AA35541DC534B571F10DD41C1,2018-08-01
6F6C09DB9EC0E34E7DD2B41417B86456,2018-08-01
C2FBFD78E9734D601D394DA76099EBFD,2018-08-01
8F69F63C94FC7045651B1B164AE7B379,2018-08-01
3770FAD4592180BD3566A005428AFD1D,2018-10-01
B6B0F4BBC09D5060440F7E798F85118D,2018-10-01
5CC7A13D8E899EDA7551DE90CC661693,2018-10-01
240330E2483150F5C77DB21FEA37B0A1,2018-10-01
D4AD31CC56B2702CD297638EA4360AD1,2018-10-01
E3DC42160E4691F876D10A397600A05E,2018-10-01
8AE61BC30F02ECB3AFC1B6DB91FFDC4B,2018-08-22
ACD033F637CA3A9C43CBF8ACFB48F8B6,2018-08-22
BD12A3941DE7525CBEDFE0C620383F6C,2018-08-22
3E4C43800AAF680A27494242E956F838,2018-08-22
C2F62D6F8815057409C5F511E3ED8A89,2018-08-22
46C73D31CCFF85FCD1DF343F8458FA10,2018-07-13
053914EB0DA99A613D6AF0E92FCA9940,2018-07-13
05921BC5E3BE3FB4BB7B38A43E1D401F,2018-07-13
A48E8402E01E93E43524A2746524FF73,2018-08-19
7A2F2D5700419C320E18E9D366A2C6B7,2018-08-19
ACDEFD8D3F601128F8B6B55256028E1C,2018-08-19
EA2466D99A238BA678E4DAAC7E87EBBD,2018-08-16
491146C3F268CE8EDBE7652004FDF5A9,2018-08-16
C01FF96A06BECB4B95FDB08F2FAD1FA9,2018-08-16
342C835CEA858EF92FA64D22B41FB031,2018-08-16
E9DE33F197EC82071E63E289323369CA,2018-08-16
1C261CF14E530870D1889225A434B8EE,2018-08-20
DE860F06A62F2D530580702B72BC40F9,2018-08-20
C4E5C52AE26E9B3FB89B260C983DE73C,2018-08-20
8F77C59AF991EEA6CEC54EE8AD78E23D,2018-08-20
EED353A934B17D0F7C038AF551C14D2C,2018-07-04
9FC8C8D89843323CBE3DCE4961C4EC39,2018-07-04
68B5D960072F6FE9F0A5E5E01695F332,2018-07-04
0F9FA601689A8E3B9A218B35CDB6C219,2018-08-17
B08E7CF6F2FD5B89D0736DAC76D9029A,2018-08-17
E83D71D465C83BB00F6C0C5DBA5466CA,2018-08-17
34421ED88E86B273A72045EFD913B5F4,2018-08-21
5BA2B0B18E94EA7EABE532297E83F0BE,2018-08-21
DDDF330206C8FD63B6C78C3BFB13F801,2018-08-21
F27B48550E188A679E647268E9B9FA23,2018-09-23
D5BD1DA8233F61E8B0AFC5A9A78EAC8A,2018-09-23
C38E5A1FDAB0CD79AD2637271F794164,2018-09-27
8BA300F0EF8B941BC7C2B9A67A0440A4,2018-09-27
B4252790327A2AA2FAD7D0A77E1F18CD,2018-09-27
DAEC1ADA21450FABD3B124D69FAB3540,2018-09-27
ACC9710DAD24A644E2F9360C67EB9110,2018-08-10
4AE8800A9C41B2CE0D888693C5D1F85C,2018-08-10
4657D96DA15E782F8E82EBA5A791BB66,2018-09-15
7FAD5B22FFD8C9FCF710E2FE86F5EE82,2018-09-15
B1842B535ADDEC22E14F1A9E727E7421,2018-07-25
9EF6184EA5F102B0D89A843A453A1BF7,2018-07-25
78EBE4E871C352FD3B35EEE1EFCC206A,2018-10-03
283FEFA0E2BF80E4D0CA8897819CE94A,2018-10-03
0B6E404410BFA800282513BDBD639445,2018-10-03
DF72E958CCD805F5A0CE935ED318059F,2018-10-03
FA4240B452D82B615DEA72DF6D3528B7,2018-10-03
C11D2CEE54EF4DC4655B7D87BC1B7F1C,2018-10-03
BECAE3B757D93900084EF7404D609D4E,2018-07-11
C6744BD11EF12F9BC33F8A9BAFB642D6,2018-07-11
C35849BEA02BBE500370DEF84511F856,2018-07-11
54EEE6C24B723126E17219F5C0F6DE12,2018-07-11
D7B9BE527E27C854698D6095DD9AD1DA,2018-07-11
F953F00C82353F3591EC20DF652B68AE,2018-08-06
0CCC9C71BC84C8B2503B9EE93191D263,2018-08-06
A153C00220FEE4D83DF879F7D5A6CB07,2018-08-06
B0B5FFB7FD2BC3637AA7F70832957458,2018-08-06
20FCCC7CB1550DC4A2E15AB2C3166824,2018-08-06
C3CF8D010A218064A32EC45C3F446B2E,2018-08-06
D514BD931235C2F4E3204772D4C2E47C,2018-08-06
9BFB7620C29C4639B52FE76D4D021539,2018-08-14
AA22BB2C4E3042B8C3B85D373A252BBC,2018-08-14
D49B24FA9F7D4D482074FCE5E0469C55,2018-08-14
C057B75E2B20B1A4A09B771C52EE0CEF,2018-08-14
1CC6149DC59EC6D8FC8B08CFD7912987,2018-07-23
51F5DBCDE3507580491A5A234DB4B202,2018-07-23
42E20D95E5AC8A85D895C158FBAA1329,2018-07-23
7A7049EA3CC84AB4C498F4DF40003AE5,2018-07-23
B17655AFB3FBA234EFC9DB496DDFA278,2018-07-08
C6B7ED4E2FA4AABE5693A61B9A07753C,2018-07-08
FA5EFC7F0862BE935CF3C0BCCE5C38F1,2018-07-08
FFDDF354D9B9E851D2A62ABAEA17DA3E,2018-08-11
B96742012753A7FC58537387657DED5A,2018-08-11
6344D6DD4B7741E868D17A8CC19E03C8,2018-08-11
B0E43D55E7015E85F05815AA155F1D9D,2018-08-11
FBC7A59B3A8BCDE2E437604C2AAF48ED,2018-09-24
1A30353062914207701CA23C0A33212E,2018-09-24
26758918FC7113FAC886E6C0D75029DA,2018-09-24
23670FFEF0FFC29FF59EA8E1A82E3A93,2018-09-24
1390D2417B013089ADBA4EF554360D5F,2018-09-24
3D7CFE25BCB531BCDE2E25BE5D8526FB,2018-08-07
F24F41EC0396166669C20DFC3CFBC7D3,2018-08-07
CB9BC9B3B2C16D9CDEC4E1C60A1FD88E,2018-08-07
0148FD02BB6E3C6D6092882774D320CA,2018-08-07
945743E3AC497529EFF0081BC6FC0931,2018-08-07
81A07F200581534596EAE948BDEE015E,2018-08-07
E846EDC289792A14A18D16A50F50DBCA,2018-08-05
3A540A2426891205362CA11B28D4D612,2018-08-05
4A74F895139C481B907A37EE5D25BA1B,2018-08-05
1BC92220D3CB5345F4E46D35D14D5FC8,2018-08-05
E3DB69E48378F1EED6C064C7614AACAB,2018-08-05
A1959F7082D82015768E43409DC15E50,2018-08-05
0A2E36271550FE801EEDCFAB763733F0,2018-09-08
98868669197FE8A135B53C57555E87FE,2018-09-08
9F493918A5EE2A503A2E555039A2D7E1,2018-09-08
72F09205C195C6255BB88E9207C9CD49,2018-07-17
051BB6E9EC8D2B13A70DB57A132B1A2F,2018-07-17
4C0CC588FBBD915CE74EADBEE62B7CDD,2018-07-17
18C9F5B3BE1A3C98F750A4C3DB3C8FCB,2018-07-17
6A8DE529CDDEC5B0B170929B2444A588,2018-07-17
ECCE001A6DA43639E5F20314BFA64447,2018-08-30
6FAF26440D250AD0214499DDF954E7A8,2018-08-30
FA944230F31FE2B6FB255BFC9679C0F8,2018-07-16
027806D19A2E8FC158705BF10ACED423,2018-07-16
723B27DABF02945DAFCDE7843622D8E8,2018-09-18
E09151D1BDA55CF7538F1C1515BC5B4B,2018-09-18
6D5E557789275879745EB60D8AA53498,2018-09-18
311E155131CE4C20F76DCA23B099F5D6,2018-09-18
21D029C8E7D65C2FB1487C643403D91C,2018-09-18
95F38E4A027B72340AFADFA53B39B64E,2018-09-30
E8FE09424907F6CA22E68BE02A0ADF2C,2018-09-30
508DBEBFA1177CC5FA7CC5ECCEE8D0B2,2018-07-22
CE37961A20C06C1ACE22288FA9851B39,2018-07-22
2B757F72B54587C6FECD4E73A348EAE0,2018-07-22
4E5DFECCF4C908266F4CACC26F7AFE6D,2018-07-22
21D29079D74D0CA82E5850EB9C86F820,2018-07-22
5EF1B18EE3587E6269B55471AC7022F4,2018-08-03
1AE6C4E5DFF6715503FC7C79A7C0C363,2018-08-03
0DF6A14F536F6514A6F18BC12A532A82,2018-08-03
937D215BDB6A9A3A2AD378DC9BBB23CB,2018-08-03
89427602D4335C85A7205E64B3347655,2018-08-03
91691D8B63F66F0D23D6BEBC96408779,2018-08-03
A976A39B8E08829A5BC5CD3827C942A2,2018-08-12
4A8D4276A1EBBD17E6CB7EE30FE71CC2,2018-08-12
2F5DDBC74BD7242C908C326F73276F07,2018-08-12
83D8C7F90DAF2C832F05A9DDD8693135,2018-06-23
083FD14A74166E944901279BE6BF56E6,2018-06-23
6EA1137F75CF7242E030F0FC80CFE1AE,2018-06-23
389AE1E45F3EA1FB2083DF6129301E00,2018-06-23
D8A18122A50C4E306B96411A5FE201AA,2018-06-23
82EC0357F7A97115EB30AFC798B49EFA,2018-08-29
0579CD8B9F2F5C48A5F1ACECF88750A7,2018-08-29
27C88E1533471126F779ADE591D7915D,2018-08-29
64D78D4FFDC962C09639D6097BBB5202,2018-06-20
299DB08B3764144B5061BA1D2375A3FC,2018-06-20
AED01413FADF3257A5FE6BF8626EDB3B,2018-06-20
DC930EB0BCF5A8A2233B766CEB3EA42D,2018-06-20
F81180A020502492D27DCF8E528DB0D7,2018-06-29
B4E80A7992C6F1E4EF163BAA3A54041A,2018-06-29
5145D8121071A9EA903A1098034962F6,2018-06-29
DC2AC2DD1ECAC8F2F2EF270E55452C96,2018-06-29
2C15FFDEDDA69390B7A8EB5808FB7ED6,2018-09-01
B9A395E297106E5D6F72747F84AC7AE5,2018-09-01
7331597E5500811253BA85AF851A193C,2018-09-01
F2E0C639B4072E13D6192F79C44AEE87,2018-09-17
DB8FF95DA0346459D3EF59D5142D9ECA,2018-09-17
77F90D0679B70659DCFBED317724FAD1,2018-09-17
C1A8B1E41C2F28BBA8BCAC12897550F1,2018-09-17
A68A8C14F0046037318BD385E3B01969,2018-09-17
BA6EF33BC97A7E0C72E257EE1150523C,2018-09-17
BABFE5F6C9B660265BA92AFB8EF9FC8F,2018-09-17
7F12F87E29E894031F904B8BCA1BC05F,2018-09-17
F5B3C520B6C16AEF201A60393DD5AE91,2018-08-08
E4F96C2B9E7D86FB0F0F14F52755933D,2018-08-08
55F725AB1CC8281CDAC2FFEDC35423F4,2018-08-08
54506E5CFFDC0AFD69A379427447BE95,2018-08-08
8479882D86055C6A33EA8ED16B94C30F,2018-08-08
06CA59D82946D37E6ACDD0EF9A19B8CB,2018-08-08
FF845C3FA64B4020EF5272852ABC11CC,2018-08-08
EEE628A485F44D66C44261AFA8FF8AEA,2018-08-08
378D3B51D99A076B2E978EDB669581D0,2018-08-08
9C4FD2B8EFBE7F68A56C522FF0C52491,2018-08-08
2FCD876603363FFDE5239ED45BE6B905,2018-07-30
53B72ACCC8E47FB2057DE08C75A1E39B,2018-09-26
8089D60314CD9C85CECA0EE70971A80D,2018-09-26
4BF2039D50C13271622524683CDE549D,2018-09-26
43B0C02FC1A34A9F6149674983A02DD1,2018-07-27
A421EBCE8AA69A980AAFC4F141BDEFFB,2018-07-27
7C632AB83C2A58075244891518D3D415,2018-07-27
E60C69A0137DC94933335C299D122033,2018-07-27
7CC3E48F863D45B2DD78029A7D200FC3,2018-07-27
81388F7CCB235DA0A72667BE51E61FE0,2018-07-27
7064BC64E47E869B36967E854748969E,2018-09-03
6A9AB23D029870940ACDD4B67A5453EE,2018-09-03
CAD8397F37BC5D67D1866637DF64B9E7,2018-09-03
A89BC996120727ACE4C955CA37F0E042,2018-09-12
AFA25B217428A5328ECE8D2C4C583916,2018-07-31
82D88F3FA66B2FBC0FE9246E07BCD454,2018-07-31
B2912116E7B957900D6B69D4E50F0F9A,2018-07-31
2A7EEC4B71E9E97EFD6504A7D57931FF,2018-07-31
08523B9E65D032040F7380EF8EF400D2,2018-08-13
5A15AECA3E40D839E4D6A49F697A3A52,2018-08-13
3BA5D621AA0E44896D007BED18927D1E,2018-08-13
B2089DB2A7A8996E0FA25E5D02336F0B,2018-08-13
DF2035402F934E7B23D97854C02A1F09,2018-09-06
ED5AD47079159F51DFA5ECBD296B4F02,2018-09-06
94B02BA3020E382B3456932FA88A03AC,2018-09-06
4B6CFDAE1DAD6B5F0128A3220FA8A8FA,2018-09-11
3A440774ABB6003A78E865018D09B902,2018-09-11
93B92A2DEEB6F663BC35327FD59811BE,2018-09-11
1F0F7898A5CFCF4487F7A550FF382C0F,2018-09-11
A0E4CBC39F80333CD04752389208DBCB,2018-09-11
A7350BF43C799C980939BDFF0B6268CC,2018-09-11
46C897F59E6B7886CE1DD609DDC5297D,2018-09-11
5E758EFFA13F053081A31C64FB118214,2018-09-11
7F081AB5759014BBAC6C0C5FA6A45218,2018-06-19
6C02BA08A0538FE6C2E8D7F6549C0E4F,2018-07-06
2632F8B1C1F26EC8BEA76F88228D875E,2018-07-06
D849FB573A9B61AD00A57DAD01821DFE,2018-07-14
C2F7F06C679A76231BB7D773A037534B,2018-07-14
BCB7ADD0B699E763A1324C46695E6F34,2018-06-22
1C424EC32285911A5A4B5DEF8E5BCE3E,2018-06-22
33ECD3B4663C882E99EA9D2276322D20,2018-08-24
193F34B68CCF6A48F446DFC708A253F1,2018-08-27
3CAA89457CB5394B44A124B6BDBDFD70,2018-08-27
E99D4AD5E5663BABE4AC08C027C775EF,2018-07-02
47055E61DA0D1DF28229E1096D48492A,2018-07-02
7778D7D1A9CA4A7D7536BED5D98F44E0,2018-06-13
027BB047D6496E6D274AF1380FCF13CF,2018-06-13
9739CF7747700632F707FE234CEA7C00,2018-09-14
CF2B433E209BD2CDE653B2AAB49D2FDB,2018-09-14
2FD105AC3C973CB84F166D7E74F3BDB2,2018-09-09
61CADB51B3B77EC78DFAA937B3FF8230,2018-09-09
42BFCCD7949434116B276D7D0AFA7449,2018-09-09
6B181883ECA17021A2795EF8234D3D91,2018-09-09
AB6D35BB8740F67100873630F0E4E227,2018-09-09
7091E3F0D0D06E818017F86904394CC5,2018-09-09
88E99CE30B65345ED0B118869B6AD035,2018-08-04
3C8C2110DC4556D3E28568CA68172047,2018-08-04
76867AFF971A1D5BCA884B56B8A02B38,2018-06-15
46A72EA1309825D932CD8956D091E7AF,2018-06-15
1E533224E9BA4978EF0B2A4D87BDE24E,2018-06-15
B4E7C450E25659D0193A97157D730CC5,2018-07-15
F5399EDCBD933CB1A80F4975D796F98B,2018-07-15
590DF903B5DE58590E109754EDB79809,2018-07-15
47FFEFAC7F5218B6AEC9B40FBE508617,2018-09-07
8715F32A9C6E70EAB6895C0581400E6B,2018-09-07
622FA3C49F915DFCFA3E0790EBEA2100,2018-09-07
31D5069785D55AD5A7059983946A8959,2018-09-07
0E5DAB111CB3C0001C0019712A83CB49,2018-09-07
43B9E5915CF39E53BAF74E0B6C201BE1,2018-08-09
0AB1C0CE7818F484F7583FCC2DB2A6DF,2018-08-09
1845E883F5E20391CD3BD68F488A3C5E,2018-08-09
CB8D3D1B22502C78B5ED66A08A5C7CED,2018-08-09
0C792683C05B6010A6C3BAB01B2765AE,2018-08-09
70EF8D8DAEA122A39718DB848634592F,2018-08-09
A55D4E8EC90FF07D0489BD37D4AEE69D,2018-08-09
F37D0945286059018632F1151EFE1AD3,2018-08-09
D8F0003FCBEE71C9DDA3B5E7F71E2E87,2018-08-09
6417FF52125A7DD2F3D34621B9F137E2,2018-06-17
326651F167D600272DA4EC5EE0618D07,2018-06-17
9BD663F05EA7660B40800C28E2BF59FC,2018-07-29
11FCE87078342891B101FE7F59E76347,2018-07-29
FD807541F1DE049B5D16ED3EE2DCF160,2018-09-21
86351452DC4746F0D4ED2A87D528D915,2018-09-21
D062434E16FB29B3397BFC96B7F44F8B,2018-09-21
93D1C9C170D86CF527FD6D4D46B38DC7,2018-09-19
71C2AA64A2F04946EBB47151B2BDA812,2018-09-19
9A8FEE70B6945DC1B1051F82E8E13DF0,2018-09-19
DCEB9A1F6C5B9B67F0994C7A7388A8C1,2018-09-19
21E8180ED9407AC6381243A802EE8F61,2018-09-19
B413B5A2D7A3419E29DF00F466A75941,2018-09-19
BFE1012C78D7737AF5B5F8029419AF1F,2018-06-21
ADE6FD4459C63E2598D4CDA8AFDD81F2,2018-06-21
6F0CFDB572D883C404AA43B549E81D45,2018-06-21
FC68FD4C1949DC8B96F959281128FBC8,2018-06-21
CD3D8A3BFE9DDD830834C98597561029,2018-09-20
C07B7139F9F13057205EF87542A49929,2018-09-20
5FC527F78605EE99044FB10929B1A547,2018-09-20
F1B841B645E96249BDFD59DB76865211,2018-07-05
44DE25D7B9A474632A68C3533417A1CD,2018-07-05
0B5947E4A35A4F1F66B88E13582340A7,2018-07-19
83FB7D43B1E7E7F56B667667163A746A,2018-07-07
F92B2FB00F381010F8895FDFB47A8331,2018-07-07
6FC11768E2D8132D0EBD54B823E26DC4,2018-07-03
AAECE8DA46F021A9CFE489ADF95DA078,2018-07-03
657E8EB68545E75A6EAD9B6A11C2E773,2018-07-03
981CA03B25810447E879E7E767499ABD,2018-07-03
8AB276B80B01A635BA7EF9C2071C0231,2018-07-03
760224DD438185D3F00938581C387090,2018-07-03
E31617E878328B6183DE7A17DC743F16,2018-08-28
A455B9E2AFF03D3DD29AAD30366003BE,2018-07-09
4E70CB9CF51205F056587DE7F4C49C53,2018-07-09
1EA594389C7D0B4A2C68817830B0FE81,2018-08-26
55BF8BB2457C1E8B554058947A484334,2018-08-26
E17CB4D71A4A2CD6C79933EAC4988694,2018-08-26
8165B8A88DB3120D9C73A19779230F2A,2018-09-29
ABF34B528D18C455F276DDD3025A100B,2018-09-29
C2FC4E7982D01DC11CB23FD5077F51DA,2018-09-29
0E0C0F08123CB27BA63037F04FDE9248,2018-09-29
A611E96FE7B03B93D159F8E8134716C4,2018-08-23
B909E553481A3C9AD11258FBF6200D66,2018-08-18
735D0773BF0193D26BA48A56D1C69CAB,2018-08-18
3E056B27F7B82865BA29F42CF4262696,2018-08-18
E3EC1FF7F55F0586B2EE13DC3E156F25,2018-08-18
DE622694FDC3B9F57F917F659111E9A4,2018-08-18
42B9A14B99CF6FEE630005EF1F03FA19,2018-07-12
28AEB934872EB727F66ED2FC4789816E,2018-07-12
5558FE9EAD95706AE24CB71073CFAFB0,2018-07-12
09BDD816257873A6FD3E231C5DE598D3,2018-07-12
41F03CC4813FC0BA929FBB68B6AD69D6,2018-07-12
80B7E9D1DF9155BA2277817B7F1E06AE,2018-08-15
0BB41E84E7CA2345726AD8CE98B8736C,2018-06-16
35D7E0527C5BC0E5044EF3716C845E08,2018-07-26
3C871B56B2654F95B13DB5388E58DDF9,2018-07-26
47A8CC215AA66ED9190E8E11879B8502,2018-07-26
0043CF8841C819015ACD25710D333113,2018-07-26
D9563E61AC76501942B6B3B4EBA2BFE4,2018-07-26
15580E78B3CF93AA028B5376350129FD,2018-07-26
8FBA68B371BCD408B4E1CCD4A3ABE3D1,2018-07-26
4EBC9E555CE3316055264858BF18DB51,2018-08-02
252500B9002C17DA2D9A095309272A09,2018-08-02
FF5829CCC9DCE80240E620D7D66C709B,2018-08-02
01A2CCF65B4BB5DF87B1F9177616C5AF,2018-08-02
9768367BE6132B5C5AD84DD63411E2E3,2018-08-02
C0D247C7C087F68E0504E5B5E5BBFB11,2018-08-02
A0903E7042C13251799B68B16FD1EBA6,2018-08-02
5F99FAB2A6750F6391E248AF619389AA,2018-08-02
4AE8FCFC6BB2D2974D3C5D83DDC33993,2018-09-02
F00F1E006770842CC139749CBA8E9451,2018-09-02
63550F65F0818B874ADA2B18C463AB21,2018-09-02
A25A52E397F5867AF50A97C9911E8A9C,2018-09-02
CF13213745D519874DC3AB772839C6AD,2018-09-02
89D57EAF8F7A4FF245A227FEE9AE9459,2018-09-02
1C107111F6722BA305BF26036F830F28,2018-09-02
1AE32C0B80648F4516DE4830AD288E02,2018-09-28
E10A839237C8E024635BB36936FF4D81,2018-09-28
65590DA8747B4EA65442441EE1F871E5,2018-09-28
422C08B906E37449BA477CF1AAFE7BE5,2018-09-28
41BC7D60F92AA119E0C1643D54EC238D,2018-09-28
238F40560836C5F5E317C859E3EDBC95,2018-09-28
764B8932F53129D15854A1A12393513C,2018-08-25
DAD2E26F6C0E4C6631490AC31BF2DBC8,2018-08-31
EEA7994C33475920620AC49055AA96D8,2018-08-31
A64CA7941E040C69E34F7AA338DA8239,2018-08-31
BAA42D2D94CD8312B6A7F08A576F6A8C,2018-08-31
59C79351BA65506A00F8F940CC9EB337,2018-08-31
DB8E1187DDC1B1EA10231A3F0739CCC6,2018-08-31
56C204C9DD6B595C802C0BDF8F4445D7,2018-06-14
4BBFA2CC3BCD8A6224EBB488B3831271,2018-06-14
4A30145CF8E4787F46E688454A5CB09A,2018-06-14
015F4B3AB35F946F83A1D95599A15FCF,2018-06-14
82BDD23AFEBC3EE5E88EEFEFFE347BC8,2018-06-14
FAA8A7851C75935EDC148F38B4F39F06,2018-10-02
5F4C7C1A20C6606C1F603044A0A06470,2018-10-02
EEC5970AF0A2E7CE993A6A0499FE23B4,2018-10-02
14BA86FEA0B039A91BACA730D3C4DBCB,2018-10-02
7F16DDB44D7421F1A0A0E0AF37F3F2B1,2018-06-12
72C8A4AC76A84AC8F82A9434F6294514,2018-06-12
F36F1694CF053FD67EAB62D5E773AC03,2018-09-10
E97CDE5EB1DF03050A5B1181B8769ABE,2018-09-10
87AA5620C1BC0B96C7B2F620B69748FF,2018-09-10
D88929586E5166ACCF1A6F037A2DB293,2018-09-10
E529979401DB0EF9EA61AFFB020B4755,2018-09-10
E67448ADD4A71BF6B2E82278F6252A06,2018-09-10
DC400E1B157258545CB288C8CA9265AF,2018-09-16
4AEEE533D8FAED4AD0A9227618CD296B,2018-09-13
2CC12B6413FBC345930F7B81394B96A6,2018-09-13
DDA91CC76B1C644C8A13BCBD72B515FF,2018-07-28
4AF00DA9B9AA39D986CE79567AE2CD7A,2018-07-28
3E1D87181278B3A168A9794B1ED7F8DE,2018-07-28
C052BC38A0F39A40678E5AF5E7C84B77,2018-07-28
75090DD3DF498745E31980F2DAF75F24,2018-07-28
57D582DFDA1302D03EAE0C0F2033ED5B,2018-07-28
961687946DD664BB3B10E9F93926E86B,2018-07-28
A1927ED722EA16A3B82E7EE0FA22FF4F,2018-07-28
ACBDEF6CDDCF8C568B026B4E104F2055,2018-09-22
81E8AAAB3849696EA3540E069B3395C8,2018-09-22
67C3A376AA6970390E90F65D5AD46AD0,2018-09-22
671666FF4B61F992AA215ABD97FC4CD3,2018-09-22
F9B1FEA75B896DA727BC733173B19D60,2018-09-04
C3E3CDDD1E35362AA59854F8FA511BB0,2018-09-04
247B17FFC9A82C34B999CFBDA295584F,2018-09-04
B711923F02FB2923F0A4DBC8CA2CE3AD,2018-09-04
BDCFD1F0FDE47E594874CA47CD49C303,2018-09-04
CCC7BB053BBC6824C53FAA4A8C63E3FE,2018-09-04
1A6F117EC48594AA7A7B3A42A605415A,2018-07-20
0939A5A6511211C939F2C5E2FC7A569A,2018-07-20
869CD665A9D52E3398754C8DACF4426D,2018-07-20
39E4645E037720D29EDE6A424C8B7AF7,2018-09-25
AA594567796363A1615D5F396322F9D1,2018-09-25
E33883D226CC8B2DE9F8505663DCF390,2018-07-18
A1A9A8FC9138E7F9B568176AA7091F2D,2018-09-05
6551148F681F9DF807FF3624EA5DEFA8,2018-09-05
B1C11C1880C459CAF44FC8622DEB4716,2018-09-05
F76196A143B56B420C9EC1FE89220998,2018-09-05
860B943B030C0B95CC6BB1F8BA68D20A,2018-09-05
37FF02FE37FC09B92A825B94447AE16D,2018-08-01
5FFBFE051291F79717B99F5D72B02CDC,2018-08-01
4593E981ECEF849FC7DA0F7FDA0F250E,2018-08-01
75E675468701BBFB7E0888634BE58A80,2018-10-01
A91AAEDD376FE48EA2866594A13C5C2E,2018-10-01
00B13A0B8C9E83965F9395EA745D98F2,2018-10-01
51861EE26D72E3AC5B5E6A3396CA7E78,2018-10-01
ADBF591A2A1DE60915F718F8FD6ED4C1,2018-10-01
C2590EA6C37251294345C9819E884C61,2018-10-01
01D1CD118B7991BF9FB6EB19D006F9A0,2018-10-01
5A06B4FB19BFBF838B73B57297121379,2018-10-01
B32B9B49419747FED767C4942DA42EFB,2018-10-01
3883FF0DFAB40ECD4EA781FC0D1CE18A,2018-08-22
17AC67BC8CCDA6672DE2523CE1D83B3F,2018-08-22
937DEC758815AB88CD3FDE404009879D,2018-08-22
370631465168E174D7D2305DC0DB120B,2018-08-22
46AE1B2A500BC810A363BE6C9B56EFFA,2018-08-22
A5522E19417CD2F692A0A1851367C5EB,2018-07-13
8F288CAB6C6396741C17C83D5FC44C5F,2018-07-13
6CC135C2403667F8114096D6C0854286,2018-07-13
EB18B2001B1A2D61AC02C803D66689A7,2018-08-19
B16AA0715E1721E18F4B9316E4A0B3E1,2018-08-19
27FAC926A196086540A33D26831E5D18,2018-08-19
790018C504C0AD964C8DD8F4F397927F,2018-08-19
27951B102A564E3FF875726564A141FF,2018-08-19
048D461F5F6A2437E33E1896ABD1507A,2018-08-16
A3E7A4F5F17B939815676C18FA71848F,2018-08-16
1D0216460C4C83D8D41342268C6534D0,2018-08-20
83BD247F986B80A1459E119D2891452E,2018-07-04
0D6A346C85BF606BE12F9A70FC20A7B7,2018-07-04
A97014AF95ACE257C9E907D909665550,2018-07-04
F0A67B4154F4275B32243228EC61BD74,2018-08-17
28C3573C64D06BD68E31D18E5DA77ABE,2018-08-17
CFE57B8ACA078C7618E2E477955404CB,2018-08-17
42327F3D4C5238486EC689F87D5EA3D1,2018-08-17
AF4B8330C3684466EDA299756EA2F041,2018-08-21
DC89D90D5DFB91ACC0F70A8831861F4D,2018-08-21
8C1CB07E72786B08197308216F1A43B4,2018-08-21
87A95949D12E9C9263482FB202E791BD,2018-08-21
DCC42D1B7A3989D67798E54B05CD385D,2018-08-21
029EBD2B01A3857606BBCCC1AF8992D4,2018-08-21
A56F39827B6A8C0CC8183A5C1815FB36,2018-09-23
1DA9CE8F372D1E9E57A9916E28AAC4B9,2018-09-23
28F681FE06D631AC837DD34109FD2E8B,2018-09-27
CFA741BB81765E66DC761EBD78D41B96,2018-08-10
BF31B08276AE9303402C8B21F6A93842,2018-08-10
4CC453DA57531954D7C053B93A20B5D0,2018-08-10
546FA52DF4E990E49843A096C09AF917,2018-09-15
2CD032CF59AC00628DA808E294B16AAB,2018-09-15
5EE589061E18FF6E502E31916D42B638,2018-10-03
C147F6A864F23A881E38093C41DC1070,2018-10-03
0D2B1F0EE8AD9D9C30217F540143D6E3,2018-10-03
C752FC449B20CE5CA3BE3DD5197D7CAF,2018-10-03
962AD93C16D677E4EA7E360D561B76E2,2018-10-03
3E8531411BC635C642BB90FF7107C775,2018-10-03
FF6FF6E096E090206A8AF6A229502285,2018-10-03
ECB382E28925842EF3E5285ACCEF9A57,2018-10-03
FAAE07789E5832D64D19E72AA5A7EBF5,2018-10-03
53649082C25AB9A9CD1E394EBBA9CEF3,2018-07-11
52BB50019C8ECCF51DEF524F2C6CD35D,2018-07-11
F4810B35D08410542741137BD5FD3326,2018-07-11
7C7FEF6E6A5AB4D4BE8170B7E5CAF626,2018-07-11
7DBEEB7A2488FE1FFC0808686AC09606,2018-07-11
5BFDC0426DE9C09CA5FF18E4982F2506,2018-08-06
4FCB0434161F0EE1E92046C850A90DD1,2018-08-06
2B9E05C9A73CE9EFCADC80CE582ADBA6,2018-08-06
1010A9A4D76FDDAB3C456113CC4E6C95,2018-08-06
A6E7F3C2692459390F24A912B447B433,2018-08-06
ED5C290C8F82C28C033482D31299D8CD,2018-08-14
EE64062E27E239F4B809BA79E3517516,2018-08-14
7177907C1E492D178BAB61997705665F,2018-08-14
0DCE6FFE19479064EBF8EAAAE9DE2DD5,2018-07-23
CCCE3FEE757EA8EE64506158ED6FF26C,2018-07-23
39BE7CAB9B8602ABD10A1BFB4E66BBB2,2018-07-23
9B18A1CBA96D52D05CFA7CB7C9011EDE,2018-07-08
88E6D3D4433BA2B424A6D5D23A871B97,2018-07-08
8BE7BF90C971453A34C1FF6FF2A0ACAE,2018-07-08
78161BB39BB13189ED9A6838A9AE45DE,2018-07-08
234995B94F9D6393EC3DF219345100F7,2018-08-11
67D3D76504CC5C4CBFC78EE4FC397C8B,2018-08-11
8BF7E118BDC4D008D6B28FCCEDC38083,2018-08-11
F265BF21818911E49CA79808166C8500,2018-08-11
3CE1655CEC10EC3111E5A5A7B267C017,2018-08-11
79694D26470B2F7638431FC246B6CAC5,2018-09-24
1E850CF866159B7AC6B05AACC3E6FD4C,2018-09-24
5B6161A5B8EAF9E04291EEAFEA188D12,2018-09-24
7A2B91B04FEA667808B69518C042206F,2018-09-24
45F69B905EBE7D436F86CB5C0802D4BD,2018-09-24
14E45E9A38187A467F77569CBCBD1041,2018-09-24
21A78D859A540DDEC25793D34B500C1E,2018-09-24
2344AFC9EF64F71D5500B8390FD997C6,2018-08-07
3FA72C470C2EB0F8797AF22DAC9FED49,2018-08-07
5ACD59093D1C49F2EADAE29D7181A9CF,2018-08-07
19856982238BAE6AF8C9AEBFE3D77A48,2018-08-07
38C4E3FBD09FA68179F2DE3F133D942D,2018-08-07
4C038479B275A5F024A8A7604F92BF38,2018-08-07
DBB5394A11087CEEDC0A3AF436BA9E16,2018-08-07
8D2A2793A6480E23435FA5DCEAF8ADE8,2018-07-24
43251B4821FA3F7EF7A38628655ACB7D,2018-08-05
83087EBE7E2001DD1918810489389A6D,2018-08-05
BB90E3EF80325C68D00E6BCEEBDCAA79,2018-08-05
F3B0F2F150A1D91E15BB07FACD1EFC89,2018-08-05
B2F661E88136265632545A030F09A88A,2018-08-05
F737990A8EE1F47ADA4A5200F9C38A97,2018-08-05
82660A783170BC1C45EEAB3B713B6C5C,2018-08-05
DFF46496068299CA44163BEF38B7F89D,2018-08-05
A20E7E669E319B0A1912A187C4169AEE,2018-08-05
19C8EAB201DA2CDDC1240ACD0E3D7441,2018-08-05
57665A278A54980F95181A64E6D55E6A,2018-08-05
9D1DFD3B46E37390B640CCDEF5B6B022,2018-09-08
02BDEEED9EC58C4DF3E3808CFF51C484,2018-09-08
6E898D36923082FFEBA451B6150DC3A9,2018-09-08
6795CE3FC3D5319BEFFE39428A456919,2018-09-08
278FA6F6853A97CCDDB1368234B5EF28,2018-07-17
88DB9AF4706D8F888723DD8DD787C3B1,2018-07-17
AD587C247A8FAB863F94BC683E6D0371,2018-07-17
830461B02C9A488AFF82BA7AA8C58052,2018-08-30
1802453419B1A766D6C2E78645FFD31B,2018-08-30
49D9F34F22480512FE5B725D46D2B216,2018-08-30
D951647AC8133518776B4736475BF1D8,2018-08-30
BC523DF620F11DBA8353917882C0745B,2018-07-16
0062A13D0A8F979CA189A5688BE75514,2018-07-16
2B3B13AC3C9E94B89E40BA8397EC38C1,2018-09-18
01C32D7902049B768BAA294A7F0D150D,2018-09-30
419D962FE0A98E1A651C9753F942D212,2018-09-30
118590741147E0FE292B40BEF813F7FB,2018-09-30
160E90D8586EC5DBB391CDC4AE40218A,2018-09-30
45227965B5D93C9D6C1968100F8B10B6,2018-07-22
674EAE8D70D203FEDBE60DEAE2F834CC,2018-07-22
12C60B55FAED4052AB2825241E7770DE,2018-07-22
5553BDCD2D3CE31F0780E182E112ECB1,2018-07-22
096F51F57A27CD13F0FEB78BF778B50F,2018-08-03
528939A93F1D3693AD8A56F340B7D777,2018-08-03
2E1CBCBC408A270FE9B39E79958C28FB,2018-08-03
C00B369D8C1DDB09463BD5AF68693265,2018-08-03
F0945E5A97F876E9C084AC260BA4A6F1,2018-08-03
FB0BC6BA27FF757DFB99AA84FD7F03C4,2018-08-03
D0D476CA1660A598CBF9E0B6946E031D,2018-08-12
D1A34C0FAE2F326F2C050020A3B990C5,2018-08-12
C13B525407D557296763616356BBCAB5,2018-08-12
D2FA501819D653CF9B408901BADDE2BA,2018-08-12
AFA456AC9C8C730EDAA31D4ADB476ADE,2018-06-23
2B26B53D4CD155A3EF1FF0A91D339D3E,2018-06-23
3BC28919182B3D16EA60C3C206DDDA38,2018-06-23
DA85FE61D9270616987906C12436D78A,2018-06-23
394EAFD982C3ACC92AE5EC3EDEF5974B,2018-06-23
39F507C9C69C087720D210B1D13788B5,2018-08-29
9C969AA128F53D786FAE9CDAF9E16880,2018-06-20
F212EF8CB9E42FEF69DB0D970EFA5939,2018-06-20
60B766E7BB3D77B2F3453302137C6E0A,2018-06-29
4EEE67C2E335213F6815144829801E0F,2018-09-01
C09F65F2853D03DE23CFD90F97429735,2018-09-01
551B893D34A2A59971B8FF185C1CD0C8,2018-09-01
7AB9D5F7D122A38CA8769C9C93F3A12F,2018-09-01
3B049329E3090DA7A4339C4A46EF0763,2018-09-01
9E25C5FED0F3F775FBB2A5C76DD0511C,2018-09-01
879503A3ED5F2DCB6592E99C42E1BDFE,2018-09-01
8CD1C44A6F041A965C4645CC9DAB8797,2018-09-17
339B3E5F1BA5A326F1A4F3A4FEAEA957,2018-07-21
E6801E3BAF7C8123841AFD7969FBD7AC,2018-07-21
8B58F1ED945C2F35BD09EE96B688E460,2018-07-21
578C775FCD41BBF6A7028836090EF1D0,2018-07-21
8506CEE714B37E9AE74254E7BC94B3BA,2018-07-21
61595D7BF18C79E8D0B7CAF138705CCF,2018-07-21
13F080023BC02C4DC81CF648D346DA49,2018-08-08
E325A12D5EBC55ACEC787D88E545A9F0,2018-08-08
77ED074CA097860CF2D7178F665BD76D,2018-07-30
86B386FCDE953B414B9AE6A138445B84,2018-07-30
16EE7848EDA12DEBDB60CC6040914C73,2018-07-30
99726E3B7261884BA5059BC19C9B9CFC,2018-07-30
F6DE37BAB97D86D675F25158891D385C,2018-07-30
768785A0F67E924285044B36455CCAC3,2018-07-30
FED70CFCB28A50EF6EC64A939BBDB469,2018-07-30
89069E9256BC740F91BBE4839FFE698B,2018-06-24
5217AB1A454DAED6243E1C9818BE6A20,2018-06-24
24FB700D11A670AF3CABC52D75648B37,2018-06-24
6449926671A19238EB721B24622B63A0,2018-09-26
AC33448E3024BFB80CF5E3A80D436698,2018-09-26
CC4F9BBD0104A39837B34D488E0EB689,2018-09-26
AEA1F6A2CF2C0FA66DC73386799DFF61,2018-09-26
73C053C66F00957D535A297A2486405E,2018-09-26
28E70E5BADDC356E337AFD3C3C2A349D,2018-07-27
92F80F7212F06369DBB32D327CF8600E,2018-07-27
65A2FB302E0C84CD0EF594764B12B356,2018-07-27
448F4402131C2DE70EC67F04D4BF5719,2018-07-27
8984ABEF079304EFD2A1E8CDBB8D55A2,2018-09-03
F73A0D4A6FB35C664DDAE0F4F145F8B0,2018-09-03
09A78964F0C8B9886D1169DBF3E21739,2018-09-12
549A6ECE8B050A478FB9DD04A9AABD61,2018-09-12
2D0C9899459B9D7C6552E8B98D17A8E7,2018-09-12
7C9FAF890F48FEDAD78C0766EBFFD3CA,2018-09-12
54D26E8AAC347EFCDFD1727B82A501EC,2018-09-12
957033925A8B7F2A2C2F4577E786632D,2018-09-12
35CF08DA631AC27582D6A0FE710131F7,2018-07-31
6849AF2EDD81FF4AE901E695A6394D5E,2018-07-31
4032085C28047CF8EA19354C6DD88A82,2018-07-31
BFC4C22D2C9FF3D314BC4F1D86E92044,2018-07-31
7111DE02896BEAD523646A9D80ABD049,2018-07-31
9AFF07DCC4DC8276854BC916473FEDDA,2018-08-13
DE83C52DBCD401E9FCEE79F25A63B3E7,2018-08-13
2979FB9644D97360A8278692D8F834F5,2018-09-06
46126D2798E42A3DC3A0F1AF24BD2555,2018-09-06
9BFA45225ECA7CD4D2A9F956B875CF85,2018-09-06
61FA7C39E5BE53C3EE5ABFBFEEE0498E,2018-09-06
11AC0DA8BADF34DCB5E376A418F40768,2018-09-06
DCE678124B6F7B9F35BEAD1882180A68,2018-09-06
C96F1CB586725A7D165BCF665C131114,2018-09-06
AE0411EC55F2110C13B66F25B7EFBF6B,2018-09-06
40F2087822D412D2D481AF043DC7DAB4,2018-09-11
CF181D42DE7627E98C34A6DEF86496E8,2018-06-19
6E511935811C2604C67A184DEF59E248,2018-06-19
DBC79D0BF93E33117736C28BEE64ADF5,2018-07-14
899C748403903FE0ECBD0CCA5E56D0D3,2018-07-14
0234C787A1360CF7EFCDCD15BA236C02,2018-07-14
FFFF9A8B436FAAA293AE33E8C6D3ED66,2018-07-14
1B022A1C829F79C7F63AEE6E4C7ECBC3,2018-06-22
0BD6EBD825E25260B49D17D255335496,2018-06-22
0DAD8CFE0AE9C745B611DC432A985291,2018-06-22
8299E83727DB46149AAD5F00F2A2608A,2018-06-22
E659018965C45C6546EAC732D07DABB3,2018-08-24
C1C41F475F12D897EBB7CCD3A16729F2,2018-08-24
65B3EEC3D19FE1B2C331B7103F3DAACE,2018-08-24
0863E962E3F36AC52A9B0462463D9A2B,2018-08-24
A05E5EF28C83231054B9A7009A418438,2018-08-27
BB6882241BB572C3AF3E198490C83981,2018-08-27
61633448555C128551BE7E095F5C0E10,2018-08-27
5B333FE2BC3875C6C3882279B51B8BAF,2018-08-27
6933934F877244F44E681554B2BE6CED,2018-07-02
50F9ECC02D5198369DEC190502867F73,2018-07-02
3ACC9F9125E2138CD04509283BA20E7A,2018-06-13
26385876B7737E92C1A8EC6E337B0915,2018-06-13
015D5BB93CA7C81AE10106A8C39CB34B,2018-06-13
7F002450940F07D0B68B25B1AA310217,2018-06-13
69541D4D4F182FBB46C3225DA0077DDD,2018-09-14
DB33DC8421C63BAC211F5F42209CB4A7,2018-09-14
E79E1248F975BD0902AFB7C300D1D794,2018-09-09
716EEB4171114A58FBE5A95255BB67B6,2018-09-09
05AFD9CC6BE47271BCD774268D50ACCC,2018-09-09
B00A5CBF254E59E04D1BC4CCC95043C0,2018-09-09
C373A2EBDDEB4C3CC895F917254032D4,2018-08-04
1B959D672ABAE4A3BFB9D720D415E064,2018-08-04
DD17202A1AA5C3250E15ECF69A6FC073,2018-08-04
17636078D57884AD7EA5406C60E2BD10,2018-08-04
C9A22B291E9B2D3D98262C8D41D703A2,2018-08-04
92495023CFA736DBFB0525FF48C0A34D,2018-06-15
24A9E967E4B9B7E993F2D8D51A470A24,2018-06-15
D814BCE5D1372727FD80A91AF3A1ACEB,2018-07-15
19A52401D23AE9E42A176C6ED9AA5F08,2018-07-15
E14795D063ED5B1AA2A5807785E7D597,2018-07-15
F0133C453901CA70C9101F0550E81AB3,2018-07-15
4059062E59F3605CE7A574DCD9997571,2018-09-07
7657E94F33F780A1D896FBC9237E5ECC,2018-09-07
F5CB35D57851869EC936923955C57F18,2018-09-07
BA76817876248E69463610A0BBB14CE9,2018-09-07
58C462B9572A800F82C0B81EDFCE7645,2018-09-07
F12F4F196933013F64399BF74945999B,2018-09-07
F1F40FEC1F9895EF7F39B4452BE28238,2018-08-09
7B4198B05CE36E11C2623428A090BE16,2018-08-09
5ABB4097B0BDB225C2C7D9247F1ACA76,2018-08-09
72CFF82A654325847A21759536D97336,2018-08-09
B285B6DE14EFCE4E5F460B28881666A3,2018-08-09
E0664E9E7883956A6E3084FD68AA274B,2018-08-09
9D66013D12D716BDFDB808D6820D41A5,2018-06-17
915ABFB61D5DD02D046EF7041AF4B740,2018-06-17
81729FAFAF62486C3D3B01C881D4461A,2018-09-21
A6B92C2898120AE74F643053E83E0F9E,2018-09-21
930C620D37EB29FD251102BA9FAB2DA9,2018-09-19
A9622BEEE5E90B755008149882284112,2018-09-19
264749B887AA92394A2F4E449D16A9F6,2018-09-19
3F8706FA6FB0D3F8EED88DE2E2C7B8A2,2018-06-21
C14076B400FAEAAB4D9CC6F67D54F43A,2018-06-21
79924325F573EE46FDE4F2493F138307,2018-06-21
79CAA00790D06BC25052329F4ED99BFC,2018-06-21
1A42E01A8B092BAB34BB195E01B6D367,2018-06-21
6CD6E64676EA73F0FC015F7DAF4A2DDC,2018-09-20
A1483CA5D53030291E479D412CBA2397,2018-09-20
43A83473824B5860784FD7866EA79CE5,2018-09-20
747538074CEC9FE551F488F3E47F9FD9,2018-09-20
60A3916742CA1FC50BB2207A92867884,2018-07-05
79160F258A556C1D96787AAB1CE8B1F4,2018-07-19
BA92BB1BDDB2B8C151B517B5C7B2795E,2018-07-03
389B458DE7EBEEF4786F4FC0241F8A44,2018-07-03
BFAFDF13A67B045E96563CEB5B49E1BF,2018-08-28
EA5907924EF10ECB8AE8AD017E53B0E9,2018-08-28
CFCC0229C767F3E02E722E087AE6BDBA,2018-08-28
8E6F7A428C907165D78A2377ABEB7315,2018-07-09
86CD48CBAEC189CE640E4F5E447BA64F,2018-07-09
47A3ACCCFB629C52C44277177265496C,2018-07-09
3F5338051A4DEFA32713D2901E541BEE,2018-07-09
FD9DA3FB3626DBAADE9CE25657B9DC26,2018-07-09
8EC575DD51CD49F716CD3989FA71D725,2018-07-09
C96D2A670F71BA658A54A12134EDF4D1,2018-07-09
5183D09161B7487FB9AF85B311450E94,2018-08-26
807CBDB890D8073D290F36F2AF874633,2018-09-29
A76E7AD617E94F560805BEAE0C2A33E6,2018-09-29
AEA5BEDF425C70ECD0E4EA2F546CD82C,2018-09-29
A86DE18617049E3EB0FD59391B187355,2018-09-29
EBAFA84A52A94B3156F18BDFA783ADF4,2018-09-29
12BED4389CF843C35F5B746C52539321,2018-08-23
0C8B96426B5C39DCF5FC7B033270434A,2018-08-23
31C6D36C0D121E1F749FE645D7C7DCAA,2018-08-23
A4FB4E20F1726B15A57A1AA1633BC77A,2018-08-23
D5318F4D84C04D8B246096BC1C5CEA16,2018-08-23
09AE6B26FBC18008DDA281D674B0B216,2018-08-18
4C5C048C8BF8204B5C700B18D9A2327B,2018-08-18
A36F25C8F1DA9907C53230C1B5D4FAB4,2018-07-12
1C9927831BAA7A0569130EADD6320C69,2018-08-15
76025BBD81B45F6F9CFFFBCF1D6A6042,2018-06-16
2B708DD984888F5852F691361699D80B,2018-07-26
1458DD2FE0BA99EE08FE02D37DFA8058,2018-07-26
5A1E948F05E441187F3119C006C921D0,2018-07-26
D5B4A4059D6E406E1775C4DE28DB08A3,2018-07-26
0F02E20DC63E83CF1653ED9ADCDAFF68,2018-07-26
8EC25BFD4E8CB157030F3692FCAFA8FB,2018-08-02
BB4B7F8EB20FC2E38E2891C3052E7229,2018-08-02
189090032544C8B0BCF7E009A7F6C826,2018-08-02
F3CEB16AAAD2F63C31AAD8617261FA78,2018-08-02
BA68AFBA94C53DA2DE67AA683078AD2A,2018-08-02
47D860764E077EF0B2913BE5CAF90680,2018-07-10
DAC3C60A9BB7734F83F0C7478185AC4C,2018-07-10
2BBBB993FCB4A3A3C59D2537202CA402,2018-07-10
1E5B0F76F3E253BB03C2BBE25E3B9BF6,2018-07-10
8252847DECB3C31CAB9BDEE566F97BA2,2018-07-10
AF56458EF7718515B59958BE5472B628,2018-09-02
856381949119749C6EC23A9D19B0E201,2018-09-02
8AE0BEA642E3BFAADCABB2FFC6D4B6B4,2018-09-02
611D2AC30EE506E38950643C7B4C5F20,2018-09-02
DB04A72FF1579E1B3BE499DF36B0ED90,2018-09-02
02AF9593B8E91A25D997A1793686340E,2018-09-02
44ED38A539DE12288621EA8C2C79C318,2018-09-28
6C27C8C7A13BB83811D8DE943A614709,2018-09-28
A58191BA2B8C31DFB07DCFDBECEC1BBC,2018-09-28
6970BC368AB96777D142D3476BC8E125,2018-09-28
A500CDE6C4C77B19A10D57125E1B6010,2018-09-28
A904653DA2127895AE45F82CD5260F1A,2018-08-25
F7EEAFC83151D94AD81634030EC5451E,2018-08-25
E9E5F240CB8C342D17732D87C7B02730,2018-08-25
4AC1820942CC72FF85385F56327C8F3F,2018-08-25
78CEA7AA04666D7924A253A4AA4C1F4C,2018-08-31
2059AEAA14DF8A5C9B884598E5178572,2018-08-31
45028CA4ED6D9709B55F50CF82E88B3C,2018-08-31
7FA1A5B3B4CFDA6EE43060AEE7DDD9B9,2018-08-31
8DAE01F5044EC68D18A7D7016C03863B,2018-06-14
1E5CC68337B90808C1B538646D424F1D,2018-06-14
6FF9F94936F24D5A36AF30FA1D9007C4,2018-06-14
4F8EFC8E118757B3092CF7E7CD242EC6,2018-06-14
7E4F8268A31BC484741A6B46DA3E0C0D,2018-06-14
6AC48FB5508B3CFCB38A4D32784D34BD,2018-10-02
7CBBF65B55FA7B6B5AABF0D932DCB7FE,2018-10-02
C1DA2C19EF2C12D7D89EC093A0C73A25,2018-10-02
FBCC7798842863D95C6EAEB39E7E14CE,2018-10-02
A40AD52E143F993C28CD77DBF2147904,2018-10-02
67C6CBB23F6CF300C4B76AB8790AA6AD,2018-10-02
FE5BA4C59D36E221F7059D7C41CF8E71,2018-10-02
49BD785C88E96F48F60CC3E2227804B6,2018-06-12
EE3313A88EB65A1E860A49A8EA0EE165,2018-09-10
A21FA27B87923DDDF416E3B7F7EC47AB,2018-09-10
F40390B3966B0F225C46E00B78F9886D,2018-09-10
FD46EE61C22A10F97D29D527EDF7BC7D,2018-09-10
B12D9E0E066552EB8731BF7B4718BFE6,2018-09-16
64D4FF2E08079BEEF31850948C79C5BF,2018-09-16
9A46A573C1A4263A449716650F25ABFF,2018-09-16
EE2DAC88709352E86A2A2551D25277F5,2018-09-13
0AAAEC4E502388A6A087D2E70BDD2BEA,2018-09-13
793008133AFD953B70E6B9037D70D2A6,2018-07-28
0E62EFF6D48B1FD8A8400D051CB36797,2018-07-28
0B396F054F2574073A2B4E986A3DAC44,2018-07-28
B0153FFD55333D4C4B546EC5B3FAC70E,2018-07-28
96B6D639BF5D2D99108B15A023F86CE0,2018-07-28
47CEECC477E37BBFF85825843B6FEAB1,2018-09-22
F976F87FDD7C7B98696A93BC62C57610,2018-09-22
8D36DAECEFE7AE72CB36D9E7A4BE1F5F,2018-09-22
6135D8D8F7CE4ED79A903F15A5DFB6AA,2018-09-22
4515CFE284B0622651F14BBC2E8EF808,2018-09-22
1A5536C27AB27C3E4588908D345C37F5,2018-09-22
184E0C5BE68810D42AF613DF5375530E,2018-09-22
7EDFFF7CB9DB49F6C61708EEBA33A32D,2018-09-22
0C055BCFFB1D6F32420A250893009019,2018-09-22
74D4934C305412C92635FC134C437621,2018-09-22
71B1D9279ABC5D66169F2937CFB9DA47,2018-09-04
EFBB2DE47B7E353F0B8C365BAC9E77F0,2018-09-04
B1C093A32996E59C0298E81A14398491,2018-09-04
D4AEF7C435822B42C7F23E248800A137,2018-07-20
3EE96AEC74CEA54798DA21755FCF235F,2018-07-20
DA00B27EE3A7FA06D967B74E0D440E5E,2018-07-20
B855837734B4686C3E8D439BA634E8B3,2018-07-20
8E919F2B4CEAAC6DA6531D62501CD480,2018-07-20
FD07A35E258684651DF56B975C273B32,2018-07-20
B7A127DE83D18B2709AE3149BA275910,2018-07-20
FACA9400A33297BBC5E72A568DE1286D,2018-09-25
B2F5306E7AE65E6FA44BF49361F59A74,2018-09-25
9EB1C28A93CD9FE6AC6057985CDF59C2,2018-09-25
CA37F774EBF501D06CF14866877A2EA3,2018-09-25
EC3F2EE5924B505CC3A4D06182C2C099,2018-06-27
EFB696A82D093B3AFBE92FF526DD5CEA,2018-06-27
7D9A341AC79F2A00C0379A6C561FBB69,2018-06-27
B6A852E363401EA14822CA69C8F620C7,2018-06-27
02CF64D58B4840DD7AD18750943C2833,2018-06-27
61EA9465F8BB4F67295FF548258C304E,2018-06-27
4325AF86231B256C63E7BCB479653207,2018-06-27
D4710B794E9AAB607825E5F6B44D60E0,2018-07-18
8601A3659DC5C1F0444E5CCDA5ED3E14,2018-07-18
8D0E7EBF4DB95170907FDF54CCB166C8,2018-07-18
527BB449926BA5B088526A264FD49312,2018-07-18
BED8A5D6788A8D8744F4656392DD2D7B,2018-09-05
65A948524500925FA194751A896C2BFF,2018-09-05
E7807570E39D6647CFAC88FDC2A6128A,2018-09-05
6C745EFF02998305FD907FE5890376E9,2018-09-05
C051F723B758D613A4D974D74700BB80,2018-09-05
8FFC9642E9D2021C81B2723AEDE654B9,2018-09-05
59772415A60A0B7E16588D219D7B85F1,2018-08-01
D4A45A0CA838C439F64D565450B9A7D6,2018-08-01
270BB513258E82FEB9BB23091073E82D,2018-08-01
AEB21692315E4F72D255C75E3584C12E,2018-08-01
428B364B8F2B42ED8D7C5AD1020705EF,2018-08-01
1DC9B625F2C4F54E9281D4D19F9FEBBB,2018-08-01
C4C728AE4A5934D17B42A6A2710CEC93,2018-08-01
C44B8295FD7302BB0BB16DEA2FE0D2FE,2018-08-01
FD9D01F4150A114F2D9050908CBA78F9,2018-10-01
8875E076B50263771FFC844ED47A12AC,2018-10-01
63B75A9443CF373FEFFB1D5D628A10AB,2018-10-01
5B676202268516B467A71617A1C83CD6,2018-08-22
E0F2491A4884203D5532C7265B9BB7FD,2018-08-22
3CB265E3644506572FFFC80A7DAD0E78,2018-08-22
2A9D10C4DD0AA89F39BE640ED38A2495,2018-08-22
934565EF3BD164EE3B09AF2388431DD1,2018-08-22
FD85E2381A67A1F946B8BCF90B078489,2018-07-13
76EFCC5393F879C2163589E0108D5BC3,2018-08-19
E3DEEF5987668C1546A012FEDA321ADC,2018-08-19
DF580CA44730C9A892FBAB19B7358209,2018-08-19
BD2A511409EB3EBC45D4CEB4F876ED49,2018-08-19
FA4033B7C4EB61084AD94FAA26B15B58,2018-08-19
C528FD5F1BEE6A7E99E208005A56167F,2018-08-16
A829171B86E4B3C3CD9191BED13833D6,2018-08-20
083720FCF9892426D5711889005EB164,2018-08-20
2375BB11FBCA2EA609017E5FAF7D799D,2018-08-20
1A50D15DBE87A048B5F21D954577FB7D,2018-08-20
3FFB1DF94D148994075041E8643DD788,2018-07-04
F74D98A3BB722F16D0E8D7434A4E0720,2018-08-17
F2A1619D00447FB2458B8CAA9C24AD59,2018-08-17
3BB49B824A253E66FC4A3C47A32D980B,2018-08-17
77619E28EEE4A7F622E5CAE5847B5B0E,2018-08-21
C257F5C497C17E2661785F4AA970A532,2018-08-21
D0E31F472E977281F3682285AC8346F1,2018-08-21
2CEF0B3F63A7FD536BD7A1D7EBDAA82A,2018-08-21
86C279CEE90D97565DD82D2A92A9F421,2018-08-21
80DAC92E1CDE9C7177BB9B381AFDA762,2018-09-23
A7A23172C4418FA7E936DB668F34B2C8,2018-09-23
3307DD0AEFB45F2AFEE766A57E2EC357,2018-09-23
C5AD1A3C5BA7749BBA184BC5138E6090,2018-09-23
AC0CC5EF22BF3FE96D3EE28F3E5FC804,2018-09-27
AFF1262CCD472757FC92B2A93C75CD81,2018-08-10
A11AF0BDC3D1252BCD910809E17F9D38,2018-08-10
14B3164775DC217E7AC2C1BD7D250D96,2018-09-15
0A507AE0DB56197CB90D0FE9439EEC08,2018-09-15
260F744C558B490AA7A98F05BB3E9E05,2018-09-15
80AF6278725C25498814E11905BEF017,2018-09-15
1C29FBDB9C4CC0CF27B819B487A91CB2,2018-09-15
6194417FC6F7937D8EE0DE82668B5453,2018-09-15
313AE0F9B2F9E0927B8B74CF1D99720C,2018-09-15
1866BD899FA02FE251E4C765BA9C7512,2018-09-15
465840BF70E61860BF7FE9B39E6AA989,2018-09-15
2176E9F49CDFB093D1C95322D622BF07,2018-09-15
71FABF98DF13052391676F3DE84BD628,2018-09-15
4C36BFA4815653041AECFAE3AC23F60B,2018-07-25
000A8B9167F5F9B7BF620708D320E32F,2018-07-25
BE948322AB897C649F22649A73C98525,2018-10-03
83C30A879CDE4E2455C98C186171FB10,2018-10-03
53B64FF8871DBBB1AFADD2C8F16DE406,2018-10-03
88BAEF9E5521E8242C7E3CD08D529873,2018-10-03
339FE250013547B9C97587E7E497FC47,2018-10-03
56AB5AA26CE53AB27D81C65372B450F5,2018-07-11
D0969C741DF2022FBA9602C04823A358,2018-07-11
850924D53849BF4AE201472A5D99A4EF,2018-07-11
FDF609D70EA9E802FEC9313FD21874AA,2018-07-11
3A5D4B43580D9631A7F35A64181A35C5,2018-08-06
F81A7FACD9640F8169D8DE2E27D217E6,2018-08-06
AC9D89E3BDB817820038E7F90473DC92,2018-08-06
4896DF08BAF68522FA05E3669EDD4528,2018-08-06
1FEB41A72F244D352EA79982CC259EA0,2018-08-06
FA60B153A546A3BB9FDD525B9C8993B2,2018-08-14
6E2CE131E60D8C3D91C16CE43EFC0347,2018-08-14
B529E84EE03C578C7E92CE5836AB1C1D,2018-08-14
648F91A3D0D868FC410FC4614FF11811,2018-07-23
8DB8FE3605D453D5AD95C7FDA55C0342,2018-07-23
29DF381770B222F7B38816A88E616A34,2018-07-23
159002C6F393752AD79B3C2E8C7104C7,2018-07-08
84F55D39B331B4D51467A32FECD5F0A5,2018-08-11
EC9CF53549FB38AAE4906989B4B050E4,2018-08-11
469473B2E1C330A74286BA52BA3CACF5,2018-08-11
C6D97C0D6DA580A6FDB44BB2C3015A85,2018-08-11
8D486EFDDB5C76031C3110CE58772B8E,2018-08-11
C702A94AE6135C60D6C85868A0FD62CE,2018-09-24
53A0BD3DCF2B401EDB8A810C0E162BD0,2018-09-24
1EAD8B59DEC54D9202E7A3C58BF31A84,2018-09-24
FFEA50946B05E06965B60AC102E525A9,2018-09-24
12D0BA417960F6B9626AD99F9FE08698,2018-09-24
281FF6147F6514F19DE8AD2184367931,2018-09-24
96A03AA83F8776AF09E7B49BABF81879,2018-09-24
257774E79E4827F63414C62DD5C64DE9,2018-08-07
D2D5BF0E23E60D6564EEC393556BDC21,2018-08-07
FF4633212F293014C26AF8A5C589754C,2018-08-07
79EA5E5E8B71D2108657A0EAF9526C37,2018-08-07
D2AD0448EFF5028698BB4FE8E22256EA,2018-08-07
D737AD5C76E9F3DF96F37C777665E41C,2018-07-24
C84A642FB4AFE0DE9CA495E97AF9B523,2018-07-24
74E4C577F4A72A39E81DC8BF5E0B12CE,2018-07-24
75E867C341064727BFDCA0A6D3E92B1F,2018-07-24
CBC67C63B6826BABB6BC657E5E4382E5,2018-08-05
D5544C064404DC6067412B1272F848D6,2018-08-05
EE3C0D0F03E9B90D93E774EF0E4F8D4A,2018-08-05
A332BF6CC122D1CEE65358AF2CBBD567,2018-08-05
670514A3825CACC6F6628AF24441AD0F,2018-08-05
33443052ABE335E361BACA959B64F9D4,2018-08-05
0C67D250019C3714C55CFCEB663544A4,2018-08-05
D00B400D2C00C34D76B3DA942BCF93C5,2018-08-05
59D595A9B16ACFB6FA3E0BF068C17C32,2018-08-05
D459259A48556B4C4BA67DA52F665AC9,2018-08-05
E1525CE476796BA226E0B42E9287A82D,2018-09-08
C3026A0F27D44A16C7D0B5AD2D0B5FE2,2018-09-08
BF0B8A33612053012B8CE62E57399C22,2018-09-08
BC239DDC87EE8CC19354D4A67C92735B,2018-09-08
286B7D6AB4EC65A775BDF76EFC337B88,2018-09-08
0ADCAB98C7686603278BCDD71FE16CC8,2018-09-08
89414B24EED890A8B14119C52A56AC5F,2018-09-08
748D7E7FF63D2D09D4EFE1CFE2161A47,2018-09-08
961120ACB6FB3EC1519A8F2BB91BCF4D,2018-09-08
AFE3580F1C183473FA6FA18191C5921A,2018-09-08
4CA59854D12A61B673D5498111BBAE99,2018-07-17
E19F04BAB15FBA761833F71BCF5D97D3,2018-07-17
54D2AF3BAD2CA938D3C47826DCDD5270,2018-07-17
23492C247323295946E3B51C8BA56D89,2018-08-30
62F7833E64861B070EC43E2CFB9D4EA6,2018-08-30
8A1F255061DE6AFBDE0F9FE5226DCACA,2018-08-30
C8DC7E5DCC6A705EE7201AEB725A523B,2018-08-30
A9FF098581B70149D1959FB89B5906B9,2018-07-16
A11C54B46966F6B464E913FC4A90E8D1,2018-07-16
476409D7DFD0B2B2B0AB11E5F6D7DDBE,2018-07-16
0796A4B0899BC594A235DB5F4CB0DF84,2018-07-16
82CB02A4405C8E43D09D588B35E9354F,2018-09-18
5821B9A774FE43B6F23E5F8E793DB15F,2018-09-18
C670E1C5431B8DFD387353AD2C1DF4B4,2018-09-30
4EDF57CA63A154DC89C7F5F331E0A931,2018-09-30
6A890958B89C55FCDFDDFA794B1A649D,2018-09-30
44DC05910BF1FE7AD66FE4A58E497736,2018-09-30
508D2C437A3BAB2A77F63442D34F5B56,2018-07-22
C0F34D18F0AE64D764EA8C47C6706F7D,2018-07-22
7117AD079649D3A342A663E89F3C0355,2018-08-03
E80B38BF159F9D6228D314CB2BD908D3,2018-08-03
B6D0E29E393A645C3326B2993D6A84CF,2018-08-03
8E85F9B503273C041EE56963F6F68C78,2018-08-03
90315F3CE85BB427F960EF2F78972EA6,2018-08-03
D0017E7DBFA9EBA3DC51FA8A4B1C1712,2018-08-03
35435E2D0D5B9806E1E0AF78775704EF,2018-08-12
DF1251B93638034DF0DA021A11B6BF9D,2018-08-12
1433C10AF6B6779D48481D84BC8222A4,2018-08-12
D21451ACF492761DBC86B3549AEA194A,2018-08-12
F8E99FE2274BD6C6B3553848C1E79B8D,2018-08-12
F8EBC72811CE5DF04F0439B5B043ABD6,2018-08-12
D954B34820AEE0E5334D574388D37E1B,2018-08-12
81F5705397CE9F0236B2B672AE113154,2018-08-12
97DB1CA5636E30555A16074D9FFE7B31,2018-06-23
862A8E74DC6E478F4095FDBE625F23D0,2018-06-23
84D135997D8A4D9CB35D4ECA46EF6861,2018-06-23
7A2B97EF274C785C520630383E8620C5,2018-08-29
9F4F2AA9B32C3C89423A236DAE180630,2018-08-29
81920DBA2D8AC5E4A905DC96D3DAFE18,2018-08-29
10DD4C2B3060AB868E928AA66B81E459,2018-06-20
7CB4F979C9025D90BBBA34B3F3BF80C4,2018-06-20
D1833630D8651D4489E046EE90FB602F,2018-06-20
22D92FEEDDFE169270DE4F6F15456EB3,2018-06-20
85FFBFCEFFFD602EE04748266741E524,2018-06-29
13980004E3242DFB00DAF05ABACFAF3C,2018-06-29
22430BD1EDFC8E2E980313F10148A53E,2018-06-29
90287B73192C310F80524919F7D17F88,2018-06-29
694713EDE61F9D92D61A84F2FAFDA00D,2018-06-29
0631FA641CC89F17A6248392D40454BF,2018-06-29
1213ED1E96B0A49B51C0F7683DB2ACCC,2018-06-29
E0F1ED4167D0C0B2D6DCBA85CB020F52,2018-09-01
8DEB6CB6C3E85D0032D8557C73ADD49F,2018-09-01
C945C989CF380E22E1B1E4B28E26801A,2018-09-01
D2007D608FBB90EF5363BF5C8E08117A,2018-09-01
66788E34B6E292DE03B1B54E797CADBF,2018-09-01
A5302213F1605BE400E8AA34992B18A8,2018-09-01
088D51F73401B7A5DAEBC03D5924EBB2,2018-09-17
C91B4AEF85C259439D264D0CE800E6B0,2018-09-17
7DAD0B52C6A70949182E0658E67CBF99,2018-09-17
A16DE718D8908FFC01DD297FEA600583,2018-09-17
CAF520AB0C23BCE70BA0854832368591,2018-09-17
EB09E2B97B6A67E9C8654CB9237F798A,2018-07-21
25D0E6C77B170FE82258520015446DF4,2018-07-21
453661ADA5440A5B93ABFD247269E693,2018-07-21
F4F5EE3E3EBE823045849FA3527AB311,2018-07-21
66D8316FE36C1F7082BFB3FCC8BAB0CC,2018-07-21
B0501218272494AE4F5752EA8A920AB9,2018-08-08
525D2BA85EFE112B955CD3B19909E059,2018-08-08
73E94C02345779D2299155829DF524E9,2018-08-08
D0E006B5E441969283C94713E308A11D,2018-08-08
B2884EF528224A5E0631D23868603057,2018-08-08
34D07A4D3025E6134B90E59384E5080D,2018-08-08
29DB369432F8962FFE5B5C09A856A66B,2018-08-08
C6F7DDDF431DB0C8BA773498AE41010B,2018-08-08
65A5F4580F975A3253988138FBAB03AC,2018-08-08
1C0AF5475798F990F25A06C5A162E8DF,2018-07-30
4CE1B69F953B54B62E89E15B12EEA28D,2018-07-30
BC4B7D24B70042CD139198B2027C8F95,2018-07-30
194BCE80D71B28DE35D78017DB98B299,2018-07-30
31DF612CC7704C453889C7836C5F1A63,2018-06-24
ED181F172D4B83E2FC08AA7E878D6F8E,2018-06-24
9F54F1158453557B5E4C32751CE1B9A4,2018-06-24
6CB48CA793FC0BCDD963C1488371447F,2018-06-24
875A6901B633D21352CDE560EE3DA656,2018-09-26
92933451712152D67753A6D26DB13826,2018-09-26
26F3A02677C6F21DFE2A00C213662D8D,2018-09-26
8922EF3F4689984CED23D78FA6E78570,2018-09-26
B2FFF7F4FBABDA01138D0E2504307048,2018-07-27
86A9CA0DA8A199B0C467F5A11270DDBB,2018-07-27
1FFEE889C95637FE2D229E04149BC23B,2018-07-27
5194FBFDE04D7689AF2B1DB5C5EBF970,2018-07-27
1912300BA91A02FEEDD28277E0DD7DB5,2018-07-27
F8D02828AA1A4E28F9612CB41DB8BC16,2018-07-27
2160984278981558F7929C07EB37E679,2018-07-27
72251EA3E20EFF796D22FC27740E533F,2018-07-27
456658D26CF1B27D2E9A6E8D96B3F32A,2018-09-03
C4BAE553F62E75AD8FA51A5276CFFB35,2018-09-03
68774A17601A1EFFC38C53ED3CB4FF6C,2018-09-03
BE543B16CE25C04DB2BA08E38B4243B4,2018-09-12
30161E941558E28575768DC48CC6C9A9,2018-09-12
EC95852018022C62D7D805B5F3202308,2018-09-12
E75B538BECDAF606BD5A01FB404C047A,2018-09-12
3E1C51353A2BF5684592B09F75E76873,2018-07-31
C08FA7B37167EDDCDDBA175E35FF4DD9,2018-07-31
887A958AF69B7172916C3748444BFF0B,2018-07-31
0CB6886B20DE2210225F4BAEB575AC71,2018-07-31
A3C5BA7BE9F5439A73A57D9010C607A2,2018-07-31
79618C9DC42486694D0C709007398787,2018-07-31
B61FDDD57DA47BA00E14707352203938,2018-07-31
A625B2C4E4CEFE8F1C9ADBC48833A11F,2018-08-13
7B2CB9892DDD43962B8C9B4BBD9150E4,2018-09-06
4ED374B9B92A519B1EDB27CA90DE1FCE,2018-09-06
5AE684C539DC4038371EDCBF649BFED1,2018-09-06
4B44B78D8D8D507D918890F2B26E20E9,2018-09-06
E75BB9320BCFA56BF42AAC320A56CBAE,2018-09-11
9A9829B33EBA6E89C89118367EAF2B7E,2018-06-19
0D2A1727F2166262BD158578D749048F,2018-06-19
77CE1DE529FE912B316D105A0937B22B,2018-06-19
6B141901E48698AACFB68C2AD3F370DD,2018-07-06
7B33416E0219E1C01561CA9F5917551B,2018-07-06
8A4D3DB968275EB10F8B9920C8302916,2018-07-06
2101B6BB8F2636384612521D6A10A55B,2018-07-14
C83B5F6B4BC4680D9E627AD2BDD49E2A,2018-07-14
576189D6FEECFE5071F4B9209DE951D4,2018-07-14
8E75710E2F50347D18D53EE411D26FD8,2018-07-14
08997F7C4FA9AA016F22D7BF9D59120A,2018-07-14
B39508DE024AF1249C3E23FA7C25C688,2018-07-14
844CEC10DB0368E8B73A1C7BBF702C6B,2018-06-22
BA8A6FD523D3003991CA8EB1F575A280,2018-06-22
B9BE6737540F69F0D4990DFA87DE7DC9,2018-06-22
451012F32A114CEB6ECDCE07397960FE,2018-06-22
46BC6E857283A25AC5BDB2A1553FB7DB,2018-08-24
DCB109F15C5BD8C4B02F84B6A3B7D242,2018-08-24
73C97FBF6DFC10BACDE7EFB65E89F983,2018-08-24
DE974A32AA43FA0AB4FE3283823394C4,2018-08-24
8532BD7C5BCAFF02F04801477F506C2A,2018-08-24
484108EF9B01A8C8DD769B46C9B90EEF,2018-08-27
C83492F3B2F1F6305F4923DA15EBA273,2018-08-27
76C6EAD77D65464F7580AFC5345A2B64,2018-08-27
83467DE234E758D48DB358F0EE37CF09,2018-08-27
60A18C651D23E2866F761919F140EFBD,2018-07-02
9C0E3D1BF7388987B20CD86F20698743,2018-06-13
17FD072E04428ED8F6E34F64FF6E3307,2018-06-13
98AA37A0C00B41C25CA33D8F748AAA11,2018-06-13
6AA58246505F9C7A54D55074B908CBBD,2018-09-14
77A9D856AEF74B96BDFBE805E66DB4A9,2018-09-14
013F24EB7FDC02D2FF21C696DC7AD188,2018-09-14
40C229431AFC4802BD2F4B7EEA6D7599,2018-09-09
383F4B98EC31DD2A915427D36A30354E,2018-08-04
CCADFC0ECC097AA5DA4FD3917D517022,2018-08-04
4542CFA974FAA3C923527BDDA50397B0,2018-08-04
F811FA3ECC2BA9F049E5A216FAFA301B,2018-08-04
