user_pseudo_id,event_date,event_timestamp,event_name,product_id,price,currency,validated,type,value
00AE0CA4117376AE083FD6AEA744CE88,20180902,1535943983925000,ad_reward,,,,,Steps,5.0
00AE0CA4117376AE083FD6AEA744CE88,20180902,1535944080985000,ad_reward,,,,,Steps,5.0
014EE05605C94D797CA52C355638C967,20180813,1534198373295000,ad_reward,,,,,Steps,2.0
014EE05605C94D797CA52C355638C967,20180813,1534198445681031,ad_reward,,,,,Steps,2.0
014EE05605C94D797CA52C355638C967,20180813,1534198451217008,ad_reward,,,,,Steps,2.0
025FF377B4148748AF5743A54761EA15,20180626,1530010973066014,ad_reward,,,,,Steps,2.0
025FF377B4148748AF5743A54761EA15,20180626,1530011082853096,ad_reward,,,,,Steps,2.0
025FF377B4148748AF5743A54761EA15,20180626,1530011118403136,ad_reward,,,,,Steps,2.0
025FF377B4148748AF5743A54761EA15,20180629,1530267199262014,ad_reward,,,,,Steps,2.0
026E9E99CF63F4AD31203F6B2E01949D,20180712,1531454060475001,ad_reward,,,,,Steps,5.0
026E9E99CF63F4AD31203F6B2E01949D,20180712,1531454062597000,ad_reward,,,,,Steps,5.0
026E9E99CF63F4AD31203F6B2E01949D,20180712,1531454185110000,ad_reward,,,,,Steps,5.0
026E9E99CF63F4AD31203F6B2E01949D,20180712,1531454185219001,ad_reward,,,,,Steps,5.0
026E9E99CF63F4AD31203F6B2E01949D,20180713,1531484215425000,ad_reward,,,,,Steps,5.0
032918145D0FE92E31B0D5194DB1A4C3,20180628,1530224360476000,in_app_purchase,remove_ads,0.99,USD,,,990000.0
0382D8746EC192BCE3C3C84112BFCCAA,20180917,1537171119192053,ad_reward,,,,,,1.0
0393E8CD10D9BAF3E2F06D31395151E6,20180623,1529761451821000,ad_reward,,,,,Steps,5.0
0393E8CD10D9BAF3E2F06D31395151E6,20180623,1529761633010000,ad_reward,,,,,Steps,5.0
0393E8CD10D9BAF3E2F06D31395151E6,20180623,1529762425765000,ad_reward,,,,,Steps,5.0
0393E8CD10D9BAF3E2F06D31395151E6,20180623,1529762527484000,ad_reward,,,,,Steps,5.0
0393E8CD10D9BAF3E2F06D31395151E6,20180624,1529834211269052,ad_reward,,,,,Steps,5.0
0393E8CD10D9BAF3E2F06D31395151E6,20180624,1529834223950024,ad_reward,,,,,Steps,5.0
0393E8CD10D9BAF3E2F06D31395151E6,20180624,1529834407699008,ad_reward,,,,,Steps,5.0
0393E8CD10D9BAF3E2F06D31395151E6,20180624,1529834491214008,ad_reward,,,,,Steps,5.0
0393E8CD10D9BAF3E2F06D31395151E6,20180624,1529834922116009,ad_reward,,,,,Steps,5.0
0393E8CD10D9BAF3E2F06D31395151E6,20180624,1529835140566016,ad_reward,,,,,Steps,5.0
0393E8CD10D9BAF3E2F06D31395151E6,20180624,1529835394665016,ad_reward,,,,,Steps,5.0
0393E8CD10D9BAF3E2F06D31395151E6,20180624,1529835768302086,ad_reward,,,,,Steps,5.0
0393E8CD10D9BAF3E2F06D31395151E6,20180624,1529835837180109,ad_reward,,,,,Steps,5.0
0393E8CD10D9BAF3E2F06D31395151E6,20180624,1529835896741133,ad_reward,,,,,Steps,5.0
0393E8CD10D9BAF3E2F06D31395151E6,20180624,1529835958906168,ad_reward,,,,,Steps,5.0
0393E8CD10D9BAF3E2F06D31395151E6,20180624,1529836158076215,ad_reward,,,,,Steps,5.0
0393E8CD10D9BAF3E2F06D31395151E6,20180624,1529836262896263,ad_reward,,,,,Steps,5.0
0393E8CD10D9BAF3E2F06D31395151E6,20180624,1529836289491239,ad_reward,,,,,Steps,5.0
0393E8CD10D9BAF3E2F06D31395151E6,20180624,1529836470697312,ad_reward,,,,,Steps,5.0
0393E8CD10D9BAF3E2F06D31395151E6,20180624,1529836505521336,ad_reward,,,,,Steps,5.0
0393E8CD10D9BAF3E2F06D31395151E6,20180624,1529836594036390,ad_reward,,,,,Steps,5.0
0393E8CD10D9BAF3E2F06D31395151E6,20180624,1529836676461413,ad_reward,,,,,Steps,5.0
0393E8CD10D9BAF3E2F06D31395151E6,20180624,1529836728360035,ad_reward,,,,,Steps,5.0
0393E8CD10D9BAF3E2F06D31395151E6,20180624,1529844779979039,ad_reward,,,,,Steps,5.0
0393E8CD10D9BAF3E2F06D31395151E6,20180624,1529844915193074,ad_reward,,,,,Steps,5.0
0393E8CD10D9BAF3E2F06D31395151E6,20180624,1529845218442176,ad_reward,,,,,Steps,5.0
0393E8CD10D9BAF3E2F06D31395151E6,20180624,1529845325144031,ad_reward,,,,,Steps,5.0
0393E8CD10D9BAF3E2F06D31395151E6,20180624,1529845552841045,ad_reward,,,,,Steps,5.0
0393E8CD10D9BAF3E2F06D31395151E6,20180624,1529845613812068,ad_reward,,,,,Steps,5.0
0393E8CD10D9BAF3E2F06D31395151E6,20180624,1529846150457176,ad_reward,,,,,Steps,5.0
0393E8CD10D9BAF3E2F06D31395151E6,20180624,1529855171344020,ad_reward,,,,,Steps,5.0
0393E8CD10D9BAF3E2F06D31395151E6,20180624,1529855272316043,ad_reward,,,,,Steps,5.0
0393E8CD10D9BAF3E2F06D31395151E6,20180624,1529855309734078,ad_reward,,,,,Steps,5.0
0393E8CD10D9BAF3E2F06D31395151E6,20180624,1529855504778127,ad_reward,,,,,Steps,5.0
0393E8CD10D9BAF3E2F06D31395151E6,20180624,1529855624983008,ad_reward,,,,,Steps,5.0
0393E8CD10D9BAF3E2F06D31395151E6,20180624,1529855892131539,ad_reward,,,,,Steps,5.0
0393E8CD10D9BAF3E2F06D31395151E6,20180624,1529855957359587,ad_reward,,,,,Steps,5.0
0393E8CD10D9BAF3E2F06D31395151E6,20180624,1529856055695008,ad_reward,,,,,Steps,5.0
0393E8CD10D9BAF3E2F06D31395151E6,20180624,1529856196722057,ad_reward,,,,,Steps,5.0
0393E8CD10D9BAF3E2F06D31395151E6,20180624,1529856262636106,ad_reward,,,,,Steps,5.0
0393E8CD10D9BAF3E2F06D31395151E6,20180624,1529856392444180,ad_reward,,,,,Steps,5.0
0393E8CD10D9BAF3E2F06D31395151E6,20180624,1529856459896240,ad_reward,,,,,Steps,5.0
0393E8CD10D9BAF3E2F06D31395151E6,20180624,1529856547499323,ad_reward,,,,,Steps,5.0
0393E8CD10D9BAF3E2F06D31395151E6,20180624,1529856662460372,ad_reward,,,,,Steps,5.0
0393E8CD10D9BAF3E2F06D31395151E6,20180624,1529856782956421,ad_reward,,,,,Steps,5.0
0393E8CD10D9BAF3E2F06D31395151E6,20180624,1529856950475532,ad_reward,,,,,Steps,5.0
0393E8CD10D9BAF3E2F06D31395151E6,20180624,1529861159804027,ad_reward,,,,,Steps,5.0
0393E8CD10D9BAF3E2F06D31395151E6,20180624,1529861220362064,ad_reward,,,,,Steps,5.0
0393E8CD10D9BAF3E2F06D31395151E6,20180624,1529861329099148,ad_reward,,,,,Steps,5.0
0393E8CD10D9BAF3E2F06D31395151E6,20180624,1529861331746124,ad_reward,,,,,Steps,5.0
0393E8CD10D9BAF3E2F06D31395151E6,20180624,1529861538767034,ad_reward,,,,,Steps,5.0
0393E8CD10D9BAF3E2F06D31395151E6,20180624,1529861562355060,ad_reward,,,,,Steps,5.0
0393E8CD10D9BAF3E2F06D31395151E6,20180624,1529861685267128,ad_reward,,,,,Steps,5.0
0393E8CD10D9BAF3E2F06D31395151E6,20180624,1529861835537195,ad_reward,,,,,Steps,5.0
0393E8CD10D9BAF3E2F06D31395151E6,20180624,1529862928736019,ad_reward,,,,,Steps,5.0
0393E8CD10D9BAF3E2F06D31395151E6,20180624,1529862997373108,ad_reward,,,,,Steps,5.0
0393E8CD10D9BAF3E2F06D31395151E6,20180624,1529863164188067,ad_reward,,,,,Steps,5.0
03D09EC0E7D363DD6E6F8E96E71EF821,20180628,1530208415475048,ad_reward,,,,,Steps,2.0
053FFBAB6879C1E7E1915E40C191F61D,20180722,1532245116046084,ad_reward,,,,,Steps,5.0
060D19333BDE9DED4C0B12F16CB944C1,20180625,1529977196100031,ad_reward,,,,,Steps,5.0
062964F7169622E4AEC91756FFB8261B,20180710,1531280701254067,ad_reward,,,,,Steps,2.0
062964F7169622E4AEC91756FFB8261B,20180710,1531280873286117,ad_reward,,,,,Steps,2.0
062964F7169622E4AEC91756FFB8261B,20180712,1531451584970219,ad_reward,,,,,Steps,2.0
062964F7169622E4AEC91756FFB8261B,20180712,1531451774623269,ad_reward,,,,,Steps,2.0
062964F7169622E4AEC91756FFB8261B,20180712,1531451835595297,ad_reward,,,,,Steps,2.0
062964F7169622E4AEC91756FFB8261B,20180712,1531451876829325,ad_reward,,,,,Steps,2.0
062964F7169622E4AEC91756FFB8261B,20180712,1531452048468367,ad_reward,,,,,Steps,2.0
062964F7169622E4AEC91756FFB8261B,20180712,1531452077285424,ad_reward,,,,,Steps,2.0
062964F7169622E4AEC91756FFB8261B,20180712,1531452091560396,ad_reward,,,,,Steps,2.0
062964F7169622E4AEC91756FFB8261B,20180712,1531452168153476,ad_reward,,,,,Steps,2.0
062964F7169622E4AEC91756FFB8261B,20180712,1531452251925504,ad_reward,,,,,Steps,2.0
062964F7169622E4AEC91756FFB8261B,20180712,1531452280628533,ad_reward,,,,,Steps,2.0
062964F7169622E4AEC91756FFB8261B,20180712,1531452351624562,ad_reward,,,,,Steps,2.0
062964F7169622E4AEC91756FFB8261B,20180712,1531452541907015,ad_reward,,,,,Steps,2.0
06620D97BAC22D30DDE66F80BC5E7EA3,20180830,1535671585037000,ad_reward,,,,,Steps,5.0
06E860725EBA5AC36346CB0C961AC6EC,20180630,1530393995505034,ad_reward,,,,,Steps,5.0
07AC6E7F50CC5A3D9991DC220B5F92A1,20180630,1530378201718068,ad_reward,,,,,Steps,2.0
083FD14A74166E944901279BE6BF56E6,20181002,1538502396670000,ad_reward,,,,,Steps,5.0
083FD14A74166E944901279BE6BF56E6,20181002,1538502535585000,ad_reward,,,,,Steps,5.0
08A61EDE0AB5410B3B45FCB3E146C398,20180724,1532475953806000,ad_reward,,,,,Steps,5.0
08A61EDE0AB5410B3B45FCB3E146C398,20180724,1532476230472000,ad_reward,,,,,Steps,5.0
08A61EDE0AB5410B3B45FCB3E146C398,20180724,1532476569122000,ad_reward,,,,,Steps,5.0
08A61EDE0AB5410B3B45FCB3E146C398,20180724,1532476645908000,ad_reward,,,,,Steps,5.0
08D399C66188D9A356AFAD5E2B2BA45E,20180619,1529468320229109,ad_reward,,,,,,1.0
08D399C66188D9A356AFAD5E2B2BA45E,20180620,1529557006130045,ad_reward,,,,,,1.0
08D399C66188D9A356AFAD5E2B2BA45E,20180621,1529586005413025,ad_reward,,,,,,1.0
08D399C66188D9A356AFAD5E2B2BA45E,20180621,1529639778804070,ad_reward,,,,,,1.0
08D399C66188D9A356AFAD5E2B2BA45E,20180621,1529640065839007,ad_reward,,,,,,1.0
08D399C66188D9A356AFAD5E2B2BA45E,20180621,1529640670938156,ad_reward,,,,,,1.0
08D399C66188D9A356AFAD5E2B2BA45E,20180622,1529731407426034,ad_reward,,,,,,1.0
08D399C66188D9A356AFAD5E2B2BA45E,20180623,1529747578449019,ad_reward,,,,,,1.0
08D399C66188D9A356AFAD5E2B2BA45E,20180627,1530107057024035,ad_reward,,,,,,1.0
08D399C66188D9A356AFAD5E2B2BA45E,20180628,1530180540663029,ad_reward,,,,,,1.0
08D399C66188D9A356AFAD5E2B2BA45E,20180628,1530188407758029,ad_reward,,,,,,1.0
08D399C66188D9A356AFAD5E2B2BA45E,20180628,1530240639738044,ad_reward,,,,,,1.0
08D399C66188D9A356AFAD5E2B2BA45E,20180628,1530244942242013,ad_reward,,,,,,1.0
08D399C66188D9A356AFAD5E2B2BA45E,20180628,1530249861100093,ad_reward,,,,,,1.0
08D399C66188D9A356AFAD5E2B2BA45E,20180702,1530529044205047,ad_reward,,,,,,1.0
08D399C66188D9A356AFAD5E2B2BA45E,20180703,1530615018308025,ad_reward,,,,,,1.0
08D399C66188D9A356AFAD5E2B2BA45E,20180704,1530758604405094,ad_reward,,,,,,1.0
08D399C66188D9A356AFAD5E2B2BA45E,20180704,1530762483715000,ad_reward,,,,,,1.0
093642BD46204EB5F950303CE696BC18,20180630,1530385598194118,ad_reward,,,,,Steps,5.0
093642BD46204EB5F950303CE696BC18,20180630,1530386035549023,ad_reward,,,,,Steps,5.0
093642BD46204EB5F950303CE696BC18,20180702,1530537617789000,ad_reward,,,,,Steps,5.0
093E3E8BB59252BCD92BA5B7EAE55BBD,20180808,1533766791892000,ad_reward,,,,,Steps,5.0
0B74484DD41F519B4810A14A953CAA18,20180727,1532676555919019,ad_reward,,,,,Steps,5.0
0B74484DD41F519B4810A14A953CAA18,20180727,1532754929777000,ad_reward,,,,,Steps,5.0
0B74484DD41F519B4810A14A953CAA18,20180727,1532755461239000,ad_reward,,,,,Steps,5.0
0B74484DD41F519B4810A14A953CAA18,20180810,1533964751014000,ad_reward,,,,,Steps,5.0
0B74484DD41F519B4810A14A953CAA18,20180826,1535293763389000,ad_reward,,,,,Steps,5.0
0B74484DD41F519B4810A14A953CAA18,20180829,1535527303115000,ad_reward,,,,,Steps,5.0
0C0803BC7D87E45A797914F9DAACD364,20180810,1533924960428029,ad_reward,,,,,Steps,5.0
0C0803BC7D87E45A797914F9DAACD364,20180810,1533925031587027,ad_reward,,,,,Steps,5.0
0C0803BC7D87E45A797914F9DAACD364,20180810,1533925396637084,ad_reward,,,,,Steps,5.0
0C0803BC7D87E45A797914F9DAACD364,20180810,1533925515155017,ad_reward,,,,,Steps,5.0
0C612533A4A60DD902F404C8F47FC79D,20180625,1529978707927034,ad_reward,,,,,Steps,2.0
0CFD16A46A05B5BD29D3A37284B94CBB,20180804,1533410798954000,ad_reward,,,,,Steps,5.0
0E37B2880EC8268C7E05E66B0FC00CF2,20180724,1532482954650026,ad_reward,,,,,Steps,5.0
0E37B2880EC8268C7E05E66B0FC00CF2,20180724,1532483208580090,ad_reward,,,,,Steps,5.0
0E37B2880EC8268C7E05E66B0FC00CF2,20180724,1532483539746025,ad_reward,,,,,Steps,5.0
0E37B2880EC8268C7E05E66B0FC00CF2,20180724,1532483871799023,ad_reward,,,,,Steps,5.0
0E37B2880EC8268C7E05E66B0FC00CF2,20180724,1532484041745025,ad_reward,,,,,Steps,5.0
0E37B2880EC8268C7E05E66B0FC00CF2,20180724,1532484087934015,ad_reward,,,,,Steps,5.0
0E37B2880EC8268C7E05E66B0FC00CF2,20180724,1532484321090022,ad_reward,,,,,Steps,5.0
0E853AAD79400923D81817403C63B208,20180619,1529426119517058,ad_reward,,,,,Steps,2.0
0E853AAD79400923D81817403C63B208,20180619,1529426200050142,ad_reward,,,,,Steps,2.0
0E853AAD79400923D81817403C63B208,20180625,1529923209250013,ad_reward,,,,,Steps,2.0
0E853AAD79400923D81817403C63B208,20180625,1529927134593013,ad_reward,,,,,Steps,2.0
0E853AAD79400923D81817403C63B208,20180625,1529927242302065,ad_reward,,,,,Steps,2.0
0E853AAD79400923D81817403C63B208,20180625,1529937764236013,ad_reward,,,,,Steps,2.0
0E853AAD79400923D81817403C63B208,20180625,1529937853763071,ad_reward,,,,,Steps,2.0
0E853AAD79400923D81817403C63B208,20180626,1530032831965013,ad_reward,,,,,Steps,2.0
0E853AAD79400923D81817403C63B208,20180626,1530032860989075,ad_reward,,,,,Steps,2.0
0E853AAD79400923D81817403C63B208,20180626,1530040908316000,ad_reward,,,,,Steps,2.0
0E853AAD79400923D81817403C63B208,20180628,1530192174062025,ad_reward,,,,,Steps,2.0
0E853AAD79400923D81817403C63B208,20180628,1530192200462000,ad_reward,,,,,Steps,2.0
0E853AAD79400923D81817403C63B208,20180628,1530196517114085,ad_reward,,,,,Steps,2.0
0E853AAD79400923D81817403C63B208,20180630,1530351338373013,ad_reward,,,,,Steps,2.0
0E853AAD79400923D81817403C63B208,20180630,1530351412368064,ad_reward,,,,,Steps,2.0
0E853AAD79400923D81817403C63B208,20180630,1530351431917092,ad_reward,,,,,Steps,2.0
0E853AAD79400923D81817403C63B208,20180701,1530429281763013,ad_reward,,,,,Steps,2.0
0E853AAD79400923D81817403C63B208,20180701,1530429373607014,ad_reward,,,,,Steps,2.0
0E853AAD79400923D81817403C63B208,20180701,1530443567739013,ad_reward,,,,,Steps,2.0
0E853AAD79400923D81817403C63B208,20180701,1530474919945025,ad_reward,,,,,Steps,2.0
0E853AAD79400923D81817403C63B208,20180701,1530474979296053,ad_reward,,,,,Steps,2.0
0E853AAD79400923D81817403C63B208,20180701,1530478793963013,ad_reward,,,,,Steps,2.0
0E9E1584FC0E8338E89AFC40ADA27075,20180806,1533570662127013,ad_reward,,,,,Steps,2.0
0E9E1584FC0E8338E89AFC40ADA27075,20180806,1533570763763000,ad_reward,,,,,Steps,2.0
0E9E1584FC0E8338E89AFC40ADA27075,20180806,1533570928449019,ad_reward,,,,,Steps,2.0
0E9E1584FC0E8338E89AFC40ADA27075,20180806,1533571037636000,ad_reward,,,,,Steps,2.0
0E9E1584FC0E8338E89AFC40ADA27075,20180806,1533571184335075,ad_reward,,,,,Steps,2.0
0F196FC62639C7109787513B68D543FF,20180929,1538238902122000,ad_reward,,,,,Steps,5.0
0F5D8942B1C96254F6B7E890DF1E614E,20180925,1537859312844062,ad_reward,,,,,Steps,2.0
0FE7AA892150DE7C58D1B2988580346D,20180618,1529336940137000,ad_reward,,,,,Steps,5.0
102CC7D8CD5D3E861EACE1BAB97E61EC,20180615,1529071017962020,ad_reward,,,,,Steps,5.0
102CC7D8CD5D3E861EACE1BAB97E61EC,20180615,1529106133303198,ad_reward,,,,,Steps,5.0
102CC7D8CD5D3E861EACE1BAB97E61EC,20180706,1530909398195020,ad_reward,,,,,Steps,5.0
102CC7D8CD5D3E861EACE1BAB97E61EC,20180912,1536790315532021,ad_reward,,,,,Steps,5.0
1040DBA6B86179C04C306712B5574EB1,20180619,1529399522204019,ad_reward,,,,,Steps,5.0
1040DBA6B86179C04C306712B5574EB1,20180619,1529399581301045,ad_reward,,,,,Steps,5.0
1040DBA6B86179C04C306712B5574EB1,20180619,1529399737633081,ad_reward,,,,,Steps,5.0
1040DBA6B86179C04C306712B5574EB1,20180619,1529399844561108,ad_reward,,,,,Steps,5.0
1040DBA6B86179C04C306712B5574EB1,20180619,1529400171508145,ad_reward,,,,,Steps,5.0
1040DBA6B86179C04C306712B5574EB1,20180619,1529400234034174,ad_reward,,,,,Steps,5.0
11A3238DEAD2345528E617ACC82D2027,20181001,1538412993281092,ad_reward,,,,,Steps,5.0
11A3238DEAD2345528E617ACC82D2027,20181003,1538574373476038,ad_reward,,,,,Steps,5.0
11A3238DEAD2345528E617ACC82D2027,20181003,1538618410921058,ad_reward,,,,,Steps,5.0
12A3E953225ADC9B643F2594F791491F,20180615,1529080111879000,ad_reward,,,,,Steps,5.0
13524092E785CA3DBE2A03A2B5B2EFA5,20180813,1534219625190000,ad_reward,,,,,Steps,5.0
13AC12EF4C6A0EAF72795F720752AD98,20180828,1535522039008000,ad_reward,,,,,Steps,5.0
13AC12EF4C6A0EAF72795F720752AD98,20180831,1535763268437000,ad_reward,,,,,Steps,5.0
15955C2770D8FE60B329BCD0805BB35E,20180618,1529391612128021,ad_reward,,,,,Steps,5.0
1608F85B710EC4AE0024BB8A1C339071,20180811,1534029358891165,ad_reward,,,,,Steps,5.0
1739B4C38E25048BC220EB3AD19AA0FB,20180722,1532271300371008,ad_reward,,,,,Steps,5.0
175AEE22E34051C883F76BD73422AC72,20180612,1528840939673028,ad_reward,,,,,Steps,2.0
175AEE22E34051C883F76BD73422AC72,20180612,1528840971334035,ad_reward,,,,,Steps,2.0
175AEE22E34051C883F76BD73422AC72,20180614,1529011030386051,ad_reward,,,,,Steps,2.0
175AEE22E34051C883F76BD73422AC72,20180615,1529077783649085,ad_reward,,,,,Steps,2.0
175AEE22E34051C883F76BD73422AC72,20180615,1529077829369045,ad_reward,,,,,Steps,2.0
175AEE22E34051C883F76BD73422AC72,20180830,1535698122103026,ad_reward,,,,,Steps,2.0
175AEE22E34051C883F76BD73422AC72,20180830,1535698195552091,ad_reward,,,,,Steps,2.0
175AEE22E34051C883F76BD73422AC72,20180904,1536082071410022,ad_reward,,,,,Steps,2.0
175AEE22E34051C883F76BD73422AC72,20180906,1536270117661046,ad_reward,,,,,Steps,2.0
175AEE22E34051C883F76BD73422AC72,20180906,1536270196588047,ad_reward,,,,,Steps,2.0
175AEE22E34051C883F76BD73422AC72,20180911,1536702741350013,ad_reward,,,,,Steps,2.0
175AEE22E34051C883F76BD73422AC72,20180915,1537048544686000,ad_reward,,,,,Steps,2.0
175AEE22E34051C883F76BD73422AC72,20180918,1537254850172047,ad_reward,,,,,Steps,2.0
175AEE22E34051C883F76BD73422AC72,20180922,1537652736301000,ad_reward,,,,,Steps,2.0
175AEE22E34051C883F76BD73422AC72,20180929,1538212110116015,ad_reward,,,,,Steps,2.0
175AEE22E34051C883F76BD73422AC72,20180929,1538212193336053,ad_reward,,,,,Steps,2.0
1764DE126468943A92164D6E0063E36B,20180628,1530235275743000,in_app_purchase,remove_ads,0.99,USD,1,,990000.0
187F3053F04D9D7EF93DF21DBDB59684,20180702,1530553534093197,ad_reward,,,,,Steps,5.0
187F3053F04D9D7EF93DF21DBDB59684,20180712,1531450520638129,ad_reward,,,,,Steps,5.0
189847C4C8137003FFC03E59139A9B57,20180616,1529153215001089,ad_reward,,,,,Steps,2.0
189847C4C8137003FFC03E59139A9B57,20180616,1529153269996119,ad_reward,,,,,Steps,2.0
18CB1F3F03C919DE0D79B07F291F7DB2,20180626,1530061771028000,in_app_purchase,extra_steps_pack_3,4.99,USD,1,,4990000.0
18EC2B6332FE31C3B66AEE0C7C43D3DD,20180912,1536772021113001,ad_reward,,,,,Steps,5.0
1918604BFCCA6992E962C7BE9B7737C8,20180706,1530905394212019,ad_reward,,,,,Steps,2.0
1918604BFCCA6992E962C7BE9B7737C8,20180706,1530905416760060,ad_reward,,,,,Steps,2.0
193D4BFCCCDED344EE4C2A2809BF685F,20180629,1530332053750000,ad_reward,,,,,Steps,5.0
193D4BFCCCDED344EE4C2A2809BF685F,20180629,1530332083765000,ad_reward,,,,,Steps,5.0
193D4BFCCCDED344EE4C2A2809BF685F,20180629,1530332353987000,ad_reward,,,,,Steps,5.0
19459BCAB2C300C598A15690DFCB33AF,20180911,1536672411845038,ad_reward,,,,,Steps,2.0
19459BCAB2C300C598A15690DFCB33AF,20180911,1536672434637046,ad_reward,,,,,Steps,2.0
19459BCAB2C300C598A15690DFCB33AF,20180911,1536672544859000,ad_reward,,,,,Steps,2.0
1AE32C0B80648F4516DE4830AD288E02,20180928,1538125144732028,ad_reward,,,,,Steps,2.0
1AE32C0B80648F4516DE4830AD288E02,20180928,1538125257068032,ad_reward,,,,,Steps,2.0
1BDCB994173E8A509680B6351EE6A3AE,20180912,1536807498190040,ad_reward,,,,,Steps,5.0
1C0AF5475798F990F25A06C5A162E8DF,20180730,1532963380668009,ad_reward,,,,,Steps,5.0
1C0AF5475798F990F25A06C5A162E8DF,20180730,1532984265537000,ad_reward,,,,,Steps,5.0
1C0AF5475798F990F25A06C5A162E8DF,20180730,1532984446075000,ad_reward,,,,,Steps,5.0
1C9927831BAA7A0569130EADD6320C69,20180815,1534365694967074,ad_reward,,,,,Steps,2.0
1C9FE11104D8B61FADD4BC502B7B593B,20181003,1538594529170001,ad_reward,,,,,Steps,5.0
1CFFA77ED72A9F56DC1F26007DFFC222,20180805,1533491805098015,ad_reward,,,,,Steps,2.0
1CFFA77ED72A9F56DC1F26007DFFC222,20180805,1533492121772008,ad_reward,,,,,Steps,2.0
1DF24A5BDAF61503CFBAB25C81CF7F36,20180831,1535738056653018,ad_reward,,,,,Steps,2.0
1F0D27B8A7E058446D4A6409E2E73B19,20180724,1532457819532013,ad_reward,,,,,Steps,2.0
1F23CD3D03EC2DDF33981F9B3D9F6759,20180915,1537033257098000,ad_reward,,,,,Steps,2.0
1F23CD3D03EC2DDF33981F9B3D9F6759,20180915,1537033369456000,ad_reward,,,,,Steps,2.0
1F25763EC8BCAEC7FB069E81659A2153,20180731,1533067781268033,ad_reward,,,,,Steps,5.0
1F25763EC8BCAEC7FB069E81659A2153,20180731,1533067854945055,ad_reward,,,,,Steps,5.0
1F25763EC8BCAEC7FB069E81659A2153,20180731,1533068031707020,ad_reward,,,,,Steps,5.0
20706003A6373C55EC3CA4AA47F332A3,20180619,1529468505927007,ad_reward,,,,,Steps,2.0
20A7321DA29912CBAE66BF98E85CC0C7,20181001,1538447131498046,ad_reward,,,,,Steps,2.0
20BF8AFEDA29A623F9ADE3D40EDF9491,20180619,1529473405864000,ad_reward,,,,,Steps,5.0
210C3692734E251EEF4E952BC57DD998,20180801,1533160799125000,in_app_purchase,remove_ads,3.69,AED,1,,3690000.0
210C3692734E251EEF4E952BC57DD998,20180921,1537541968828000,ad_reward,,,,,Steps,2.0
21B36187E79A2AD5BFC6C7D018CA1676,20180910,1536636547092013,ad_reward,,,,,Steps,2.0
21DA809CF1B07A7E8D2D73D9030FEEBC,20180824,1535097056903000,ad_reward,,,,,Steps,5.0
22430BD1EDFC8E2E980313F10148A53E,20180630,1530368383475130,ad_reward,,,,,,1.0
22430BD1EDFC8E2E980313F10148A53E,20180630,1530375549909182,ad_reward,,,,,,1.0
22430BD1EDFC8E2E980313F10148A53E,20180704,1530725088446000,ad_reward,,,,,Steps,5.0
22744902811A4056F2B1111F11541818,20180818,1534619372493057,ad_reward,,,,,Steps,2.0
239CC302D85E646B500B4378142B3245,20180618,1529327292019006,ad_reward,,,,,Steps,2.0
239CC302D85E646B500B4378142B3245,20180626,1530052683249013,ad_reward,,,,,Steps,2.0
23D89EE594C105BFA999295B38C80B2B,20180625,1529969258260015,ad_reward,,,,,Steps,2.0
23D89EE594C105BFA999295B38C80B2B,20180625,1529969378807111,ad_reward,,,,,Steps,2.0
248A372CD2ED3B5D62866E77AC6D661B,20180925,1537944489272000,in_app_purchase,remove_ads,0.99,USD,1,,990000.0
264749B887AA92394A2F4E449D16A9F6,20180919,1537410471184015,ad_reward,,,,,,1.0
264749B887AA92394A2F4E449D16A9F6,20180919,1537410578765008,ad_reward,,,,,,1.0
27AABF18BF07DE5DCACA40BDAFCD21E1,20180725,1532583160212071,ad_reward,,,,,Steps,5.0
27AABF18BF07DE5DCACA40BDAFCD21E1,20180726,1532671678295001,ad_reward,,,,,Steps,5.0
27AABF18BF07DE5DCACA40BDAFCD21E1,20180726,1532673611874000,ad_reward,,,,,Steps,5.0
27DF439BFD9C3BB0CB0D636030E61F57,20180825,1535208954105092,ad_reward,,,,,Steps,2.0
27E0D1C7B0A13B685AE0F2AA89B8B1A0,20180920,1537441910746000,in_app_purchase,remove_ads,120.0,JPY,1,,120000000.0
27F7286D26548767C2278621C13BDC6F,20180628,1530228820180002,ad_reward,,,,,Steps,2.0
2920B9D90561E521425DE4849FAAD1D7,20180703,1530653797493103,ad_reward,,,,,Steps,5.0
2920B9D90561E521425DE4849FAAD1D7,20180707,1531017673259008,ad_reward,,,,,Steps,5.0
295D9E24D8DE65A010313E667131EF19,20180711,1531351021602052,ad_reward,,,,,Steps,5.0
295D9E24D8DE65A010313E667131EF19,20180713,1531497807288000,ad_reward,,,,,Steps,5.0
295D9E24D8DE65A010313E667131EF19,20180713,1531529093107000,ad_reward,,,,,Steps,5.0
295D9E24D8DE65A010313E667131EF19,20180714,1531591175292144,ad_reward,,,,,Steps,5.0
29C78D355F988D6987A311DC76FF7B4E,20180926,1537994618368026,ad_reward,,,,,Steps,2.0
29C78D355F988D6987A311DC76FF7B4E,20180926,1537994811246077,ad_reward,,,,,Steps,2.0
2A0B5110E405737D03252E4149115CF0,20180613,1528901369141036,ad_reward,,,,,Steps,2.0
2A0B5110E405737D03252E4149115CF0,20180613,1528950069142013,ad_reward,,,,,Steps,2.0
2A0B5110E405737D03252E4149115CF0,20180618,1529358574343014,ad_reward,,,,,Steps,2.0
2A4BDBBA1155DC84138FBE8C51A3E18C,20180922,1537665755009001,ad_reward,,,,,Steps,5.0
2A4BDBBA1155DC84138FBE8C51A3E18C,20180922,1537665802370008,ad_reward,,,,,Steps,5.0
2A4BDBBA1155DC84138FBE8C51A3E18C,20180922,1537665892727000,ad_reward,,,,,Steps,5.0
2C8E6C9CA9F218EE831C2486C9B60140,20180618,1529333639032000,ad_reward,,,,,Steps,2.0
2D52FA86D9A54141E34BC8B0719E646E,20180618,1529373759469000,ad_reward,,,,,Steps,5.0
2D9E9565AA343265EE7DB190F26379E6,20181003,1538585379704000,ad_reward,,,,,Steps,2.0
2E03DB1924573F3131EEC916E5444F56,20180621,1529574302719000,in_app_purchase,remove_ads,0.99,USD,1,,990000.0
303FD8B04DF295670F8CBE660723648A,20180923,1537686683958000,ad_reward,,,,,Steps,2.0
303FD8B04DF295670F8CBE660723648A,20180923,1537686759794034,ad_reward,,,,,Steps,2.0
307AC87B6D76A6A1A19AC2B11E3FA4B5,20180801,1533172461325017,ad_reward,,,,,Steps,5.0
307AC87B6D76A6A1A19AC2B11E3FA4B5,20180801,1533172530182000,ad_reward,,,,,Steps,5.0
307AC87B6D76A6A1A19AC2B11E3FA4B5,20180801,1533172844215000,ad_reward,,,,,Steps,5.0
307AC87B6D76A6A1A19AC2B11E3FA4B5,20180801,1533173042195003,ad_reward,,,,,Steps,5.0
307AC87B6D76A6A1A19AC2B11E3FA4B5,20180823,1535020416271200,ad_reward,,,,,Steps,5.0
30BDB608211EE7B2E8488B00E246B7FC,20180915,1537071087940015,ad_reward,,,,,,1.0
310228A29216613C01B08D8B37AA21E1,20180830,1535625570201000,ad_reward,,,,,Steps,5.0
310228A29216613C01B08D8B37AA21E1,20180830,1535625989374110,ad_reward,,,,,Steps,5.0
310228A29216613C01B08D8B37AA21E1,20180830,1535662836863000,ad_reward,,,,,Steps,5.0
310228A29216613C01B08D8B37AA21E1,20180830,1535663142800000,ad_reward,,,,,Steps,5.0
310228A29216613C01B08D8B37AA21E1,20180830,1535663772540000,ad_reward,,,,,Steps,5.0
310228A29216613C01B08D8B37AA21E1,20180830,1535664109240093,ad_reward,,,,,Steps,5.0
310228A29216613C01B08D8B37AA21E1,20180830,1535664572027000,ad_reward,,,,,Steps,5.0
310228A29216613C01B08D8B37AA21E1,20180830,1535665082786000,ad_reward,,,,,Steps,5.0
316C478F300B0BA8DAFF7995336802D0,20180625,1529976372931000,ad_reward,,,,,Steps,2.0
3243A5B73F8E8D6B5735AE9AF4B6B6B6,20180621,1529568491623045,ad_reward,,,,,Steps,5.0
32691653B988011A1D8855300C372CE4,20180911,1536659410545000,ad_reward,,,,,Steps,2.0
32691653B988011A1D8855300C372CE4,20180913,1536896134102062,ad_reward,,,,,Steps,2.0
32691653B988011A1D8855300C372CE4,20180913,1536896160966028,ad_reward,,,,,Steps,2.0
32691653B988011A1D8855300C372CE4,20180913,1536896247874000,ad_reward,,,,,Steps,2.0
32691653B988011A1D8855300C372CE4,20180913,1536896284891000,ad_reward,,,,,Steps,2.0
32691653B988011A1D8855300C372CE4,20180914,1536976004689000,ad_reward,,,,,Steps,2.0
32691653B988011A1D8855300C372CE4,20180928,1538140050268000,ad_reward,,,,,Steps,2.0
32691653B988011A1D8855300C372CE4,20180928,1538140186144000,ad_reward,,,,,Steps,2.0
32DBA590E3515F301CC7B6B749FB4F21,20180730,1533007829016055,ad_reward,,,,,Steps,5.0
3309297C1BDD033F918A40177CF78474,20180628,1530206889556000,ad_reward,,,,,Steps,2.0
33469F822404E8FFAE1B545FD5427886,20180930,1538327899818000,ad_reward,,,,,Steps,5.0
33469F822404E8FFAE1B545FD5427886,20180930,1538328961327000,ad_reward,,,,,Steps,5.0
34ADF71F1AADCA26EC8008496F7CC87E,20180831,1535779002668000,ad_reward,,,,,Steps,5.0
356DFCFD4E809B029B0071E0CC0377BE,20180820,1534763687407000,ad_reward,,,,,Steps,5.0
35B864A5932E1A0A5F30D41B9F56112B,20180712,1531456397508027,ad_reward,,,,,Steps,2.0
35B864A5932E1A0A5F30D41B9F56112B,20180712,1531456434775056,ad_reward,,,,,Steps,2.0
35B864A5932E1A0A5F30D41B9F56112B,20180712,1531456542136098,ad_reward,,,,,Steps,2.0
35B864A5932E1A0A5F30D41B9F56112B,20180712,1531460976698061,ad_reward,,,,,Steps,2.0
35B864A5932E1A0A5F30D41B9F56112B,20180713,1531467320079000,ad_reward,,,,,Steps,2.0
35B864A5932E1A0A5F30D41B9F56112B,20180713,1531467370477000,ad_reward,,,,,Steps,2.0
35B864A5932E1A0A5F30D41B9F56112B,20180713,1531470521291015,ad_reward,,,,,Steps,2.0
35B864A5932E1A0A5F30D41B9F56112B,20180713,1531470939633077,ad_reward,,,,,Steps,2.0
35B864A5932E1A0A5F30D41B9F56112B,20180713,1531527496597015,ad_reward,,,,,Steps,2.0
35B864A5932E1A0A5F30D41B9F56112B,20180713,1531527509742015,ad_reward,,,,,Steps,2.0
35B864A5932E1A0A5F30D41B9F56112B,20180713,1531527580900015,ad_reward,,,,,Steps,2.0
35B864A5932E1A0A5F30D41B9F56112B,20180715,1531656881622027,ad_reward,,,,,Steps,2.0
35B864A5932E1A0A5F30D41B9F56112B,20180715,1531656947144000,ad_reward,,,,,Steps,2.0
35C4BB70C2B72DA0C63266D075D8FC23,20180628,1530226003173018,ad_reward,,,,,Steps,2.0
3682C2527BEE6BA0255321BB25DF44BB,20180926,1538023201695090,ad_reward,,,,,Steps,5.0
3686DE7B4C85F5F0AF385348F03492C9,20180916,1537087466304000,ad_reward,,,,,Steps,5.0
36D35160F560D4FE9D1B0E48063F3665,20180810,1533899191285000,ad_reward,,,,,Steps,5.0
372FE71C3A120B444BEE6A4BAF34FB3F,20180612,1528857201078000,ad_reward,,,,,Steps,5.0
372FE71C3A120B444BEE6A4BAF34FB3F,20180613,1528909029968000,ad_reward,,,,,Steps,5.0
377303AA2F5C5C80E5AAAD26C029BD5A,20180625,1529968988160000,ad_reward,,,,,Steps,2.0
38D4084307B6D1CEA37A48981753428E,20180702,1530575800396008,ad_reward,,,,,Steps,5.0
38D4084307B6D1CEA37A48981753428E,20180702,1530575895361034,ad_reward,,,,,Steps,5.0
38D4084307B6D1CEA37A48981753428E,20180702,1530575989506057,ad_reward,,,,,Steps,5.0
38D4084307B6D1CEA37A48981753428E,20180702,1530576086369001,ad_reward,,,,,Steps,5.0
38D4084307B6D1CEA37A48981753428E,20180702,1530576097502025,ad_reward,,,,,Steps,5.0
38D4084307B6D1CEA37A48981753428E,20180702,1530576208107056,ad_reward,,,,,Steps,5.0
38D4084307B6D1CEA37A48981753428E,20180702,1530576308872120,ad_reward,,,,,Steps,5.0
38D4084307B6D1CEA37A48981753428E,20180729,1532888799804000,ad_reward,,,,,Steps,5.0
38D4084307B6D1CEA37A48981753428E,20180729,1532888854803001,ad_reward,,,,,Steps,5.0
38D4084307B6D1CEA37A48981753428E,20180826,1535304409263003,ad_reward,,,,,Steps,5.0
38D4084307B6D1CEA37A48981753428E,20180826,1535304431883000,ad_reward,,,,,Steps,5.0
38D65030548914B5E167CE85B035CA8F,20180806,1533578959101000,ad_reward,,,,,Steps,5.0
3983B79EE1ECAC145E3688021745D894,20180929,1538283772083000,ad_reward,,,,,Steps,5.0
3B36DABA665909A2252F013BD95F5833,20180630,1530358412626033,ad_reward,,,,,Steps,2.0
3B36DABA665909A2252F013BD95F5833,20180630,1530358598092153,ad_reward,,,,,Steps,2.0
3B36DABA665909A2252F013BD95F5833,20180630,1530358639412206,ad_reward,,,,,Steps,2.0
3B5957AAED820EDC97724698CD3FE578,20180930,1538368134971103,ad_reward,,,,,Steps,5.0
3D03A380687FE3369E93915D50C572CB,20180625,1529965865060008,ad_reward,,,,,Steps,5.0
3D03A380687FE3369E93915D50C572CB,20180626,1530074163637000,ad_reward,,,,,Steps,5.0
3D03A380687FE3369E93915D50C572CB,20180629,1530306952324000,ad_reward,,,,,Steps,5.0
3D03A380687FE3369E93915D50C572CB,20180630,1530412335079151,ad_reward,,,,,Steps,5.0
3D03A380687FE3369E93915D50C572CB,20180701,1530503233963001,ad_reward,,,,,Steps,5.0
3D03A380687FE3369E93915D50C572CB,20180702,1530574774301000,ad_reward,,,,,Steps,5.0
3D03A380687FE3369E93915D50C572CB,20180705,1530855197596007,ad_reward,,,,,Steps,5.0
3D03A380687FE3369E93915D50C572CB,20180707,1530996070723000,ad_reward,,,,,Steps,5.0
3D03A380687FE3369E93915D50C572CB,20180712,1531453785778003,ad_reward,,,,,Steps,5.0
3D03A380687FE3369E93915D50C572CB,20180726,1532652616232015,ad_reward,,,,,Steps,5.0
3D03A380687FE3369E93915D50C572CB,20180730,1532981334486000,ad_reward,,,,,Steps,5.0
3D03A380687FE3369E93915D50C572CB,20180730,1533006390423008,ad_reward,,,,,Steps,5.0
3D03A380687FE3369E93915D50C572CB,20180819,1534731746623014,ad_reward,,,,,Steps,5.0
3D03A380687FE3369E93915D50C572CB,20180821,1534911665123000,ad_reward,,,,,Steps,5.0
3D03A380687FE3369E93915D50C572CB,20180823,1535080681024000,ad_reward,,,,,Steps,5.0
3D03A380687FE3369E93915D50C572CB,20180826,1535346498094000,ad_reward,,,,,Steps,5.0
3D9CD866FA73F2327C3B63DF16A477D9,20180827,1535370230758286,ad_reward,,,,,Steps,5.0
3D9CD866FA73F2327C3B63DF16A477D9,20180827,1535370272979310,ad_reward,,,,,Steps,5.0
3D9CD866FA73F2327C3B63DF16A477D9,20180827,1535433433165118,ad_reward,,,,,Steps,5.0
3D9CD866FA73F2327C3B63DF16A477D9,20180827,1535433690499000,ad_reward,,,,,Steps,5.0
3D9CD866FA73F2327C3B63DF16A477D9,20180827,1535433701833000,ad_reward,,,,,Steps,5.0
3D9CD866FA73F2327C3B63DF16A477D9,20180827,1535438853105000,ad_reward,,,,,Steps,5.0
3D9CD866FA73F2327C3B63DF16A477D9,20180827,1535439012920000,ad_reward,,,,,Steps,5.0
3D9CD866FA73F2327C3B63DF16A477D9,20180827,1535439032987000,ad_reward,,,,,Steps,5.0
3D9CD866FA73F2327C3B63DF16A477D9,20180827,1535439562830000,ad_reward,,,,,Steps,5.0
3D9CD866FA73F2327C3B63DF16A477D9,20180831,1535709404142000,ad_reward,,,,,Steps,5.0
3DEB0C12C49AD19D7ACE68FA59E7ACD6,20180805,1533524829158070,ad_reward,,,,,Steps,5.0
3DEB0C12C49AD19D7ACE68FA59E7ACD6,20180805,1533525482829000,ad_reward,,,,,Steps,5.0
3DEB0C12C49AD19D7ACE68FA59E7ACD6,20180806,1533597920916000,ad_reward,,,,,Steps,5.0
3DEB0C12C49AD19D7ACE68FA59E7ACD6,20180806,1533612060296431,ad_reward,,,,,Steps,5.0
3DEB0C12C49AD19D7ACE68FA59E7ACD6,20180806,1533612461665000,ad_reward,,,,,Steps,5.0
3DEB0C12C49AD19D7ACE68FA59E7ACD6,20180807,1533666558922003,ad_reward,,,,,Steps,5.0
3DEB0C12C49AD19D7ACE68FA59E7ACD6,20180807,1533667312132004,ad_reward,,,,,Steps,5.0
3DEB0C12C49AD19D7ACE68FA59E7ACD6,20180807,1533699479751112,ad_reward,,,,,Steps,5.0
3DEB0C12C49AD19D7ACE68FA59E7ACD6,20180807,1533699716890000,ad_reward,,,,,Steps,5.0
3DEB0C12C49AD19D7ACE68FA59E7ACD6,20180808,1533777550141000,ad_reward,,,,,Steps,5.0
3DEB0C12C49AD19D7ACE68FA59E7ACD6,20180808,1533778189693001,ad_reward,,,,,Steps,5.0
3DEB0C12C49AD19D7ACE68FA59E7ACD6,20180808,1533786527812000,ad_reward,,,,,Steps,5.0
3DEB0C12C49AD19D7ACE68FA59E7ACD6,20180809,1533872193818003,ad_reward,,,,,Steps,5.0
3DEB0C12C49AD19D7ACE68FA59E7ACD6,20180809,1533872656371000,ad_reward,,,,,Steps,5.0
3DEB0C12C49AD19D7ACE68FA59E7ACD6,20180810,1533906185172004,ad_reward,,,,,Steps,5.0
3DEB0C12C49AD19D7ACE68FA59E7ACD6,20180810,1533906510951000,ad_reward,,,,,Steps,5.0
3DEB0C12C49AD19D7ACE68FA59E7ACD6,20180810,1533944184526255,ad_reward,,,,,Steps,5.0
3DEB0C12C49AD19D7ACE68FA59E7ACD6,20180810,1533944417843372,ad_reward,,,,,Steps,5.0
3DEB0C12C49AD19D7ACE68FA59E7ACD6,20180811,1534040305959000,ad_reward,,,,,Steps,5.0
3DEB0C12C49AD19D7ACE68FA59E7ACD6,20180811,1534040790792000,ad_reward,,,,,Steps,5.0
3DEB0C12C49AD19D7ACE68FA59E7ACD6,20180811,1534041042837000,ad_reward,,,,,Steps,5.0
3DEB0C12C49AD19D7ACE68FA59E7ACD6,20180811,1534049331842002,ad_reward,,,,,Steps,5.0
3DEB0C12C49AD19D7ACE68FA59E7ACD6,20180811,1534049761049001,ad_reward,,,,,Steps,5.0
3DEB0C12C49AD19D7ACE68FA59E7ACD6,20180812,1534084945853000,ad_reward,,,,,Steps,5.0
3DEB0C12C49AD19D7ACE68FA59E7ACD6,20180812,1534085123350102,ad_reward,,,,,Steps,5.0
3DEB0C12C49AD19D7ACE68FA59E7ACD6,20180813,1534168116613000,ad_reward,,,,,Steps,5.0
3DEB0C12C49AD19D7ACE68FA59E7ACD6,20180813,1534168591737008,ad_reward,,,,,Steps,5.0
3DEB0C12C49AD19D7ACE68FA59E7ACD6,20180813,1534184450662004,ad_reward,,,,,Steps,5.0
3DEB0C12C49AD19D7ACE68FA59E7ACD6,20180813,1534184769079142,ad_reward,,,,,Steps,5.0
3DEB0C12C49AD19D7ACE68FA59E7ACD6,20180813,1534198914571001,ad_reward,,,,,Steps,5.0
3DEB0C12C49AD19D7ACE68FA59E7ACD6,20180813,1534217892526065,ad_reward,,,,,Steps,5.0
3DEB0C12C49AD19D7ACE68FA59E7ACD6,20180813,1534219108078612,ad_reward,,,,,Steps,5.0
3DEB0C12C49AD19D7ACE68FA59E7ACD6,20180814,1534306038593003,ad_reward,,,,,Steps,5.0
3DEB0C12C49AD19D7ACE68FA59E7ACD6,20180814,1534306824819167,ad_reward,,,,,Steps,5.0
3DEB0C12C49AD19D7ACE68FA59E7ACD6,20180815,1534348786624000,ad_reward,,,,,Steps,5.0
3DEB0C12C49AD19D7ACE68FA59E7ACD6,20180815,1534348963736002,ad_reward,,,,,Steps,5.0
3DEB0C12C49AD19D7ACE68FA59E7ACD6,20180815,1534349377690001,ad_reward,,,,,Steps,5.0
3DEB0C12C49AD19D7ACE68FA59E7ACD6,20180815,1534349718482000,ad_reward,,,,,Steps,5.0
3DEB0C12C49AD19D7ACE68FA59E7ACD6,20180815,1534351926681000,ad_reward,,,,,Steps,5.0
3DEB0C12C49AD19D7ACE68FA59E7ACD6,20180815,1534388191995001,ad_reward,,,,,Steps,5.0
3DEB0C12C49AD19D7ACE68FA59E7ACD6,20180816,1534449252255000,ad_reward,,,,,Steps,5.0
3DEB0C12C49AD19D7ACE68FA59E7ACD6,20180816,1534455381327000,ad_reward,,,,,Steps,5.0
3DEB0C12C49AD19D7ACE68FA59E7ACD6,20180816,1534455587993110,ad_reward,,,,,Steps,5.0
3DEB0C12C49AD19D7ACE68FA59E7ACD6,20180816,1534455921685000,ad_reward,,,,,Steps,5.0
3DEB0C12C49AD19D7ACE68FA59E7ACD6,20180816,1534474559624000,ad_reward,,,,,Steps,5.0
3DEB0C12C49AD19D7ACE68FA59E7ACD6,20180817,1534521919228034,ad_reward,,,,,Steps,5.0
3DEB0C12C49AD19D7ACE68FA59E7ACD6,20180817,1534522495150000,ad_reward,,,,,Steps,5.0
3DEB0C12C49AD19D7ACE68FA59E7ACD6,20180817,1534522659923110,ad_reward,,,,,Steps,5.0
3DEB0C12C49AD19D7ACE68FA59E7ACD6,20180817,1534522871991081,ad_reward,,,,,Steps,5.0
3DEB0C12C49AD19D7ACE68FA59E7ACD6,20180817,1534523065005000,ad_reward,,,,,Steps,5.0
3DEB0C12C49AD19D7ACE68FA59E7ACD6,20180817,1534523645727000,ad_reward,,,,,Steps,5.0
3DEB0C12C49AD19D7ACE68FA59E7ACD6,20180817,1534524043378000,ad_reward,,,,,Steps,5.0
3DEB0C12C49AD19D7ACE68FA59E7ACD6,20180817,1534525576457177,ad_reward,,,,,Steps,5.0
3DEB0C12C49AD19D7ACE68FA59E7ACD6,20180817,1534527168752181,ad_reward,,,,,Steps,5.0
3DEB0C12C49AD19D7ACE68FA59E7ACD6,20180817,1534528901045018,ad_reward,,,,,Steps,5.0
3DEB0C12C49AD19D7ACE68FA59E7ACD6,20180817,1534565950152009,ad_reward,,,,,Steps,5.0
3DEB0C12C49AD19D7ACE68FA59E7ACD6,20180817,1534566510070000,ad_reward,,,,,Steps,5.0
3DEB0C12C49AD19D7ACE68FA59E7ACD6,20180817,1534566680085001,ad_reward,,,,,Steps,5.0
3DEB0C12C49AD19D7ACE68FA59E7ACD6,20180817,1534567727129000,ad_reward,,,,,Steps,5.0
3DEB0C12C49AD19D7ACE68FA59E7ACD6,20180817,1534568340291207,ad_reward,,,,,Steps,5.0
3DEB0C12C49AD19D7ACE68FA59E7ACD6,20180817,1534569147809001,ad_reward,,,,,Steps,5.0
3DEB0C12C49AD19D7ACE68FA59E7ACD6,20180817,1534569316083000,ad_reward,,,,,Steps,5.0
3DEB0C12C49AD19D7ACE68FA59E7ACD6,20180817,1534569687500133,ad_reward,,,,,Steps,5.0
3DEB0C12C49AD19D7ACE68FA59E7ACD6,20180817,1534569906432000,ad_reward,,,,,Steps,5.0
3DEB0C12C49AD19D7ACE68FA59E7ACD6,20180817,1534570371052174,ad_reward,,,,,Steps,5.0
3DEB0C12C49AD19D7ACE68FA59E7ACD6,20180817,1534570638241167,ad_reward,,,,,Steps,5.0
3DEB0C12C49AD19D7ACE68FA59E7ACD6,20180817,1534570976677000,ad_reward,,,,,Steps,5.0
3DEB0C12C49AD19D7ACE68FA59E7ACD6,20180818,1534601685632000,ad_reward,,,,,Steps,5.0
3DEB0C12C49AD19D7ACE68FA59E7ACD6,20180818,1534648212552000,ad_reward,,,,,Steps,5.0
3DEB0C12C49AD19D7ACE68FA59E7ACD6,20180818,1534650016518004,ad_reward,,,,,Steps,5.0
3DEB0C12C49AD19D7ACE68FA59E7ACD6,20180818,1534650739686000,ad_reward,,,,,Steps,5.0
3DEB0C12C49AD19D7ACE68FA59E7ACD6,20180819,1534678796650000,ad_reward,,,,,Steps,5.0
3DEB0C12C49AD19D7ACE68FA59E7ACD6,20180819,1534679631652298,ad_reward,,,,,Steps,5.0
3DEB0C12C49AD19D7ACE68FA59E7ACD6,20180819,1534725882270063,ad_reward,,,,,Steps,5.0
3DEB0C12C49AD19D7ACE68FA59E7ACD6,20180819,1534726417300002,ad_reward,,,,,Steps,5.0
3DEB0C12C49AD19D7ACE68FA59E7ACD6,20180819,1534728738037139,ad_reward,,,,,Steps,5.0
3DEB0C12C49AD19D7ACE68FA59E7ACD6,20180819,1534729348709301,ad_reward,,,,,Steps,5.0
3DEB0C12C49AD19D7ACE68FA59E7ACD6,20180820,1534796595520003,ad_reward,,,,,Steps,5.0
3DEB0C12C49AD19D7ACE68FA59E7ACD6,20180820,1534802013013603,ad_reward,,,,,Steps,5.0
3DEB0C12C49AD19D7ACE68FA59E7ACD6,20180820,1534802727022000,ad_reward,,,,,Steps,5.0
3DEB0C12C49AD19D7ACE68FA59E7ACD6,20180821,1534870072330000,ad_reward,,,,,Steps,5.0
3DEB0C12C49AD19D7ACE68FA59E7ACD6,20180821,1534907145767085,ad_reward,,,,,Steps,5.0
3DEB0C12C49AD19D7ACE68FA59E7ACD6,20180821,1534907607189000,ad_reward,,,,,Steps,5.0
3DEB0C12C49AD19D7ACE68FA59E7ACD6,20180821,1534908507816399,ad_reward,,,,,Steps,5.0
3DEB0C12C49AD19D7ACE68FA59E7ACD6,20180821,1534908835260003,ad_reward,,,,,Steps,5.0
3DEB0C12C49AD19D7ACE68FA59E7ACD6,20180822,1534952440274001,ad_reward,,,,,Steps,5.0
3DEB0C12C49AD19D7ACE68FA59E7ACD6,20180822,1534990316355071,ad_reward,,,,,Steps,5.0
3DEB0C12C49AD19D7ACE68FA59E7ACD6,20180822,1534991493125404,ad_reward,,,,,Steps,5.0
3DEB0C12C49AD19D7ACE68FA59E7ACD6,20180822,1534991865605000,ad_reward,,,,,Steps,5.0
3DEB0C12C49AD19D7ACE68FA59E7ACD6,20180822,1534992055991109,ad_reward,,,,,Steps,5.0
3DEB0C12C49AD19D7ACE68FA59E7ACD6,20180822,1534992857482251,ad_reward,,,,,Steps,5.0
3DEB0C12C49AD19D7ACE68FA59E7ACD6,20180823,1535042742297000,ad_reward,,,,,Steps,5.0
3DEB0C12C49AD19D7ACE68FA59E7ACD6,20180823,1535057164705000,ad_reward,,,,,Steps,5.0
3DEB0C12C49AD19D7ACE68FA59E7ACD6,20180823,1535057832168416,ad_reward,,,,,Steps,5.0
3DEB0C12C49AD19D7ACE68FA59E7ACD6,20180823,1535058499373000,ad_reward,,,,,Steps,5.0
3DEB0C12C49AD19D7ACE68FA59E7ACD6,20180824,1535122069652071,ad_reward,,,,,Steps,5.0
3DEB0C12C49AD19D7ACE68FA59E7ACD6,20180824,1535123707069187,ad_reward,,,,,Steps,5.0
3DEB0C12C49AD19D7ACE68FA59E7ACD6,20180824,1535125018611377,ad_reward,,,,,Steps,5.0
3DEB0C12C49AD19D7ACE68FA59E7ACD6,20180824,1535125355218107,ad_reward,,,,,Steps,5.0
3DEB0C12C49AD19D7ACE68FA59E7ACD6,20180824,1535126075990000,ad_reward,,,,,Steps,5.0
3DEB0C12C49AD19D7ACE68FA59E7ACD6,20180824,1535126161883000,ad_reward,,,,,Steps,5.0
3DEB0C12C49AD19D7ACE68FA59E7ACD6,20180824,1535144237977001,ad_reward,,,,,Steps,5.0
3DEB0C12C49AD19D7ACE68FA59E7ACD6,20180825,1535206361508001,ad_reward,,,,,Steps,5.0
3DEB0C12C49AD19D7ACE68FA59E7ACD6,20180827,1535388383041001,ad_reward,,,,,Steps,5.0
3DEB0C12C49AD19D7ACE68FA59E7ACD6,20180827,1535388597990000,ad_reward,,,,,Steps,5.0
3DEB0C12C49AD19D7ACE68FA59E7ACD6,20180827,1535388968747000,ad_reward,,,,,Steps,5.0
3DEB0C12C49AD19D7ACE68FA59E7ACD6,20180827,1535389321929000,ad_reward,,,,,Steps,5.0
3DEB0C12C49AD19D7ACE68FA59E7ACD6,20180827,1535389523409000,ad_reward,,,,,Steps,5.0
3DEB0C12C49AD19D7ACE68FA59E7ACD6,20180827,1535426364030003,ad_reward,,,,,Steps,5.0
3DEB0C12C49AD19D7ACE68FA59E7ACD6,20180827,1535426637423165,ad_reward,,,,,Steps,5.0
3DEB0C12C49AD19D7ACE68FA59E7ACD6,20180827,1535427538912000,ad_reward,,,,,Steps,5.0
3DEB0C12C49AD19D7ACE68FA59E7ACD6,20180828,1535485777429040,ad_reward,,,,,Steps,5.0
3DEB0C12C49AD19D7ACE68FA59E7ACD6,20180828,1535485872856084,ad_reward,,,,,Steps,5.0
3DEB0C12C49AD19D7ACE68FA59E7ACD6,20180828,1535511926496000,ad_reward,,,,,Steps,5.0
3DEB0C12C49AD19D7ACE68FA59E7ACD6,20180828,1535512395377213,ad_reward,,,,,Steps,5.0
3DEB0C12C49AD19D7ACE68FA59E7ACD6,20180829,1535579273913000,ad_reward,,,,,Steps,5.0
3DEB0C12C49AD19D7ACE68FA59E7ACD6,20180829,1535601472521170,ad_reward,,,,,Steps,5.0
3DEB0C12C49AD19D7ACE68FA59E7ACD6,20180829,1535602137725001,ad_reward,,,,,Steps,5.0
3DEB0C12C49AD19D7ACE68FA59E7ACD6,20180830,1535646547900000,ad_reward,,,,,Steps,5.0
3DEB0C12C49AD19D7ACE68FA59E7ACD6,20180830,1535648192279000,ad_reward,,,,,Steps,5.0
3DEB0C12C49AD19D7ACE68FA59E7ACD6,20180830,1535649099907000,ad_reward,,,,,Steps,5.0
3DEB0C12C49AD19D7ACE68FA59E7ACD6,20180830,1535649336668000,ad_reward,,,,,Steps,5.0
3DEB0C12C49AD19D7ACE68FA59E7ACD6,20180830,1535649757660001,ad_reward,,,,,Steps,5.0
3DEB0C12C49AD19D7ACE68FA59E7ACD6,20180830,1535655249428005,ad_reward,,,,,Steps,5.0
3DEB0C12C49AD19D7ACE68FA59E7ACD6,20180830,1535684091393000,ad_reward,,,,,Steps,5.0
3DEB0C12C49AD19D7ACE68FA59E7ACD6,20180831,1535760845969001,ad_reward,,,,,Steps,5.0
3DEB0C12C49AD19D7ACE68FA59E7ACD6,20180831,1535767096638256,ad_reward,,,,,Steps,5.0
3DEB0C12C49AD19D7ACE68FA59E7ACD6,20180831,1535768639037224,ad_reward,,,,,Steps,5.0
3DEB0C12C49AD19D7ACE68FA59E7ACD6,20180831,1535769474661001,ad_reward,,,,,Steps,5.0
3DEB0C12C49AD19D7ACE68FA59E7ACD6,20180831,1535772588325000,ad_reward,,,,,Steps,5.0
3DEB0C12C49AD19D7ACE68FA59E7ACD6,20180831,1535772941814000,ad_reward,,,,,Steps,5.0
3DEB0C12C49AD19D7ACE68FA59E7ACD6,20180831,1535774124557000,ad_reward,,,,,Steps,5.0
3DEB0C12C49AD19D7ACE68FA59E7ACD6,20180901,1535842863148000,ad_reward,,,,,Steps,5.0
3DEB0C12C49AD19D7ACE68FA59E7ACD6,20180901,1535844833660001,ad_reward,,,,,Steps,5.0
3DEB0C12C49AD19D7ACE68FA59E7ACD6,20180903,1536010861108078,ad_reward,,,,,Steps,5.0
3DEB0C12C49AD19D7ACE68FA59E7ACD6,20180903,1536017245051000,ad_reward,,,,,Steps,5.0
3DEB0C12C49AD19D7ACE68FA59E7ACD6,20180905,1536155468414008,ad_reward,,,,,Steps,5.0
3DEB0C12C49AD19D7ACE68FA59E7ACD6,20180905,1536156052833211,ad_reward,,,,,Steps,5.0
3DEB0C12C49AD19D7ACE68FA59E7ACD6,20180905,1536156943652196,ad_reward,,,,,Steps,5.0
3DEB0C12C49AD19D7ACE68FA59E7ACD6,20180905,1536158283238096,ad_reward,,,,,Steps,5.0
3DEB0C12C49AD19D7ACE68FA59E7ACD6,20180909,1536513448869256,ad_reward,,,,,Steps,5.0
3DEB0C12C49AD19D7ACE68FA59E7ACD6,20180909,1536538653009046,ad_reward,,,,,Steps,5.0
3DEB0C12C49AD19D7ACE68FA59E7ACD6,20180909,1536538949844000,ad_reward,,,,,Steps,5.0
3DEB0C12C49AD19D7ACE68FA59E7ACD6,20180912,1536809043413114,ad_reward,,,,,Steps,5.0
3DEB0C12C49AD19D7ACE68FA59E7ACD6,20180912,1536809489471000,ad_reward,,,,,Steps,5.0
3DEB0C12C49AD19D7ACE68FA59E7ACD6,20180912,1536809590437079,ad_reward,,,,,Steps,5.0
3DEB0C12C49AD19D7ACE68FA59E7ACD6,20180914,1536939475936019,ad_reward,,,,,Steps,5.0
3DEB0C12C49AD19D7ACE68FA59E7ACD6,20180914,1536945564608067,ad_reward,,,,,Steps,5.0
3DEB0C12C49AD19D7ACE68FA59E7ACD6,20180914,1536946017423178,ad_reward,,,,,Steps,5.0
3DEB0C12C49AD19D7ACE68FA59E7ACD6,20180914,1536946335205139,ad_reward,,,,,Steps,5.0
3DEB0C12C49AD19D7ACE68FA59E7ACD6,20180914,1536952679043000,ad_reward,,,,,Steps,5.0
3DEB0C12C49AD19D7ACE68FA59E7ACD6,20180914,1536952878242098,ad_reward,,,,,Steps,5.0
3DEB0C12C49AD19D7ACE68FA59E7ACD6,20180914,1536953344736000,ad_reward,,,,,Steps,5.0
3DEB0C12C49AD19D7ACE68FA59E7ACD6,20180914,1536953841200000,ad_reward,,,,,Steps,5.0
3DEB0C12C49AD19D7ACE68FA59E7ACD6,20180914,1536954162563000,ad_reward,,,,,Steps,5.0
3DEB0C12C49AD19D7ACE68FA59E7ACD6,20180914,1536954430297000,ad_reward,,,,,Steps,5.0
3DEB0C12C49AD19D7ACE68FA59E7ACD6,20180914,1536981053587206,ad_reward,,,,,Steps,5.0
3DEB0C12C49AD19D7ACE68FA59E7ACD6,20180914,1536981458321154,ad_reward,,,,,Steps,5.0
3DEB0C12C49AD19D7ACE68FA59E7ACD6,20180914,1536981666300118,ad_reward,,,,,Steps,5.0
3DEB0C12C49AD19D7ACE68FA59E7ACD6,20180915,1537055405891001,ad_reward,,,,,Steps,5.0
3DEB0C12C49AD19D7ACE68FA59E7ACD6,20180915,1537060702953000,ad_reward,,,,,Steps,5.0
3DEB0C12C49AD19D7ACE68FA59E7ACD6,20180915,1537064287081000,ad_reward,,,,,Steps,5.0
3DEB0C12C49AD19D7ACE68FA59E7ACD6,20180922,1537677078986102,ad_reward,,,,,Steps,5.0
3DEB0C12C49AD19D7ACE68FA59E7ACD6,20180922,1537677562790000,ad_reward,,,,,Steps,5.0
3DEB0C12C49AD19D7ACE68FA59E7ACD6,20180926,1538018590360170,ad_reward,,,,,Steps,5.0
3DEB0C12C49AD19D7ACE68FA59E7ACD6,20180926,1538019037089180,ad_reward,,,,,Steps,5.0
3DEB0C12C49AD19D7ACE68FA59E7ACD6,20180928,1538145439481068,ad_reward,,,,,Steps,5.0
3DEB0C12C49AD19D7ACE68FA59E7ACD6,20180928,1538145955349003,ad_reward,,,,,Steps,5.0
3DEB0C12C49AD19D7ACE68FA59E7ACD6,20180928,1538146056860000,ad_reward,,,,,Steps,5.0
3DEB0C12C49AD19D7ACE68FA59E7ACD6,20180928,1538194840700003,ad_reward,,,,,Steps,5.0
3DEB0C12C49AD19D7ACE68FA59E7ACD6,20180929,1538225318271047,ad_reward,,,,,Steps,5.0
3DEB0C12C49AD19D7ACE68FA59E7ACD6,20180929,1538226828029000,ad_reward,,,,,Steps,5.0
3DEB0C12C49AD19D7ACE68FA59E7ACD6,20180930,1538318767517000,ad_reward,,,,,Steps,5.0
3DEB0C12C49AD19D7ACE68FA59E7ACD6,20181001,1538421829198000,ad_reward,,,,,Steps,5.0
3DEB0C12C49AD19D7ACE68FA59E7ACD6,20181001,1538447703795000,ad_reward,,,,,Steps,5.0
3DEB0C12C49AD19D7ACE68FA59E7ACD6,20181001,1538447808190000,ad_reward,,,,,Steps,5.0
3DEB0C12C49AD19D7ACE68FA59E7ACD6,20181002,1538533211604000,ad_reward,,,,,Steps,5.0
3DEB0C12C49AD19D7ACE68FA59E7ACD6,20181003,1538621325778000,ad_reward,,,,,Steps,5.0
3DEB0C12C49AD19D7ACE68FA59E7ACD6,20181003,1538621709679000,ad_reward,,,,,Steps,5.0
3DEB0C12C49AD19D7ACE68FA59E7ACD6,20181003,1538622155554000,ad_reward,,,,,Steps,5.0
3DEB0C12C49AD19D7ACE68FA59E7ACD6,20181003,1538622286278000,ad_reward,,,,,Steps,5.0
3DEB0C12C49AD19D7ACE68FA59E7ACD6,20181003,1538622573479000,ad_reward,,,,,Steps,5.0
3DEB0C12C49AD19D7ACE68FA59E7ACD6,20181003,1538623124222000,ad_reward,,,,,Steps,5.0
3DEB0C12C49AD19D7ACE68FA59E7ACD6,20181003,1538623306829010,ad_reward,,,,,Steps,5.0
3ECF3CEE3F708CC4EDAEC5F2BF5774D2,20180925,1537867043140000,ad_reward,,,,,Steps,2.0
3ECF3CEE3F708CC4EDAEC5F2BF5774D2,20180925,1537867056140000,ad_reward,,,,,Steps,2.0
402F30A77B5F6C1395F822860A3512FF,20180708,1531060911069001,ad_reward,,,,,Steps,5.0
4032085C28047CF8EA19354C6DD88A82,20180731,1533030134788000,in_app_purchase,remove_ads,30.0,TWD,1,,30000000.0
427C31D59AE5368FDB632549C93CF9A1,20180801,1533166605271047,ad_reward,,,,,Steps,5.0
42B5F3A697531E0CF3C65098BA59A884,20180629,1530285538961033,ad_reward,,,,,Steps,2.0
43689AF74CD877D546D38BD3B598C8DF,20180618,1529380574447025,ad_reward,,,,,Steps,2.0
43689AF74CD877D546D38BD3B598C8DF,20180618,1529380697965000,ad_reward,,,,,Steps,2.0
43689AF74CD877D546D38BD3B598C8DF,20180618,1529380716636040,ad_reward,,,,,Steps,2.0
43689AF74CD877D546D38BD3B598C8DF,20180618,1529380735991080,ad_reward,,,,,Steps,2.0
43689AF74CD877D546D38BD3B598C8DF,20180625,1529963339972013,ad_reward,,,,,Steps,2.0
43689AF74CD877D546D38BD3B598C8DF,20180625,1529963470256000,ad_reward,,,,,Steps,2.0
43689AF74CD877D546D38BD3B598C8DF,20180625,1529963501293039,ad_reward,,,,,Steps,2.0
43689AF74CD877D546D38BD3B598C8DF,20180626,1530071799957025,ad_reward,,,,,Steps,2.0
43689AF74CD877D546D38BD3B598C8DF,20180626,1530071835441064,ad_reward,,,,,Steps,2.0
43689AF74CD877D546D38BD3B598C8DF,20180626,1530071872748069,ad_reward,,,,,Steps,2.0
43689AF74CD877D546D38BD3B598C8DF,20180626,1530071890334030,ad_reward,,,,,Steps,2.0
45FB547C5857493104687C234EDCDE37,20180926,1537973728709007,ad_reward,,,,,,1.0
47216088A078D06F9220263FAF964F10,20180618,1529336685682070,ad_reward,,,,,Steps,5.0
47216088A078D06F9220263FAF964F10,20180618,1529349210957033,ad_reward,,,,,Steps,5.0
47216088A078D06F9220263FAF964F10,20180619,1529417508383008,ad_reward,,,,,Steps,5.0
47216088A078D06F9220263FAF964F10,20180619,1529417623279046,ad_reward,,,,,Steps,5.0
47216088A078D06F9220263FAF964F10,20180619,1529426914397063,ad_reward,,,,,Steps,5.0
47216088A078D06F9220263FAF964F10,20180619,1529429315252026,ad_reward,,,,,Steps,5.0
47216088A078D06F9220263FAF964F10,20180619,1529435939925053,ad_reward,,,,,Steps,5.0
47216088A078D06F9220263FAF964F10,20180620,1529513583695000,ad_reward,,,,,Steps,5.0
47216088A078D06F9220263FAF964F10,20180620,1529513715254080,ad_reward,,,,,Steps,5.0
47216088A078D06F9220263FAF964F10,20180620,1529514113112008,ad_reward,,,,,Steps,5.0
47216088A078D06F9220263FAF964F10,20180620,1529524076525045,ad_reward,,,,,Steps,5.0
47216088A078D06F9220263FAF964F10,20180621,1529594630888000,ad_reward,,,,,Steps,5.0
47216088A078D06F9220263FAF964F10,20180621,1529599548251000,ad_reward,,,,,Steps,5.0
47216088A078D06F9220263FAF964F10,20180621,1529600152465000,ad_reward,,,,,Steps,5.0
47216088A078D06F9220263FAF964F10,20180621,1529600573199000,ad_reward,,,,,Steps,5.0
47216088A078D06F9220263FAF964F10,20180621,1529612547454018,ad_reward,,,,,Steps,5.0
47216088A078D06F9220263FAF964F10,20180625,1529949932173008,ad_reward,,,,,Steps,5.0
47216088A078D06F9220263FAF964F10,20180625,1529953703668001,ad_reward,,,,,Steps,5.0
47216088A078D06F9220263FAF964F10,20180626,1530033711445000,ad_reward,,,,,Steps,5.0
47216088A078D06F9220263FAF964F10,20180626,1530035002525003,ad_reward,,,,,Steps,5.0
47216088A078D06F9220263FAF964F10,20180626,1530040694321020,ad_reward,,,,,Steps,5.0
47216088A078D06F9220263FAF964F10,20180627,1530126831425020,ad_reward,,,,,Steps,5.0
47216088A078D06F9220263FAF964F10,20180628,1530204180131000,ad_reward,,,,,Steps,5.0
47216088A078D06F9220263FAF964F10,20180628,1530205114633000,ad_reward,,,,,Steps,5.0
47216088A078D06F9220263FAF964F10,20180628,1530212880442075,ad_reward,,,,,Steps,5.0
47216088A078D06F9220263FAF964F10,20180702,1530555850328055,ad_reward,,,,,Steps,5.0
47216088A078D06F9220263FAF964F10,20180702,1530558364147029,ad_reward,,,,,Steps,5.0
47216088A078D06F9220263FAF964F10,20180702,1530561674593009,ad_reward,,,,,Steps,5.0
47216088A078D06F9220263FAF964F10,20180703,1530642679687039,ad_reward,,,,,Steps,5.0
47216088A078D06F9220263FAF964F10,20180703,1530644256771116,ad_reward,,,,,Steps,5.0
47216088A078D06F9220263FAF964F10,20180706,1530886570200066,ad_reward,,,,,Steps,5.0
47216088A078D06F9220263FAF964F10,20180706,1530901040407000,ad_reward,,,,,Steps,5.0
47216088A078D06F9220263FAF964F10,20180706,1530902639604000,ad_reward,,,,,Steps,5.0
47216088A078D06F9220263FAF964F10,20180709,1531155155711040,ad_reward,,,,,Steps,5.0
47216088A078D06F9220263FAF964F10,20180710,1531244288473000,ad_reward,,,,,Steps,5.0
47216088A078D06F9220263FAF964F10,20180710,1531244431225000,ad_reward,,,,,Steps,5.0
47216088A078D06F9220263FAF964F10,20180710,1531248050519000,ad_reward,,,,,Steps,5.0
47216088A078D06F9220263FAF964F10,20180710,1531250208161053,ad_reward,,,,,Steps,5.0
47216088A078D06F9220263FAF964F10,20180712,1531419475748000,ad_reward,,,,,Steps,5.0
47216088A078D06F9220263FAF964F10,20180712,1531420817194000,ad_reward,,,,,Steps,5.0
47216088A078D06F9220263FAF964F10,20180712,1531422694543000,ad_reward,,,,,Steps,5.0
47216088A078D06F9220263FAF964F10,20180713,1531491439380000,ad_reward,,,,,Steps,5.0
47216088A078D06F9220263FAF964F10,20180713,1531500834531094,ad_reward,,,,,Steps,5.0
47216088A078D06F9220263FAF964F10,20180713,1531501359836013,ad_reward,,,,,Steps,5.0
47216088A078D06F9220263FAF964F10,20180713,1531501987879000,ad_reward,,,,,Steps,5.0
47216088A078D06F9220263FAF964F10,20180716,1531760506154008,ad_reward,,,,,Steps,5.0
47216088A078D06F9220263FAF964F10,20180716,1531768101378052,ad_reward,,,,,Steps,5.0
47216088A078D06F9220263FAF964F10,20180717,1531846521632000,ad_reward,,,,,Steps,5.0
47216088A078D06F9220263FAF964F10,20180717,1531847039114050,ad_reward,,,,,Steps,5.0
47216088A078D06F9220263FAF964F10,20180718,1531923053273000,ad_reward,,,,,Steps,5.0
47216088A078D06F9220263FAF964F10,20180718,1531945681810000,ad_reward,,,,,Steps,5.0
47216088A078D06F9220263FAF964F10,20180719,1532014468976039,ad_reward,,,,,Steps,5.0
47216088A078D06F9220263FAF964F10,20180719,1532016366587033,ad_reward,,,,,Steps,5.0
47216088A078D06F9220263FAF964F10,20180719,1532027693666119,ad_reward,,,,,Steps,5.0
47216088A078D06F9220263FAF964F10,20180719,1532031370696175,ad_reward,,,,,Steps,5.0
47216088A078D06F9220263FAF964F10,20180719,1532031713772289,ad_reward,,,,,Steps,5.0
47216088A078D06F9220263FAF964F10,20180720,1532096231211019,ad_reward,,,,,Steps,5.0
47216088A078D06F9220263FAF964F10,20180720,1532106006552019,ad_reward,,,,,Steps,5.0
47216088A078D06F9220263FAF964F10,20180720,1532113944469051,ad_reward,,,,,Steps,5.0
47216088A078D06F9220263FAF964F10,20180720,1532118333317173,ad_reward,,,,,Steps,5.0
47216088A078D06F9220263FAF964F10,20180721,1532182800976075,ad_reward,,,,,Steps,5.0
47216088A078D06F9220263FAF964F10,20180721,1532183801609067,ad_reward,,,,,Steps,5.0
47216088A078D06F9220263FAF964F10,20180721,1532184249393210,ad_reward,,,,,Steps,5.0
47216088A078D06F9220263FAF964F10,20180721,1532184820355346,ad_reward,,,,,Steps,5.0
47216088A078D06F9220263FAF964F10,20180721,1532185715981065,ad_reward,,,,,Steps,5.0
47216088A078D06F9220263FAF964F10,20180721,1532188340923013,ad_reward,,,,,Steps,5.0
47216088A078D06F9220263FAF964F10,20180723,1532365400689039,ad_reward,,,,,Steps,5.0
47216088A078D06F9220263FAF964F10,20180723,1532373090255064,ad_reward,,,,,Steps,5.0
47216088A078D06F9220263FAF964F10,20180723,1532373533370176,ad_reward,,,,,Steps,5.0
47216088A078D06F9220263FAF964F10,20180723,1532376625621044,ad_reward,,,,,Steps,5.0
47216088A078D06F9220263FAF964F10,20180724,1532451397131084,ad_reward,,,,,Steps,5.0
47216088A078D06F9220263FAF964F10,20180724,1532459486128104,ad_reward,,,,,Steps,5.0
47216088A078D06F9220263FAF964F10,20180724,1532462024831046,ad_reward,,,,,Steps,5.0
47216088A078D06F9220263FAF964F10,20180725,1532532348833008,ad_reward,,,,,Steps,5.0
47216088A078D06F9220263FAF964F10,20180725,1532545940016019,ad_reward,,,,,Steps,5.0
47216088A078D06F9220263FAF964F10,20180725,1532549528813026,ad_reward,,,,,Steps,5.0
47216088A078D06F9220263FAF964F10,20180731,1533056086258052,ad_reward,,,,,Steps,5.0
47216088A078D06F9220263FAF964F10,20180801,1533150759246008,ad_reward,,,,,Steps,5.0
47216088A078D06F9220263FAF964F10,20180802,1533229318363000,ad_reward,,,,,Steps,5.0
47216088A078D06F9220263FAF964F10,20180802,1533229707035000,ad_reward,,,,,Steps,5.0
47216088A078D06F9220263FAF964F10,20180802,1533236944679000,ad_reward,,,,,Steps,5.0
47216088A078D06F9220263FAF964F10,20180803,1533327438588000,ad_reward,,,,,Steps,5.0
47216088A078D06F9220263FAF964F10,20180806,1533579148077000,ad_reward,,,,,Steps,5.0
47216088A078D06F9220263FAF964F10,20180807,1533661256276001,ad_reward,,,,,Steps,5.0
47216088A078D06F9220263FAF964F10,20180809,1533824220016000,ad_reward,,,,,Steps,5.0
47216088A078D06F9220263FAF964F10,20180809,1533832527911098,ad_reward,,,,,Steps,5.0
47216088A078D06F9220263FAF964F10,20180809,1533833215319332,ad_reward,,,,,Steps,5.0
47216088A078D06F9220263FAF964F10,20180809,1533841999994067,ad_reward,,,,,Steps,5.0
47216088A078D06F9220263FAF964F10,20180810,1533921781446026,ad_reward,,,,,Steps,5.0
47216088A078D06F9220263FAF964F10,20180810,1533928308003000,ad_reward,,,,,Steps,5.0
47216088A078D06F9220263FAF964F10,20180813,1534169490480000,ad_reward,,,,,Steps,5.0
47216088A078D06F9220263FAF964F10,20180813,1534183273356000,ad_reward,,,,,Steps,5.0
47216088A078D06F9220263FAF964F10,20180813,1534186953002000,ad_reward,,,,,Steps,5.0
47216088A078D06F9220263FAF964F10,20180813,1534187689769229,ad_reward,,,,,Steps,5.0
47216088A078D06F9220263FAF964F10,20180814,1534255751760000,ad_reward,,,,,Steps,5.0
47216088A078D06F9220263FAF964F10,20180814,1534255954127020,ad_reward,,,,,Steps,5.0
47216088A078D06F9220263FAF964F10,20180814,1534259522619000,ad_reward,,,,,Steps,5.0
47216088A078D06F9220263FAF964F10,20180814,1534269196176015,ad_reward,,,,,Steps,5.0
47216088A078D06F9220263FAF964F10,20180814,1534274228813000,ad_reward,,,,,Steps,5.0
47216088A078D06F9220263FAF964F10,20180814,1534278457055000,ad_reward,,,,,Steps,5.0
47216088A078D06F9220263FAF964F10,20180815,1534352766814073,ad_reward,,,,,Steps,5.0
47216088A078D06F9220263FAF964F10,20180815,1534360181245041,ad_reward,,,,,Steps,5.0
47216088A078D06F9220263FAF964F10,20180817,1534532995933000,ad_reward,,,,,Steps,5.0
47216088A078D06F9220263FAF964F10,20180820,1534774052542000,ad_reward,,,,,Steps,5.0
47216088A078D06F9220263FAF964F10,20180820,1534783916299000,ad_reward,,,,,Steps,5.0
47216088A078D06F9220263FAF964F10,20180820,1534792130589097,ad_reward,,,,,Steps,5.0
47216088A078D06F9220263FAF964F10,20180821,1534860331602000,ad_reward,,,,,Steps,5.0
47216088A078D06F9220263FAF964F10,20180821,1534860872798148,ad_reward,,,,,Steps,5.0
47216088A078D06F9220263FAF964F10,20180821,1534871085679000,ad_reward,,,,,Steps,5.0
47216088A078D06F9220263FAF964F10,20180821,1534878597733073,ad_reward,,,,,Steps,5.0
47216088A078D06F9220263FAF964F10,20180822,1534947407126168,ad_reward,,,,,Steps,5.0
47216088A078D06F9220263FAF964F10,20180822,1534948060253275,ad_reward,,,,,Steps,5.0
47216088A078D06F9220263FAF964F10,20180822,1534956908657082,ad_reward,,,,,Steps,5.0
47216088A078D06F9220263FAF964F10,20180822,1534957483331053,ad_reward,,,,,Steps,5.0
47216088A078D06F9220263FAF964F10,20180822,1534965172960000,ad_reward,,,,,Steps,5.0
47216088A078D06F9220263FAF964F10,20180822,1534965563878114,ad_reward,,,,,Steps,5.0
47216088A078D06F9220263FAF964F10,20180823,1535033745347000,ad_reward,,,,,Steps,5.0
47216088A078D06F9220263FAF964F10,20180823,1535043011546000,ad_reward,,,,,Steps,5.0
47216088A078D06F9220263FAF964F10,20180823,1535043171190000,ad_reward,,,,,Steps,5.0
47216088A078D06F9220263FAF964F10,20180823,1535051266365000,ad_reward,,,,,Steps,5.0
47216088A078D06F9220263FAF964F10,20180824,1535130869480003,ad_reward,,,,,Steps,5.0
47216088A078D06F9220263FAF964F10,20180827,1535389278163000,ad_reward,,,,,Steps,5.0
47216088A078D06F9220263FAF964F10,20180828,1535474147266000,ad_reward,,,,,Steps,5.0
47216088A078D06F9220263FAF964F10,20180828,1535483801617052,ad_reward,,,,,Steps,5.0
47216088A078D06F9220263FAF964F10,20180830,1535656219209050,ad_reward,,,,,Steps,5.0
47216088A078D06F9220263FAF964F10,20180831,1535724418020054,ad_reward,,,,,Steps,5.0
47216088A078D06F9220263FAF964F10,20180831,1535725024135000,ad_reward,,,,,Steps,5.0
47216088A078D06F9220263FAF964F10,20180831,1535737204505039,ad_reward,,,,,Steps,5.0
47216088A078D06F9220263FAF964F10,20180831,1535737343529000,ad_reward,,,,,Steps,5.0
47216088A078D06F9220263FAF964F10,20180912,1536770917974110,ad_reward,,,,,Steps,5.0
47216088A078D06F9220263FAF964F10,20180912,1536779086115036,ad_reward,,,,,Steps,5.0
47216088A078D06F9220263FAF964F10,20180914,1536934721437080,ad_reward,,,,,Steps,5.0
47216088A078D06F9220263FAF964F10,20180914,1536952001276011,ad_reward,,,,,Steps,5.0
47216088A078D06F9220263FAF964F10,20180914,1536952965813171,ad_reward,,,,,Steps,5.0
47216088A078D06F9220263FAF964F10,20180926,1537971375166150,ad_reward,,,,,Steps,5.0
47216088A078D06F9220263FAF964F10,20180926,1537981072934019,ad_reward,,,,,Steps,5.0
47216088A078D06F9220263FAF964F10,20180926,1537989091957065,ad_reward,,,,,Steps,5.0
47216088A078D06F9220263FAF964F10,20180928,1538149162219031,ad_reward,,,,,Steps,5.0
47216088A078D06F9220263FAF964F10,20180928,1538149891364029,ad_reward,,,,,Steps,5.0
47216088A078D06F9220263FAF964F10,20180928,1538150338673064,ad_reward,,,,,Steps,5.0
47216088A078D06F9220263FAF964F10,20180928,1538162362720032,ad_reward,,,,,Steps,5.0
47216088A078D06F9220263FAF964F10,20181001,1538402975010053,ad_reward,,,,,Steps,5.0
47216088A078D06F9220263FAF964F10,20181001,1538412835381039,ad_reward,,,,,Steps,5.0
47216088A078D06F9220263FAF964F10,20181001,1538420472639000,ad_reward,,,,,Steps,5.0
47216088A078D06F9220263FAF964F10,20181001,1538420588912063,ad_reward,,,,,Steps,5.0
47216088A078D06F9220263FAF964F10,20181001,1538421587577019,ad_reward,,,,,Steps,5.0
47216088A078D06F9220263FAF964F10,20181002,1538493442728080,ad_reward,,,,,Steps,5.0
47216088A078D06F9220263FAF964F10,20181002,1538504782083020,ad_reward,,,,,Steps,5.0
47216088A078D06F9220263FAF964F10,20181002,1538507506475065,ad_reward,,,,,Steps,5.0
47216088A078D06F9220263FAF964F10,20181003,1538576170247096,ad_reward,,,,,Steps,5.0
47216088A078D06F9220263FAF964F10,20181003,1538595986488032,ad_reward,,,,,Steps,5.0
47216088A078D06F9220263FAF964F10,20181003,1538598125757019,ad_reward,,,,,Steps,5.0
47701C1486ECBAAA5927E13F9CEED27B,20180621,1529567569949045,ad_reward,,,,,Steps,5.0
47701C1486ECBAAA5927E13F9CEED27B,20180621,1529567783161066,ad_reward,,,,,Steps,5.0
47701C1486ECBAAA5927E13F9CEED27B,20180621,1529568106169045,ad_reward,,,,,Steps,5.0
47701C1486ECBAAA5927E13F9CEED27B,20180621,1529568466536167,ad_reward,,,,,,1.0
47701C1486ECBAAA5927E13F9CEED27B,20180621,1529568762097285,ad_reward,,,,,Steps,5.0
47701C1486ECBAAA5927E13F9CEED27B,20180621,1529568865496336,ad_reward,,,,,Steps,5.0
47701C1486ECBAAA5927E13F9CEED27B,20180621,1529569017103386,ad_reward,,,,,Steps,5.0
47701C1486ECBAAA5927E13F9CEED27B,20180621,1529569108191437,ad_reward,,,,,Steps,5.0
47701C1486ECBAAA5927E13F9CEED27B,20180621,1529569603026611,ad_reward,,,,,Steps,5.0
47701C1486ECBAAA5927E13F9CEED27B,20180622,1529656146537170,ad_reward,,,,,Steps,5.0
47701C1486ECBAAA5927E13F9CEED27B,20180622,1529656400943266,ad_reward,,,,,Steps,5.0
47701C1486ECBAAA5927E13F9CEED27B,20180622,1529656532358317,ad_reward,,,,,Steps,5.0
47701C1486ECBAAA5927E13F9CEED27B,20180622,1529656550199356,ad_reward,,,,,Steps,5.0
4789C778386485B99F4077B97DFE34E3,20180615,1529087152176108,ad_reward,,,,,Steps,5.0
4789C778386485B99F4077B97DFE34E3,20180625,1529960066869008,ad_reward,,,,,Steps,5.0
4789C778386485B99F4077B97DFE34E3,20180627,1530115077393030,ad_reward,,,,,Steps,5.0
4789C778386485B99F4077B97DFE34E3,20180628,1530238372180088,ad_reward,,,,,Steps,5.0
4789C778386485B99F4077B97DFE34E3,20180705,1530809856013064,ad_reward,,,,,Steps,5.0
4789C778386485B99F4077B97DFE34E3,20180711,1531339256958000,ad_reward,,,,,Steps,5.0
4789C778386485B99F4077B97DFE34E3,20180712,1531429795788000,ad_reward,,,,,Steps,5.0
4789C778386485B99F4077B97DFE34E3,20180713,1531511517832023,ad_reward,,,,,Steps,5.0
4789C778386485B99F4077B97DFE34E3,20180720,1532113018945000,ad_reward,,,,,Steps,5.0
4789C778386485B99F4077B97DFE34E3,20180722,1532308257890059,ad_reward,,,,,Steps,5.0
4789C778386485B99F4077B97DFE34E3,20180723,1532400806740110,ad_reward,,,,,Steps,5.0
4789C778386485B99F4077B97DFE34E3,20180809,1533873771760000,ad_reward,,,,,Steps,5.0
47A7118B1B7FA4CD0EB591857CB9619F,20180704,1530717625523001,ad_reward,,,,,Steps,5.0
490F592DDAB95F2590917ACA94B377C6,20180731,1533022816096152,ad_reward,,,,,Steps,5.0
4B12ACD507A3752A8CD17C7824BF3851,20180612,1528807759526002,ad_reward,,,,,Steps,2.0
4B12ACD507A3752A8CD17C7824BF3851,20180612,1528809185198028,ad_reward,,,,,Steps,2.0
4B12ACD507A3752A8CD17C7824BF3851,20180613,1528894941952000,ad_reward,,,,,Steps,2.0
4B12ACD507A3752A8CD17C7824BF3851,20180613,1528896949097000,ad_reward,,,,,Steps,2.0
4B12ACD507A3752A8CD17C7824BF3851,20180618,1529326670588016,ad_reward,,,,,Steps,2.0
4B12ACD507A3752A8CD17C7824BF3851,20180626,1530068150548000,ad_reward,,,,,Steps,2.0
4B12ACD507A3752A8CD17C7824BF3851,20180626,1530068182842000,ad_reward,,,,,Steps,2.0
4B12ACD507A3752A8CD17C7824BF3851,20180626,1530068216714000,ad_reward,,,,,Steps,2.0
4B12ACD507A3752A8CD17C7824BF3851,20180628,1530202051756000,ad_reward,,,,,Steps,2.0
4B12ACD507A3752A8CD17C7824BF3851,20180628,1530202106521037,ad_reward,,,,,Steps,2.0
4B12ACD507A3752A8CD17C7824BF3851,20180628,1530202167813019,ad_reward,,,,,Steps,2.0
4B12ACD507A3752A8CD17C7824BF3851,20180628,1530202238273054,ad_reward,,,,,Steps,2.0
4B12ACD507A3752A8CD17C7824BF3851,20180628,1530202284614025,ad_reward,,,,,Steps,2.0
4B12ACD507A3752A8CD17C7824BF3851,20180628,1530202406468000,ad_reward,,,,,Steps,2.0
4B12ACD507A3752A8CD17C7824BF3851,20180628,1530202437485000,ad_reward,,,,,Steps,2.0
4B12ACD507A3752A8CD17C7824BF3851,20180628,1530202551947000,ad_reward,,,,,Steps,2.0
4B12ACD507A3752A8CD17C7824BF3851,20180628,1530202568079017,ad_reward,,,,,Steps,2.0
4B12ACD507A3752A8CD17C7824BF3851,20180925,1537932050116000,ad_reward,,,,,Steps,2.0
4BB019F8F6D1FE7BA78CA42A4698EF56,20180726,1532671665986047,ad_reward,,,,,Steps,5.0
4BB019F8F6D1FE7BA78CA42A4698EF56,20180804,1533409270268000,ad_reward,,,,,Steps,5.0
4BB019F8F6D1FE7BA78CA42A4698EF56,20180805,1533498474786000,ad_reward,,,,,Steps,5.0
4BB019F8F6D1FE7BA78CA42A4698EF56,20180805,1533498688675000,ad_reward,,,,,Steps,5.0
4BB019F8F6D1FE7BA78CA42A4698EF56,20180808,1533762213777000,ad_reward,,,,,Steps,5.0
4C038479B275A5F024A8A7604F92BF38,20180807,1533648191159000,in_app_purchase,remove_ads,0.99,USD,,,990000.0
4C850D5FB94EA217AE1743159964D955,20180823,1535035703543000,ad_reward,,,,,Steps,5.0
4C850D5FB94EA217AE1743159964D955,20180823,1535035863527000,ad_reward,,,,,Steps,5.0
4C850D5FB94EA217AE1743159964D955,20180823,1535036089501001,ad_reward,,,,,Steps,5.0
4C850D5FB94EA217AE1743159964D955,20180823,1535036163224002,ad_reward,,,,,Steps,5.0
4C850D5FB94EA217AE1743159964D955,20180823,1535037125872001,ad_reward,,,,,Steps,5.0
4CC453DA57531954D7C053B93A20B5D0,20180820,1534776468982000,ad_reward,,,,,Steps,5.0
4CC453DA57531954D7C053B93A20B5D0,20180820,1534776596899000,ad_reward,,,,,Steps,5.0
4D42F2CA79AD318C761BD19A3633E314,20180927,1538102576330080,ad_reward,,,,,Steps,2.0
4D42F2CA79AD318C761BD19A3633E314,20180928,1538131183245154,ad_reward,,,,,Steps,2.0
4D42F2CA79AD318C761BD19A3633E314,20180928,1538131691007278,ad_reward,,,,,Steps,2.0
4D42F2CA79AD318C761BD19A3633E314,20180928,1538137627264102,ad_reward,,,,,Steps,2.0
4D42F2CA79AD318C761BD19A3633E314,20180928,1538137643387151,ad_reward,,,,,Steps,2.0
4D42F2CA79AD318C761BD19A3633E314,20180928,1538137654321199,ad_reward,,,,,Steps,2.0
4D42F2CA79AD318C761BD19A3633E314,20180928,1538138226423339,ad_reward,,,,,Steps,2.0
4D42F2CA79AD318C761BD19A3633E314,20180930,1538343377737000,ad_reward,,,,,Steps,2.0
4D42F2CA79AD318C761BD19A3633E314,20180930,1538343400783000,ad_reward,,,,,Steps,2.0
4D42F2CA79AD318C761BD19A3633E314,20180930,1538343407168049,ad_reward,,,,,Steps,2.0
4D42F2CA79AD318C761BD19A3633E314,20180930,1538343620812000,ad_reward,,,,,Steps,2.0
4D42F2CA79AD318C761BD19A3633E314,20180930,1538343631974046,ad_reward,,,,,Steps,2.0
4D42F2CA79AD318C761BD19A3633E314,20180930,1538343670563000,ad_reward,,,,,Steps,2.0
4D42F2CA79AD318C761BD19A3633E314,20180930,1538344298842000,ad_reward,,,,,Steps,2.0
4D42F2CA79AD318C761BD19A3633E314,20180930,1538346319457047,ad_reward,,,,,Steps,2.0
4D42F2CA79AD318C761BD19A3633E314,20180930,1538346323112000,ad_reward,,,,,Steps,2.0
4D42F2CA79AD318C761BD19A3633E314,20180930,1538346358166000,ad_reward,,,,,Steps,2.0
4D42F2CA79AD318C761BD19A3633E314,20180930,1538346449517046,ad_reward,,,,,Steps,2.0
4D42F2CA79AD318C761BD19A3633E314,20180930,1538346480159000,ad_reward,,,,,Steps,2.0
4D42F2CA79AD318C761BD19A3633E314,20180930,1538348839713040,ad_reward,,,,,Steps,2.0
4D42F2CA79AD318C761BD19A3633E314,20180930,1538348903935115,ad_reward,,,,,Steps,2.0
4D42F2CA79AD318C761BD19A3633E314,20180930,1538349768478291,ad_reward,,,,,Steps,2.0
4D42F2CA79AD318C761BD19A3633E314,20180930,1538350084601382,ad_reward,,,,,Steps,2.0
4D42F2CA79AD318C761BD19A3633E314,20180930,1538350122811428,ad_reward,,,,,Steps,2.0
4D42F2CA79AD318C761BD19A3633E314,20180930,1538350166547476,ad_reward,,,,,Steps,2.0
4D42F2CA79AD318C761BD19A3633E314,20180930,1538350195428522,ad_reward,,,,,Steps,2.0
4D42F2CA79AD318C761BD19A3633E314,20181001,1538390861235041,ad_reward,,,,,Steps,2.0
4D42F2CA79AD318C761BD19A3633E314,20181001,1538391191339148,ad_reward,,,,,Steps,2.0
4D42F2CA79AD318C761BD19A3633E314,20181001,1538392878945198,ad_reward,,,,,Steps,2.0
4D42F2CA79AD318C761BD19A3633E314,20181001,1538393141379285,ad_reward,,,,,Steps,2.0
4D42F2CA79AD318C761BD19A3633E314,20181001,1538394226869507,ad_reward,,,,,Steps,2.0
4D42F2CA79AD318C761BD19A3633E314,20181001,1538394288774571,ad_reward,,,,,Steps,2.0
4D42F2CA79AD318C761BD19A3633E314,20181001,1538395966052159,ad_reward,,,,,Steps,2.0
4D42F2CA79AD318C761BD19A3633E314,20181002,1538493907236040,ad_reward,,,,,Steps,2.0
4D42F2CA79AD318C761BD19A3633E314,20181002,1538495339562000,ad_reward,,,,,Steps,2.0
4D42F2CA79AD318C761BD19A3633E314,20181002,1538496808295122,ad_reward,,,,,Steps,2.0
4D42F2CA79AD318C761BD19A3633E314,20181002,1538497743333437,ad_reward,,,,,Steps,2.0
4D42F2CA79AD318C761BD19A3633E314,20181002,1538499017703000,ad_reward,,,,,Steps,2.0
4D42F2CA79AD318C761BD19A3633E314,20181002,1538499060562063,ad_reward,,,,,Steps,2.0
4D42F2CA79AD318C761BD19A3633E314,20181002,1538500795198000,ad_reward,,,,,Steps,2.0
4D42F2CA79AD318C761BD19A3633E314,20181003,1538567367503196,ad_reward,,,,,Steps,2.0
4D42F2CA79AD318C761BD19A3633E314,20181003,1538569390306142,ad_reward,,,,,Steps,2.0
4D42F2CA79AD318C761BD19A3633E314,20181003,1538573051941332,ad_reward,,,,,Steps,2.0
4E236A0193F3627F00BCAD5B8CADA1D5,20180711,1531362643298000,ad_reward,,,,,Steps,5.0
4ECE982F87221BF7A2C3642A15329244,20180912,1536786556604000,in_app_purchase,remove_ads,0.99,USD,,,990000.0
50819623BDF347C3C7DCAF0D9F5C0730,20180920,1537469555616015,ad_reward,,,,,Steps,2.0
50819623BDF347C3C7DCAF0D9F5C0730,20180922,1537676802416013,ad_reward,,,,,Steps,2.0
50819623BDF347C3C7DCAF0D9F5C0730,20180922,1537676929444045,ad_reward,,,,,Steps,2.0
50819623BDF347C3C7DCAF0D9F5C0730,20180924,1537849754462013,ad_reward,,,,,Steps,2.0
508DBEBFA1177CC5FA7CC5ECCEE8D0B2,20180724,1532474585514091,ad_reward,,,,,Steps,2.0
508DBEBFA1177CC5FA7CC5ECCEE8D0B2,20180725,1532564227784096,ad_reward,,,,,Steps,2.0
508DBEBFA1177CC5FA7CC5ECCEE8D0B2,20180725,1532564346812152,ad_reward,,,,,Steps,2.0
508DBEBFA1177CC5FA7CC5ECCEE8D0B2,20180725,1532564541102224,ad_reward,,,,,Steps,2.0
508DBEBFA1177CC5FA7CC5ECCEE8D0B2,20180725,1532564589077271,ad_reward,,,,,Steps,2.0
508DBEBFA1177CC5FA7CC5ECCEE8D0B2,20180726,1532649856511041,ad_reward,,,,,Steps,2.0
508DBEBFA1177CC5FA7CC5ECCEE8D0B2,20180726,1532649925798083,ad_reward,,,,,Steps,2.0
508DBEBFA1177CC5FA7CC5ECCEE8D0B2,20180726,1532650221512159,ad_reward,,,,,Steps,2.0
508DBEBFA1177CC5FA7CC5ECCEE8D0B2,20180726,1532650308009231,ad_reward,,,,,Steps,2.0
508DBEBFA1177CC5FA7CC5ECCEE8D0B2,20180728,1532799293313028,ad_reward,,,,,Steps,2.0
508DBEBFA1177CC5FA7CC5ECCEE8D0B2,20180728,1532799606782163,ad_reward,,,,,Steps,2.0
508DBEBFA1177CC5FA7CC5ECCEE8D0B2,20180728,1532799991940312,ad_reward,,,,,Steps,2.0
508DBEBFA1177CC5FA7CC5ECCEE8D0B2,20180728,1532800067742363,ad_reward,,,,,Steps,2.0
508DBEBFA1177CC5FA7CC5ECCEE8D0B2,20180729,1532908954048030,ad_reward,,,,,Steps,2.0
508DBEBFA1177CC5FA7CC5ECCEE8D0B2,20180805,1533496131415000,ad_reward,,,,,Steps,2.0
508DBEBFA1177CC5FA7CC5ECCEE8D0B2,20180813,1534168169163000,ad_reward,,,,,Steps,2.0
508DBEBFA1177CC5FA7CC5ECCEE8D0B2,20180813,1534180317163000,ad_reward,,,,,Steps,2.0
508DBEBFA1177CC5FA7CC5ECCEE8D0B2,20180825,1535217295390000,ad_reward,,,,,Steps,2.0
508DBEBFA1177CC5FA7CC5ECCEE8D0B2,20180916,1537147197511000,ad_reward,,,,,Steps,2.0
508DBEBFA1177CC5FA7CC5ECCEE8D0B2,20180927,1538093309149000,ad_reward,,,,,Steps,2.0
508DBEBFA1177CC5FA7CC5ECCEE8D0B2,20180927,1538093515650015,ad_reward,,,,,Steps,2.0
508DBEBFA1177CC5FA7CC5ECCEE8D0B2,20180927,1538093641163000,ad_reward,,,,,Steps,2.0
5216CA55F087066674AA10DFE754BAF6,20180616,1529135943703044,ad_reward,,,,,Steps,2.0
5216CA55F087066674AA10DFE754BAF6,20180618,1529384118185068,ad_reward,,,,,Steps,2.0
5216CA55F087066674AA10DFE754BAF6,20180618,1529384312711026,ad_reward,,,,,Steps,2.0
5216CA55F087066674AA10DFE754BAF6,20180618,1529384334630019,ad_reward,,,,,Steps,2.0
5216CA55F087066674AA10DFE754BAF6,20180618,1529384489022015,ad_reward,,,,,Steps,2.0
5216CA55F087066674AA10DFE754BAF6,20180618,1529384620192027,ad_reward,,,,,Steps,2.0
5216CA55F087066674AA10DFE754BAF6,20180618,1529384635015061,ad_reward,,,,,Steps,2.0
5216CA55F087066674AA10DFE754BAF6,20180618,1529384866707024,ad_reward,,,,,Steps,2.0
5216CA55F087066674AA10DFE754BAF6,20180618,1529385429541065,ad_reward,,,,,Steps,2.0
5216CA55F087066674AA10DFE754BAF6,20180618,1529385447049028,ad_reward,,,,,Steps,2.0
5216CA55F087066674AA10DFE754BAF6,20180618,1529385757075024,ad_reward,,,,,Steps,2.0
5216CA55F087066674AA10DFE754BAF6,20180619,1529438714206000,ad_reward,,,,,Steps,2.0
5216CA55F087066674AA10DFE754BAF6,20180619,1529438991419027,ad_reward,,,,,Steps,2.0
5216CA55F087066674AA10DFE754BAF6,20180619,1529440083699122,ad_reward,,,,,Steps,2.0
5216CA55F087066674AA10DFE754BAF6,20180619,1529440244170000,ad_reward,,,,,Steps,2.0
5216CA55F087066674AA10DFE754BAF6,20180626,1530056875550067,ad_reward,,,,,Steps,2.0
5216CA55F087066674AA10DFE754BAF6,20180626,1530057474492000,ad_reward,,,,,Steps,2.0
5216CA55F087066674AA10DFE754BAF6,20180626,1530057501671000,ad_reward,,,,,Steps,2.0
5216CA55F087066674AA10DFE754BAF6,20180626,1530070943007081,ad_reward,,,,,Steps,2.0
5216CA55F087066674AA10DFE754BAF6,20180701,1530486160642014,ad_reward,,,,,Steps,2.0
5216CA55F087066674AA10DFE754BAF6,20180708,1531078428036263,ad_reward,,,,,Steps,2.0
522BA55B8CE6E00DBC4CDC5DC232E3F1,20180626,1530050649001009,ad_reward,,,,,Steps,5.0
53ACAE15981F1A8F9A3133340D599299,20180906,1536261199558178,ad_reward,,,,,Steps,2.0
53ACAE15981F1A8F9A3133340D599299,20180906,1536261279663007,ad_reward,,,,,Steps,2.0
53ACAE15981F1A8F9A3133340D599299,20180906,1536261299976235,ad_reward,,,,,Steps,2.0
53ACAE15981F1A8F9A3133340D599299,20180906,1536261430796041,ad_reward,,,,,Steps,2.0
53ACAE15981F1A8F9A3133340D599299,20180906,1536261444825017,ad_reward,,,,,Steps,2.0
53ACAE15981F1A8F9A3133340D599299,20180906,1536261526686015,ad_reward,,,,,Steps,2.0
53ACAE15981F1A8F9A3133340D599299,20180906,1536261551630032,ad_reward,,,,,Steps,2.0
53ACAE15981F1A8F9A3133340D599299,20180906,1536261564640017,ad_reward,,,,,Steps,2.0
53ACAE15981F1A8F9A3133340D599299,20180906,1536261570751032,ad_reward,,,,,Steps,2.0
53ACAE15981F1A8F9A3133340D599299,20180906,1536261733593050,ad_reward,,,,,Steps,2.0
53C62BFF7D715334B8C3C4904EC34880,20180803,1533350414523000,in_app_purchase,remove_ads,0.99,USD,1,,990000.0
53C62BFF7D715334B8C3C4904EC34880,20180804,1533422394451000,ad_reward,,,,,Steps,2.0
53EF5C7357527DEFCBC722E886E242A5,20180814,1534277965882057,ad_reward,,,,,Steps,5.0
55BF8BB2457C1E8B554058947A484334,20180828,1535500870224000,ad_reward,,,,,Steps,2.0
55BF8BB2457C1E8B554058947A484334,20180828,1535500968065070,ad_reward,,,,,Steps,2.0
56B62AC76D064517A124EC916BD051A5,20180629,1530324143069038,ad_reward,,,,,Steps,5.0
56B62AC76D064517A124EC916BD051A5,20180629,1530324183066065,ad_reward,,,,,Steps,5.0
56B62AC76D064517A124EC916BD051A5,20180629,1530324373116103,ad_reward,,,,,Steps,5.0
56B62AC76D064517A124EC916BD051A5,20180629,1530324437514130,ad_reward,,,,,Steps,5.0
57CC3D00AF896BC5B330A8749995AE5E,20180923,1537710292391000,ad_reward,,,,,Steps,2.0
57CC3D00AF896BC5B330A8749995AE5E,20180923,1537710389259000,ad_reward,,,,,Steps,2.0
57CC3D00AF896BC5B330A8749995AE5E,20180923,1537710436794051,ad_reward,,,,,Steps,2.0
57CC3D00AF896BC5B330A8749995AE5E,20180923,1537710541195029,ad_reward,,,,,Steps,2.0
57CC3D00AF896BC5B330A8749995AE5E,20180923,1537710567464022,ad_reward,,,,,Steps,2.0
57CC3D00AF896BC5B330A8749995AE5E,20180923,1537710634081000,ad_reward,,,,,Steps,2.0
57CC3D00AF896BC5B330A8749995AE5E,20180923,1537710720505029,ad_reward,,,,,Steps,2.0
57CC3D00AF896BC5B330A8749995AE5E,20180923,1537710736863000,ad_reward,,,,,Steps,2.0
57CC3D00AF896BC5B330A8749995AE5E,20180923,1537710749952000,ad_reward,,,,,Steps,2.0
5846B1F471C58594B5E42074E7FFC05C,20180820,1534794403307028,ad_reward,,,,,Steps,2.0
5885B9A6C2FBB71AB1304B9EDB330B76,20180618,1529335523215029,ad_reward,,,,,Steps,5.0
59FFEAFE3464184406C0F83E634C7B02,20180618,1529379011415064,ad_reward,,,,,Steps,5.0
59FFEAFE3464184406C0F83E634C7B02,20180618,1529379674503220,ad_reward,,,,,Steps,5.0
59FFEAFE3464184406C0F83E634C7B02,20180618,1529379752346243,ad_reward,,,,,Steps,5.0
59FFEAFE3464184406C0F83E634C7B02,20180618,1529379876659288,ad_reward,,,,,Steps,5.0
5A24FA671D66FF78C978D077245B4777,20180811,1534043905254239,ad_reward,,,,,Steps,5.0
5AB604164EFA59AF8E087EDF3C7530C0,20180928,1538182514835000,ad_reward,,,,,Steps,5.0
5ACF1A6BFE350F7BB661BF389AF7E2F0,20180813,1534156143097056,ad_reward,,,,,Steps,5.0
5ACF1A6BFE350F7BB661BF389AF7E2F0,20180901,1535859996091000,ad_reward,,,,,Steps,5.0
5ACF1A6BFE350F7BB661BF389AF7E2F0,20180901,1535860126606000,ad_reward,,,,,Steps,5.0
5ACF1A6BFE350F7BB661BF389AF7E2F0,20180901,1535860153748000,ad_reward,,,,,Steps,5.0
5D024994073A2E5CA554F185956ED74C,20180616,1529175819403000,ad_reward,,,,,Steps,5.0
5D7B75012F4A81127A627CF594A8ABF8,20180911,1536650211352216,ad_reward,,,,,Steps,5.0
5D7B75012F4A81127A627CF594A8ABF8,20180917,1537222655982000,ad_reward,,,,,Steps,5.0
5D7B75012F4A81127A627CF594A8ABF8,20180918,1537324660949000,ad_reward,,,,,Steps,5.0
5D7B75012F4A81127A627CF594A8ABF8,20180921,1537523459223000,ad_reward,,,,,Steps,5.0
5D7B75012F4A81127A627CF594A8ABF8,20180924,1537852694580000,ad_reward,,,,,Steps,5.0
5D7B75012F4A81127A627CF594A8ABF8,20180925,1537939831138000,ad_reward,,,,,Steps,5.0
5D7B75012F4A81127A627CF594A8ABF8,20180926,1538006412146000,ad_reward,,,,,Steps,5.0
5E9B9E20975EF45745B511D401456619,20180817,1534539194622000,ad_reward,,,,,Steps,5.0
5F72C8757B169882D52BFBC7CDE1B9EC,20180723,1532393404723000,ad_reward,,,,,Steps,2.0
5F72C8757B169882D52BFBC7CDE1B9EC,20180725,1532543742402135,ad_reward,,,,,Steps,2.0
5F72C8757B169882D52BFBC7CDE1B9EC,20180725,1532570442831014,ad_reward,,,,,Steps,2.0
5F72C8757B169882D52BFBC7CDE1B9EC,20180726,1532629791411089,ad_reward,,,,,Steps,2.0
5F72C8757B169882D52BFBC7CDE1B9EC,20180806,1533587765561000,ad_reward,,,,,Steps,2.0
5F72C8757B169882D52BFBC7CDE1B9EC,20180806,1533587911121000,ad_reward,,,,,Steps,2.0
5F72C8757B169882D52BFBC7CDE1B9EC,20180806,1533587977470000,ad_reward,,,,,Steps,2.0
5F820D8518D60433418F991350AF1339,20180927,1538097661487000,ad_reward,,,,,Steps,2.0
619893E8C20EEB450207B65496CDBCC5,20180625,1529924972250049,ad_reward,,,,,,1.0
61BB31EC7781341B1D7B8D8A85688DA3,20180902,1535909688622013,ad_reward,,,,,Steps,2.0
61BB31EC7781341B1D7B8D8A85688DA3,20180902,1535909746508045,ad_reward,,,,,Steps,2.0
6202381695390EB9E0F6CC22E9E55443,20180919,1537360038788000,in_app_purchase,remove_ads,1.0,CHF,1,,1000000.0
628BD84E54E44DD7E79A60FB9102A985,20180710,1531217735292046,ad_reward,,,,,Steps,2.0
628BD84E54E44DD7E79A60FB9102A985,20180805,1533465501263000,ad_reward,,,,,Steps,2.0
628BD84E54E44DD7E79A60FB9102A985,20180805,1533466028174017,ad_reward,,,,,Steps,2.0
628BD84E54E44DD7E79A60FB9102A985,20180916,1537093898041015,ad_reward,,,,,Steps,2.0
628BD84E54E44DD7E79A60FB9102A985,20180916,1537094030803000,ad_reward,,,,,Steps,2.0
628BD84E54E44DD7E79A60FB9102A985,20180916,1537094073143000,ad_reward,,,,,Steps,2.0
628BD84E54E44DD7E79A60FB9102A985,20180916,1537094098409000,ad_reward,,,,,Steps,2.0
628BD84E54E44DD7E79A60FB9102A985,20180916,1537094103948000,ad_reward,,,,,Steps,2.0
62BD829622742FF82ECAFC8896DA10EE,20180715,1531677740020000,ad_reward,,,,,Steps,5.0
62D571096D5393BFB10F2D55DA2FC28C,20180702,1530582055393008,ad_reward,,,,,Steps,5.0
64973D8EADDD09E77A06D302D5BEAB2B,20180628,1530235216198000,ad_reward,,,,,Steps,5.0
663EAD1943AE7594E0633D10ADB5EF52,20180716,1531747792653295,ad_reward,,,,,Steps,5.0
663EAD1943AE7594E0633D10ADB5EF52,20180717,1531827584452003,ad_reward,,,,,Steps,5.0
663EAD1943AE7594E0633D10ADB5EF52,20180807,1533661199530076,ad_reward,,,,,Steps,5.0
663EAD1943AE7594E0633D10ADB5EF52,20180825,1535228813769038,ad_reward,,,,,Steps,5.0
663EAD1943AE7594E0633D10ADB5EF52,20180825,1535229212524100,ad_reward,,,,,Steps,5.0
663EAD1943AE7594E0633D10ADB5EF52,20180826,1535305567575073,ad_reward,,,,,Steps,5.0
663EAD1943AE7594E0633D10ADB5EF52,20180826,1535305854613008,ad_reward,,,,,Steps,5.0
667B1425546E7502CD66F9DF0C6321C1,20180720,1532131941857000,ad_reward,,,,,Steps,5.0
667B1425546E7502CD66F9DF0C6321C1,20180721,1532209054204016,ad_reward,,,,,Steps,5.0
66C0CEE58B84347037AC48E64B52C47F,20180905,1536191287531080,ad_reward,,,,,Steps,2.0
66C0CEE58B84347037AC48E64B52C47F,20180905,1536191462131000,ad_reward,,,,,Steps,2.0
66C0CEE58B84347037AC48E64B52C47F,20180905,1536191596742059,ad_reward,,,,,Steps,2.0
66C0CEE58B84347037AC48E64B52C47F,20180905,1536191599646017,ad_reward,,,,,Steps,2.0
66C0CEE58B84347037AC48E64B52C47F,20180905,1536191682777049,ad_reward,,,,,Steps,2.0
682611EFBA4444A23864391A1F753827,20180630,1530363994449047,ad_reward,,,,,Steps,5.0
682611EFBA4444A23864391A1F753827,20180910,1536621008558002,ad_reward,,,,,Steps,5.0
682611EFBA4444A23864391A1F753827,20180912,1536778516729000,ad_reward,,,,,Steps,5.0
68A9524E56BA07A82BBC48AE25F2C246,20180927,1538089872894140,ad_reward,,,,,Steps,2.0
68A9524E56BA07A82BBC48AE25F2C246,20180927,1538089893943173,ad_reward,,,,,Steps,2.0
68A9524E56BA07A82BBC48AE25F2C246,20180927,1538089965625205,ad_reward,,,,,Steps,2.0
68F870FD9708D9569124B7882EA53641,20180807,1533631148840000,ad_reward,,,,,Steps,5.0
68F870FD9708D9569124B7882EA53641,20180808,1533737364253000,ad_reward,,,,,Steps,5.0
690DA199396D35B845005CCD13ED8D67,20180731,1533079282274000,ad_reward,,,,,Steps,5.0
690DA199396D35B845005CCD13ED8D67,20180818,1534639885130000,ad_reward,,,,,Steps,5.0
690DA199396D35B845005CCD13ED8D67,20180824,1535147855945000,ad_reward,,,,,Steps,5.0
6A50ADC841633E84CD6BA0C528FE007C,20180730,1532960372033001,ad_reward,,,,,Steps,5.0
6A71951BC1C5F03C22E9E892AEB90B19,20180819,1534683959017000,ad_reward,,,,,Steps,5.0
6A8DE529CDDEC5B0B170929B2444A588,20180718,1531961302136000,ad_reward,,,,,Steps,5.0
6A8DE529CDDEC5B0B170929B2444A588,20180718,1531961408529000,ad_reward,,,,,Steps,5.0
6A8DE529CDDEC5B0B170929B2444A588,20180719,1532055001387009,ad_reward,,,,,Steps,5.0
6BEB06D064B7393657B25234BFF14E1D,20180625,1529917048758000,ad_reward,,,,,Steps,2.0
6BEB06D064B7393657B25234BFF14E1D,20180625,1529994871047000,ad_reward,,,,,Steps,2.0
6BEB06D064B7393657B25234BFF14E1D,20180901,1535818371906036,ad_reward,,,,,Steps,2.0
6C07A737EA896840697ACE56AC23A3A9,20180617,1529297497829000,in_app_purchase,extra_steps_pack_1,0.99,USD,,,990000.0
6C07A737EA896840697ACE56AC23A3A9,20180617,1529297711876034,ad_reward,,,,,Steps,5.0
6D8B6C8E0800777A88BA604FA3435B16,20180621,1529618016919000,ad_reward,,,,,Steps,5.0
6E898D36923082FFEBA451B6150DC3A9,20180908,1536403697193058,ad_reward,,,,,Steps,2.0
700F7F7537AA9608C920BFFD14C8711D,20180917,1537183200329018,ad_reward,,,,,,1.0
709FCE78A03255D6EF6678E1D98783E7,20180618,1529377135492000,ad_reward,,,,,Steps,5.0
709FCE78A03255D6EF6678E1D98783E7,20180624,1529895047349051,ad_reward,,,,,Steps,5.0
709FCE78A03255D6EF6678E1D98783E7,20180628,1530240049552008,ad_reward,,,,,Steps,5.0
709FCE78A03255D6EF6678E1D98783E7,20180702,1530586220346048,ad_reward,,,,,Steps,5.0
709FCE78A03255D6EF6678E1D98783E7,20180707,1531022810564028,ad_reward,,,,,Steps,5.0
709FCE78A03255D6EF6678E1D98783E7,20180710,1531277543762008,ad_reward,,,,,Steps,5.0
709FCE78A03255D6EF6678E1D98783E7,20180724,1532491139048000,ad_reward,,,,,Steps,5.0
709FCE78A03255D6EF6678E1D98783E7,20180730,1533007456011032,ad_reward,,,,,Steps,5.0
709FCE78A03255D6EF6678E1D98783E7,20180806,1533609814663008,ad_reward,,,,,Steps,5.0
709FCE78A03255D6EF6678E1D98783E7,20180807,1533696939401000,ad_reward,,,,,Steps,5.0
709FCE78A03255D6EF6678E1D98783E7,20180811,1534044150061000,ad_reward,,,,,Steps,5.0
709FCE78A03255D6EF6678E1D98783E7,20180817,1534559362674025,ad_reward,,,,,Steps,5.0
709FCE78A03255D6EF6678E1D98783E7,20180818,1534644709043019,ad_reward,,,,,Steps,5.0
709FCE78A03255D6EF6678E1D98783E7,20180826,1535338909192008,ad_reward,,,,,Steps,5.0
709FCE78A03255D6EF6678E1D98783E7,20180829,1535597804698045,ad_reward,,,,,Steps,5.0
709FCE78A03255D6EF6678E1D98783E7,20180901,1535861260873026,ad_reward,,,,,Steps,5.0
709FCE78A03255D6EF6678E1D98783E7,20180909,1536550623399044,ad_reward,,,,,Steps,5.0
70B6655AE25633BCA270BF37053DBF20,20180620,1529520719515014,ad_reward,,,,,Steps,2.0
70B6655AE25633BCA270BF37053DBF20,20180620,1529520741856046,ad_reward,,,,,Steps,2.0
70B6655AE25633BCA270BF37053DBF20,20180620,1529520767401076,ad_reward,,,,,Steps,2.0
70B6655AE25633BCA270BF37053DBF20,20180620,1529520858266106,ad_reward,,,,,Steps,2.0
70C0577FC47533A4CD3C11A02D886728,20180725,1532514503139014,ad_reward,,,,,Steps,2.0
70C0577FC47533A4CD3C11A02D886728,20180725,1532514584461074,ad_reward,,,,,Steps,2.0
70C0577FC47533A4CD3C11A02D886728,20180725,1532514593447044,ad_reward,,,,,Steps,2.0
7107B8B93B285616D099D9010F6AD834,20180905,1536172501371000,in_app_purchase,extra_steps_pack_1,0.99,USD,1,,990000.0
71381569682468BBBB8936278290D669,20180913,1536868185822065,ad_reward,,,,,Steps,2.0
71381569682468BBBB8936278290D669,20180913,1536868334720000,ad_reward,,,,,Steps,2.0
71381569682468BBBB8936278290D669,20180913,1536893437717000,ad_reward,,,,,Steps,2.0
71381569682468BBBB8936278290D669,20180913,1536893672547105,ad_reward,,,,,Steps,2.0
71381569682468BBBB8936278290D669,20180917,1537206686013000,ad_reward,,,,,Steps,2.0
71381569682468BBBB8936278290D669,20180917,1537206735413035,ad_reward,,,,,Steps,2.0
71381569682468BBBB8936278290D669,20180927,1538063947524071,ad_reward,,,,,Steps,2.0
71381569682468BBBB8936278290D669,20180927,1538063975593121,ad_reward,,,,,Steps,2.0
71760E83C4579A53FE11B8C808677711,20180809,1533822923683000,ad_reward,,,,,Steps,5.0
71760E83C4579A53FE11B8C808677711,20180809,1533823026193027,ad_reward,,,,,Steps,5.0
71760E83C4579A53FE11B8C808677711,20180809,1533823385805003,ad_reward,,,,,Steps,5.0
71AAE70AC95236B7ADF665241789A2DB,20180816,1534426509592130,ad_reward,,,,,Steps,2.0
71AAE70AC95236B7ADF665241789A2DB,20180817,1534516560809000,ad_reward,,,,,Steps,2.0
724B99CB6F41846F3F6BB46C2F663F5E,20180622,1529662978118001,ad_reward,,,,,Steps,2.0
724B99CB6F41846F3F6BB46C2F663F5E,20180622,1529708402980000,ad_reward,,,,,Steps,2.0
724B99CB6F41846F3F6BB46C2F663F5E,20180623,1529767418177011,ad_reward,,,,,Steps,2.0
7480AE90D76538F44A066A153F448198,20180618,1529355525726093,ad_reward,,,,,Steps,5.0
7566596A1D6ACA781692A7A0B89B06EF,20180628,1530220048284001,ad_reward,,,,,Steps,5.0
7566596A1D6ACA781692A7A0B89B06EF,20180730,1532982962229038,ad_reward,,,,,Steps,5.0
7566596A1D6ACA781692A7A0B89B06EF,20180824,1535118847720000,ad_reward,,,,,Steps,5.0
7566596A1D6ACA781692A7A0B89B06EF,20180920,1537506556264000,ad_reward,,,,,Steps,5.0
7716B74F6B26C86BC15789FD709AA9C3,20180706,1530890985845386,ad_reward,,,,,Steps,5.0
772FA77A888E21BA03492B789D70D44C,20180915,1537051918269066,ad_reward,,,,,Steps,2.0
77F125B832C748232EDA6AF8C7D08ED1,20180804,1533438442976000,ad_reward,,,,,Steps,5.0
77F297ECE32E4728993468CE558B9AFE,20180619,1529428899838026,ad_reward,,,,,Steps,2.0
7885549F183924C4828C363909404D60,20180904,1536112437758015,ad_reward,,,,,Steps,2.0
788B593C9AFEBAEE6374CDA08F16FAC6,20180703,1530604091596036,ad_reward,,,,,Steps,5.0
78A54036AF8F03CB35B585AA88F4CBAE,20180907,1536305998866000,ad_reward,,,,,Steps,5.0
78A54036AF8F03CB35B585AA88F4CBAE,20180907,1536306161999000,ad_reward,,,,,Steps,5.0
78B5D31EFEA7F4689CEB2CF7A9E4C4E5,20180908,1536470362100000,ad_reward,,,,,Steps,5.0
78B5D31EFEA7F4689CEB2CF7A9E4C4E5,20180908,1536470539695056,ad_reward,,,,,Steps,5.0
78B5D31EFEA7F4689CEB2CF7A9E4C4E5,20180908,1536470588775017,ad_reward,,,,,Steps,5.0
78B5D31EFEA7F4689CEB2CF7A9E4C4E5,20180908,1536470663731009,ad_reward,,,,,Steps,5.0
78B5D31EFEA7F4689CEB2CF7A9E4C4E5,20180908,1536470735538033,ad_reward,,,,,Steps,5.0
78B5D31EFEA7F4689CEB2CF7A9E4C4E5,20180909,1536499127062001,ad_reward,,,,,Steps,5.0
7912ECDD69EC2C17B8EE95678D59660F,20180617,1529261674872038,ad_reward,,,,,Steps,2.0
7912ECDD69EC2C17B8EE95678D59660F,20180617,1529261797977021,ad_reward,,,,,Steps,2.0
7912ECDD69EC2C17B8EE95678D59660F,20180617,1529261821389028,ad_reward,,,,,Steps,2.0
7912ECDD69EC2C17B8EE95678D59660F,20180617,1529261847393027,ad_reward,,,,,Steps,2.0
7912ECDD69EC2C17B8EE95678D59660F,20180617,1529262021267000,ad_reward,,,,,Steps,2.0
7912ECDD69EC2C17B8EE95678D59660F,20180617,1529262048418026,ad_reward,,,,,Steps,2.0
7912ECDD69EC2C17B8EE95678D59660F,20180617,1529262050408000,ad_reward,,,,,Steps,2.0
7912ECDD69EC2C17B8EE95678D59660F,20180617,1529262453358147,ad_reward,,,,,Steps,2.0
7912ECDD69EC2C17B8EE95678D59660F,20180617,1529262629497000,ad_reward,,,,,Steps,2.0
7912ECDD69EC2C17B8EE95678D59660F,20180617,1529262829098038,ad_reward,,,,,Steps,2.0
7912ECDD69EC2C17B8EE95678D59660F,20180617,1529262833484067,ad_reward,,,,,Steps,2.0
7912ECDD69EC2C17B8EE95678D59660F,20180617,1529262862940097,ad_reward,,,,,Steps,2.0
7912ECDD69EC2C17B8EE95678D59660F,20180617,1529262904695126,ad_reward,,,,,Steps,2.0
7912ECDD69EC2C17B8EE95678D59660F,20180617,1529262983472020,ad_reward,,,,,Steps,2.0
792AFD64D1318EB66C69F97D2D070916,20180722,1532272271346137,ad_reward,,,,,Steps,5.0
79CAA00790D06BC25052329F4ED99BFC,20180622,1529667174776000,ad_reward,,,,,Steps,5.0
7AA6572327B5C45D273CCD8868760033,20180728,1532818943405008,ad_reward,,,,,Steps,5.0
7BD92FD0756E6D260B45D7B6D9670C17,20180705,1530816094939012,ad_reward,,,,,Steps,5.0
7BD92FD0756E6D260B45D7B6D9670C17,20180705,1530816205529058,ad_reward,,,,,Steps,5.0
7BD92FD0756E6D260B45D7B6D9670C17,20180705,1530816457922061,ad_reward,,,,,Steps,5.0
7BD92FD0756E6D260B45D7B6D9670C17,20180705,1530818351370019,ad_reward,,,,,Steps,5.0
7BD92FD0756E6D260B45D7B6D9670C17,20180715,1531686483980031,ad_reward,,,,,Steps,5.0
7BD92FD0756E6D260B45D7B6D9670C17,20180728,1532790032430000,ad_reward,,,,,Steps,5.0
7BD92FD0756E6D260B45D7B6D9670C17,20180802,1533224368855008,ad_reward,,,,,Steps,5.0
7BD92FD0756E6D260B45D7B6D9670C17,20180822,1534947234775000,ad_reward,,,,,Steps,5.0
7BD92FD0756E6D260B45D7B6D9670C17,20180826,1535290404313000,ad_reward,,,,,Steps,5.0
7CD361E011A6C07B2850CD2C3206CA27,20180626,1529997050037000,ad_reward,,,,,Steps,5.0
7D05DF6F0141D016FD20F7B8E71FAB0A,20180714,1531634483508000,ad_reward,,,,,Steps,5.0
7D05DF6F0141D016FD20F7B8E71FAB0A,20180807,1533631579840044,ad_reward,,,,,Steps,5.0
7D05DF6F0141D016FD20F7B8E71FAB0A,20180807,1533632603954012,ad_reward,,,,,,1.0
7D05DF6F0141D016FD20F7B8E71FAB0A,20180807,1533632757448071,ad_reward,,,,,,1.0
7D05DF6F0141D016FD20F7B8E71FAB0A,20180807,1533650336990028,ad_reward,,,,,Steps,5.0
7D05DF6F0141D016FD20F7B8E71FAB0A,20180811,1533990606243049,ad_reward,,,,,,1.0
7D50D96761E1353DED4D2C8DC3384A37,20180918,1537300140193031,ad_reward,,,,,Steps,5.0
7D613AF4DA0F508C7090E96FD73B7E6D,20180817,1534559945541000,ad_reward,,,,,Steps,5.0
7E6F90C9AB757305FD6E4605C030A7B2,20180630,1530391060271000,in_app_purchase,extra_steps_pack_1,0.99,USD,1,,990000.0
7EB0099C021CF1B2C0688CB1C9D42ED0,20180903,1535985906555001,ad_reward,,,,,Steps,5.0
7EB0099C021CF1B2C0688CB1C9D42ED0,20180903,1535986854335000,ad_reward,,,,,Steps,5.0
7EB0099C021CF1B2C0688CB1C9D42ED0,20180903,1535987208297000,ad_reward,,,,,Steps,5.0
7FA1A5B3B4CFDA6EE43060AEE7DDD9B9,20180831,1535738562683000,ad_reward,,,,,Steps,5.0
7FDDC95340BC25D0D2BD52328DCADD7E,20180725,1532579285224000,in_app_purchase,remove_ads,0.99,USD,1,,990000.0
80FD9717450806029DA432E39BBB5DFD,20180914,1536929285186000,ad_reward,,,,,Steps,5.0
80FD9717450806029DA432E39BBB5DFD,20180914,1536929302477000,ad_reward,,,,,Steps,5.0
819D2074A8E28AEE17E0569C9736DA93,20180613,1528876903938000,ad_reward,,,,,Steps,2.0
827848D9C0FD18D44110098CEC982CDE,20180914,1536929060419024,ad_reward,,,,,Steps,2.0
827848D9C0FD18D44110098CEC982CDE,20180914,1536929116476056,ad_reward,,,,,Steps,2.0
827848D9C0FD18D44110098CEC982CDE,20180914,1536929370879143,ad_reward,,,,,Steps,2.0
827848D9C0FD18D44110098CEC982CDE,20180914,1536929403226175,ad_reward,,,,,Steps,2.0
82C4C434811FFE6491CD496EFEA96382,20180814,1534308090447178,ad_reward,,,,,Steps,5.0
82DAC9EC6C9E95BA8287CF434CCA4BA2,20180916,1537122583454000,ad_reward,,,,,Steps,2.0
82DAC9EC6C9E95BA8287CF434CCA4BA2,20180916,1537122642224000,ad_reward,,,,,Steps,2.0
82DAC9EC6C9E95BA8287CF434CCA4BA2,20180916,1537138838732000,ad_reward,,,,,Steps,2.0
82DAC9EC6C9E95BA8287CF434CCA4BA2,20180916,1537139261212070,ad_reward,,,,,Steps,2.0
82DAC9EC6C9E95BA8287CF434CCA4BA2,20180916,1537139374808049,ad_reward,,,,,Steps,2.0
82DAC9EC6C9E95BA8287CF434CCA4BA2,20180916,1537139376869015,ad_reward,,,,,Steps,2.0
82DAC9EC6C9E95BA8287CF434CCA4BA2,20180916,1537139458275017,ad_reward,,,,,Steps,2.0
82DAC9EC6C9E95BA8287CF434CCA4BA2,20180916,1537139478429051,ad_reward,,,,,Steps,2.0
82DAC9EC6C9E95BA8287CF434CCA4BA2,20180916,1537139628743142,ad_reward,,,,,Steps,2.0
82DAC9EC6C9E95BA8287CF434CCA4BA2,20180916,1537139651818176,ad_reward,,,,,Steps,2.0
83AC0CDAB34863426BB2CE5AB0A4F02B,20180908,1536409930429000,ad_reward,,,,,Steps,5.0
847C41413ECD9C277B4896E786340891,20180923,1537740693007000,ad_reward,,,,,Steps,2.0
84D135997D8A4D9CB35D4ECA46EF6861,20180706,1530888044428000,ad_reward,,,,,Steps,5.0
84D135997D8A4D9CB35D4ECA46EF6861,20180706,1530888214925111,ad_reward,,,,,Steps,5.0
84D135997D8A4D9CB35D4ECA46EF6861,20180706,1530888322206000,ad_reward,,,,,Steps,5.0
84D135997D8A4D9CB35D4ECA46EF6861,20180706,1530888510562001,ad_reward,,,,,Steps,5.0
84D135997D8A4D9CB35D4ECA46EF6861,20180706,1530888552177000,ad_reward,,,,,Steps,5.0
84D135997D8A4D9CB35D4ECA46EF6861,20180710,1531230743130022,ad_reward,,,,,Steps,5.0
84D135997D8A4D9CB35D4ECA46EF6861,20180710,1531230900999000,ad_reward,,,,,Steps,5.0
84D135997D8A4D9CB35D4ECA46EF6861,20180710,1531230967965000,ad_reward,,,,,Steps,5.0
84D135997D8A4D9CB35D4ECA46EF6861,20180710,1531231013569000,ad_reward,,,,,Steps,5.0
84D135997D8A4D9CB35D4ECA46EF6861,20180710,1531231156139000,ad_reward,,,,,Steps,5.0
84D135997D8A4D9CB35D4ECA46EF6861,20180710,1531231360102000,ad_reward,,,,,Steps,5.0
84D135997D8A4D9CB35D4ECA46EF6861,20180710,1531231502166000,ad_reward,,,,,Steps,5.0
84D4A14B2F6F8A8AF3DF58E6C67A79D5,20180627,1530154772849116,ad_reward,,,,,Steps,2.0
85CA6318E0119F70B454E10A63103655,20180904,1536120705838026,ad_reward,,,,,Steps,2.0
85CA6318E0119F70B454E10A63103655,20180904,1536120960960125,ad_reward,,,,,Steps,2.0
85CA6318E0119F70B454E10A63103655,20180904,1536121248060188,ad_reward,,,,,Steps,2.0
85FD06F19EBB6097388EEE0B207598B7,20180709,1531179788196062,ad_reward,,,,,Steps,5.0
8601A3659DC5C1F0444E5CCDA5ED3E14,20180718,1531970507545041,ad_reward,,,,,Steps,5.0
8601A3659DC5C1F0444E5CCDA5ED3E14,20180718,1531970584586029,ad_reward,,,,,Steps,5.0
8601A3659DC5C1F0444E5CCDA5ED3E14,20180718,1531970918100000,ad_reward,,,,,Steps,5.0
8601A3659DC5C1F0444E5CCDA5ED3E14,20180718,1531971054846078,ad_reward,,,,,Steps,5.0
8601A3659DC5C1F0444E5CCDA5ED3E14,20180718,1531974814689087,ad_reward,,,,,Steps,5.0
8601A3659DC5C1F0444E5CCDA5ED3E14,20180719,1532005788113131,ad_reward,,,,,Steps,5.0
8601A3659DC5C1F0444E5CCDA5ED3E14,20180719,1532010480863173,ad_reward,,,,,Steps,5.0
8601A3659DC5C1F0444E5CCDA5ED3E14,20180719,1532010663743226,ad_reward,,,,,Steps,5.0
8601A3659DC5C1F0444E5CCDA5ED3E14,20180719,1532011203194058,ad_reward,,,,,Steps,5.0
8601A3659DC5C1F0444E5CCDA5ED3E14,20180719,1532011390439157,ad_reward,,,,,Steps,5.0
8601A3659DC5C1F0444E5CCDA5ED3E14,20180719,1532011572683243,ad_reward,,,,,Steps,5.0
8601A3659DC5C1F0444E5CCDA5ED3E14,20180719,1532014696895074,ad_reward,,,,,Steps,5.0
8601A3659DC5C1F0444E5CCDA5ED3E14,20180719,1532015116924197,ad_reward,,,,,Steps,5.0
8601A3659DC5C1F0444E5CCDA5ED3E14,20180719,1532015385789258,ad_reward,,,,,Steps,5.0
8601A3659DC5C1F0444E5CCDA5ED3E14,20180719,1532018339142008,ad_reward,,,,,Steps,5.0
8601A3659DC5C1F0444E5CCDA5ED3E14,20180719,1532018364465031,ad_reward,,,,,Steps,5.0
8601A3659DC5C1F0444E5CCDA5ED3E14,20180719,1532018591140087,ad_reward,,,,,Steps,5.0
8601A3659DC5C1F0444E5CCDA5ED3E14,20180719,1532018600904115,ad_reward,,,,,Steps,5.0
8601A3659DC5C1F0444E5CCDA5ED3E14,20180719,1532018607082150,ad_reward,,,,,Steps,5.0
8601A3659DC5C1F0444E5CCDA5ED3E14,20180719,1532018858990215,ad_reward,,,,,Steps,5.0
8601A3659DC5C1F0444E5CCDA5ED3E14,20180719,1532059980941016,ad_reward,,,,,Steps,5.0
8601A3659DC5C1F0444E5CCDA5ED3E14,20180723,1532364948117058,ad_reward,,,,,Steps,5.0
8601A3659DC5C1F0444E5CCDA5ED3E14,20180723,1532365370986000,ad_reward,,,,,Steps,5.0
8601A3659DC5C1F0444E5CCDA5ED3E14,20180723,1532365663719000,ad_reward,,,,,Steps,5.0
8601A3659DC5C1F0444E5CCDA5ED3E14,20180725,1532527345668000,ad_reward,,,,,Steps,5.0
8601A3659DC5C1F0444E5CCDA5ED3E14,20180725,1532535537057003,ad_reward,,,,,Steps,5.0
8601A3659DC5C1F0444E5CCDA5ED3E14,20180726,1532611733937120,ad_reward,,,,,Steps,5.0
8601A3659DC5C1F0444E5CCDA5ED3E14,20180726,1532611877135000,ad_reward,,,,,Steps,5.0
8601A3659DC5C1F0444E5CCDA5ED3E14,20180727,1532699655931139,ad_reward,,,,,Steps,5.0
8601A3659DC5C1F0444E5CCDA5ED3E14,20180728,1532783013162021,ad_reward,,,,,Steps,5.0
8601A3659DC5C1F0444E5CCDA5ED3E14,20180728,1532783188766087,ad_reward,,,,,Steps,5.0
8601A3659DC5C1F0444E5CCDA5ED3E14,20180728,1532783470903189,ad_reward,,,,,Steps,5.0
8601A3659DC5C1F0444E5CCDA5ED3E14,20180731,1533028246638024,ad_reward,,,,,Steps,5.0
8601A3659DC5C1F0444E5CCDA5ED3E14,20180731,1533028474894127,ad_reward,,,,,Steps,5.0
8601A3659DC5C1F0444E5CCDA5ED3E14,20180802,1533268403475001,ad_reward,,,,,Steps,5.0
8601A3659DC5C1F0444E5CCDA5ED3E14,20180803,1533283692513000,ad_reward,,,,,Steps,5.0
8601A3659DC5C1F0444E5CCDA5ED3E14,20180803,1533283822887000,ad_reward,,,,,Steps,5.0
8601A3659DC5C1F0444E5CCDA5ED3E14,20180803,1533284268838000,ad_reward,,,,,Steps,5.0
8601A3659DC5C1F0444E5CCDA5ED3E14,20180803,1533284595192000,ad_reward,,,,,Steps,5.0
8601A3659DC5C1F0444E5CCDA5ED3E14,20180803,1533284726190000,ad_reward,,,,,Steps,5.0
8601A3659DC5C1F0444E5CCDA5ED3E14,20180805,1533472802773000,ad_reward,,,,,Steps,5.0
86A6C9FB1A0C566CA168149788E71EFD,20180913,1536904055344000,ad_reward,,,,,Steps,2.0
86A6C9FB1A0C566CA168149788E71EFD,20180915,1537065338356006,ad_reward,,,,,Steps,2.0
86F42088972973829EC309093CF67201,20180625,1529965484329013,ad_reward,,,,,Steps,2.0
86F42088972973829EC309093CF67201,20180625,1529965550327069,ad_reward,,,,,Steps,2.0
86F42088972973829EC309093CF67201,20180625,1529965558692041,ad_reward,,,,,Steps,2.0
86F42088972973829EC309093CF67201,20180625,1529965613932097,ad_reward,,,,,Steps,2.0
86F42088972973829EC309093CF67201,20180625,1529965629948054,ad_reward,,,,,Steps,2.0
86F42088972973829EC309093CF67201,20180625,1529965642945026,ad_reward,,,,,Steps,2.0
86F42088972973829EC309093CF67201,20180625,1529965744896110,ad_reward,,,,,Steps,2.0
86F42088972973829EC309093CF67201,20180625,1529965750265082,ad_reward,,,,,Steps,2.0
86F42088972973829EC309093CF67201,20180625,1529965817639000,ad_reward,,,,,Steps,2.0
86F42088972973829EC309093CF67201,20180626,1530040604159013,ad_reward,,,,,Steps,2.0
86F42088972973829EC309093CF67201,20180626,1530052464718026,ad_reward,,,,,Steps,2.0
877FA44067672E68DA16FDF0CA781110,20180625,1529961898946013,ad_reward,,,,,Steps,2.0
88B75EB4D61D9FE7C53C1B18F7DE5F5F,20180618,1529363780726000,ad_reward,,,,,Steps,2.0
88B75EB4D61D9FE7C53C1B18F7DE5F5F,20180618,1529363801343000,ad_reward,,,,,Steps,2.0
899C748403903FE0ECBD0CCA5E56D0D3,20180714,1531603936574000,ad_reward,,,,,Steps,2.0
8A05EC682F7FC6645D92DD09CA8BC270,20180721,1532215269902045,ad_reward,,,,,Steps,5.0
8BB00DF4D414F28B66E557C9846232AA,20180815,1534384843323000,in_app_purchase,extra_steps_pack_2,1.99,USD,,,1990000.0
8BD465AC77DC9D8B4C597BF35950FDA3,20180721,1532162333441271,ad_reward,,,,,,1.0
8BD9A91BA36362DAEE21E9B2A6FA41D5,20180904,1536084321174000,ad_reward,,,,,Steps,5.0
8CED53DF2E18FAB2FCD5297C0CC860AB,20180709,1531124093473000,ad_reward,,,,,Steps,5.0
8E4DF506C79F790D30F654BB52B6B838,20180714,1531628031329055,ad_reward,,,,,Steps,5.0
8EC69D56A1BBBE4F2691746E39B8756D,20180809,1533880331732021,ad_reward,,,,,Steps,5.0
8EC69D56A1BBBE4F2691746E39B8756D,20180809,1533880422918083,ad_reward,,,,,Steps,5.0
8EC69D56A1BBBE4F2691746E39B8756D,20180809,1533880502866115,ad_reward,,,,,Steps,5.0
91D637F0D9FB259AD52773B1B20151BE,20180822,1534953536549045,ad_reward,,,,,Steps,5.0
920DB84FCC0F4421650B9E257E33180B,20180623,1529749902449000,ad_reward,,,,,Steps,5.0
920DB84FCC0F4421650B9E257E33180B,20180630,1530347121858001,ad_reward,,,,,Steps,5.0
920DB84FCC0F4421650B9E257E33180B,20180630,1530372293374000,ad_reward,,,,,Steps,5.0
920DB84FCC0F4421650B9E257E33180B,20180630,1530372746468000,ad_reward,,,,,Steps,5.0
920DB84FCC0F4421650B9E257E33180B,20180706,1530870140820050,ad_reward,,,,,Steps,5.0
920DB84FCC0F4421650B9E257E33180B,20180707,1530974599995000,ad_reward,,,,,Steps,5.0
920DB84FCC0F4421650B9E257E33180B,20180711,1531333602233087,ad_reward,,,,,Steps,5.0
920DB84FCC0F4421650B9E257E33180B,20180721,1532202671186092,ad_reward,,,,,Steps,5.0
920DB84FCC0F4421650B9E257E33180B,20180721,1532202717538143,ad_reward,,,,,Steps,5.0
920DB84FCC0F4421650B9E257E33180B,20180721,1532203642528085,ad_reward,,,,,Steps,5.0
920DB84FCC0F4421650B9E257E33180B,20180723,1532374120313023,ad_reward,,,,,Steps,5.0
920DB84FCC0F4421650B9E257E33180B,20180723,1532374745378000,ad_reward,,,,,Steps,5.0
920DB84FCC0F4421650B9E257E33180B,20180728,1532790784326074,ad_reward,,,,,Steps,5.0
920DB84FCC0F4421650B9E257E33180B,20180728,1532792277739138,ad_reward,,,,,Steps,5.0
920DB84FCC0F4421650B9E257E33180B,20180728,1532816441870084,ad_reward,,,,,Steps,5.0
920DB84FCC0F4421650B9E257E33180B,20180728,1532816521574114,ad_reward,,,,,Steps,5.0
920DB84FCC0F4421650B9E257E33180B,20180728,1532816982108255,ad_reward,,,,,Steps,5.0
920DB84FCC0F4421650B9E257E33180B,20180728,1532817869208573,ad_reward,,,,,Steps,5.0
920DB84FCC0F4421650B9E257E33180B,20180729,1532898313863067,ad_reward,,,,,Steps,5.0
920DB84FCC0F4421650B9E257E33180B,20180730,1532948304569092,ad_reward,,,,,Steps,5.0
920DB84FCC0F4421650B9E257E33180B,20180730,1532948640254030,ad_reward,,,,,Steps,5.0
920DB84FCC0F4421650B9E257E33180B,20180731,1533027078902043,ad_reward,,,,,Steps,5.0
920DB84FCC0F4421650B9E257E33180B,20180804,1533387382324047,ad_reward,,,,,Steps,5.0
920DB84FCC0F4421650B9E257E33180B,20180816,1534405140006062,ad_reward,,,,,Steps,5.0
920DB84FCC0F4421650B9E257E33180B,20180818,1534626838301007,ad_reward,,,,,Steps,5.0
920DB84FCC0F4421650B9E257E33180B,20180820,1534754318453012,ad_reward,,,,,Steps,5.0
920DB84FCC0F4421650B9E257E33180B,20180820,1534774467779072,ad_reward,,,,,Steps,5.0
920DB84FCC0F4421650B9E257E33180B,20180820,1534776229358007,ad_reward,,,,,Steps,5.0
920DB84FCC0F4421650B9E257E33180B,20180823,1535008563116027,ad_reward,,,,,Steps,5.0
920DB84FCC0F4421650B9E257E33180B,20180824,1535096431119059,ad_reward,,,,,Steps,5.0
920DB84FCC0F4421650B9E257E33180B,20180829,1535533305838029,ad_reward,,,,,Steps,5.0
920DB84FCC0F4421650B9E257E33180B,20180831,1535706254050017,ad_reward,,,,,Steps,5.0
920DB84FCC0F4421650B9E257E33180B,20180909,1536520355674029,ad_reward,,,,,Steps,5.0
920DB84FCC0F4421650B9E257E33180B,20180929,1538248860811000,ad_reward,,,,,Steps,5.0
920DB84FCC0F4421650B9E257E33180B,20180929,1538249213783014,ad_reward,,,,,Steps,5.0
920DB84FCC0F4421650B9E257E33180B,20180930,1538313195359000,ad_reward,,,,,Steps,5.0
95B70CC7DEBD3641FB121B5EEE99300C,20180630,1530405623939013,ad_reward,,,,,Steps,2.0
97B422DCCB84169BF11FF0168929E31B,20180712,1531407082480159,ad_reward,,,,,Steps,5.0
99ED19E25F424068C78C51C1C51F9E3C,20180918,1537289991564000,ad_reward,,,,,Steps,2.0
99FF1F3E739596EE936E38229B416431,20180910,1536601988749000,in_app_purchase,extra_steps_pack_1,0.99,USD,1,,990000.0
9A8AE3E564C39A19676EE9F610D4315D,20180729,1532893449004000,ad_reward,,,,,Steps,5.0
9BC94B3773C8304A9E101AEBCFEF4A5F,20180724,1532477338493210,ad_reward,,,,,,1.0
9CC3E726FDBD3A5EAC57127955DE6536,20180618,1529371334024015,ad_reward,,,,,Steps,2.0
9D1281F67E6535D0A1DB0169AC975526,20180618,1529320777628034,ad_reward,,,,,Steps,2.0
9D1281F67E6535D0A1DB0169AC975526,20180618,1529321052230100,ad_reward,,,,,Steps,2.0
9D1281F67E6535D0A1DB0169AC975526,20180618,1529321252786014,ad_reward,,,,,Steps,2.0
9D1281F67E6535D0A1DB0169AC975526,20180618,1529321253859173,ad_reward,,,,,Steps,2.0
9D1281F67E6535D0A1DB0169AC975526,20180618,1529321264177143,ad_reward,,,,,Steps,2.0
9D1281F67E6535D0A1DB0169AC975526,20180618,1529321439695000,ad_reward,,,,,Steps,2.0
9D1281F67E6535D0A1DB0169AC975526,20180618,1529321465383000,ad_reward,,,,,Steps,2.0
9D1281F67E6535D0A1DB0169AC975526,20180618,1529321561962000,ad_reward,,,,,Steps,2.0
9D535D543FD07B8247DEADB4669FADE6,20180716,1531763688248024,ad_reward,,,,,Steps,5.0
9D535D543FD07B8247DEADB4669FADE6,20180716,1531764030804027,ad_reward,,,,,Steps,5.0
9DB70702AD6350C1150E2AD452047208,20180819,1534720920483000,ad_reward,,,,,Steps,5.0
9DB70702AD6350C1150E2AD452047208,20180819,1534720985436000,ad_reward,,,,,Steps,5.0
9DB70702AD6350C1150E2AD452047208,20180819,1534721066445000,ad_reward,,,,,Steps,5.0
9DB70702AD6350C1150E2AD452047208,20180821,1534895230076000,ad_reward,,,,,Steps,5.0
A05ACB383D79E187B98B95E9C749C416,20180711,1531354572312008,ad_reward,,,,,Steps,5.0
A0DD81B9202FD78D6EBD404FC29A7210,20180903,1536028988143000,ad_reward,,,,,Steps,5.0
A0DD81B9202FD78D6EBD404FC29A7210,20180903,1536029079105000,ad_reward,,,,,Steps,5.0
A0DD81B9202FD78D6EBD404FC29A7210,20180903,1536029508852000,ad_reward,,,,,Steps,5.0
A0F1D068A8E7FA561AC7B4174DD5E2A5,20180831,1535719838504000,ad_reward,,,,,Steps,5.0
A0F1D068A8E7FA561AC7B4174DD5E2A5,20180831,1535719916874023,ad_reward,,,,,Steps,5.0
A0F4501358BD3CF59B5EC6A7C6A33774,20180921,1537529772428001,ad_reward,,,,,Steps,5.0
A16DE718D8908FFC01DD297FEA600583,20180917,1537242133741001,ad_reward,,,,,Steps,5.0
A22203F592493C8C4E00D05C9FE26403,20180825,1535205818614003,ad_reward,,,,,Steps,2.0
A22203F592493C8C4E00D05C9FE26403,20180825,1535205822283015,ad_reward,,,,,Steps,2.0
A27121EFDB4D0B36B56D3351C3848839,20180630,1530391859442199,ad_reward,,,,,Steps,2.0
A279C431ACB82BFB2B7A234A6707BCFF,20180703,1530629874843000,ad_reward,,,,,Steps,2.0
A279C431ACB82BFB2B7A234A6707BCFF,20180703,1530629901486000,ad_reward,,,,,Steps,2.0
A279C431ACB82BFB2B7A234A6707BCFF,20180703,1530629976506000,ad_reward,,,,,Steps,2.0
A279C431ACB82BFB2B7A234A6707BCFF,20180703,1530629981820030,ad_reward,,,,,Steps,2.0
A29EBFE2A58D7C4D6FDA23C3A53742FF,20180706,1530906258991024,ad_reward,,,,,Steps,5.0
A29EBFE2A58D7C4D6FDA23C3A53742FF,20180711,1531355205087027,ad_reward,,,,,Steps,5.0
A58191BA2B8C31DFB07DCFDBECEC1BBC,20180928,1538170050094000,ad_reward,,,,,Steps,5.0
A58191BA2B8C31DFB07DCFDBECEC1BBC,20180928,1538192880030000,ad_reward,,,,,Steps,5.0
A58191BA2B8C31DFB07DCFDBECEC1BBC,20180928,1538192927724000,ad_reward,,,,,Steps,5.0
A6522F1A3180B75F091CEB712356A375,20180901,1535841237159000,ad_reward,,,,,Steps,5.0
A66E12586B3B31AAEF02D1B1DD09EFDF,20180806,1533567255404028,ad_reward,,,,,Steps,2.0
A66F392F752B3A59F2644F4158644FF1,20180830,1535632131898000,ad_reward,,,,,Steps,2.0
A6963D4B1216ED8BCBA1CA8E832FDBE7,20180811,1534027553880000,ad_reward,,,,,Steps,5.0
A8610CD5FF7687B4AA60141775E0B580,20180930,1538357054948000,ad_reward,,,,,Steps,2.0
A9C5BCCA25A98EB83162BEFADCB7B38A,20180817,1534508215907053,ad_reward,,,,,Steps,5.0
AA594567796363A1615D5F396322F9D1,20180925,1537885605948015,ad_reward,,,,,Steps,2.0
AA594567796363A1615D5F396322F9D1,20180925,1537885698439000,ad_reward,,,,,Steps,2.0
AA594567796363A1615D5F396322F9D1,20180925,1537885746910000,ad_reward,,,,,Steps,2.0
AAABB545297A09EA6D1B910FFAEE482C,20180725,1532557121626057,ad_reward,,,,,Steps,5.0
AAABB545297A09EA6D1B910FFAEE482C,20180725,1532557164804080,ad_reward,,,,,Steps,5.0
AAABB545297A09EA6D1B910FFAEE482C,20180725,1532557237116103,ad_reward,,,,,Steps,5.0
AB059522447E1198F61F9C9C4D267B8E,20180728,1532774659674003,ad_reward,,,,,Steps,5.0
AB105DC43FD987E62FAFEEDE49BD4013,20180619,1529471175487077,ad_reward,,,,,Steps,5.0
AC5BB8A4162F0D60D28B10AB440DBC26,20180704,1530724883849166,ad_reward,,,,,Steps,5.0
AD6E1242CA5C458BD5D8E63A0DF7A562,20181002,1538514953633016,ad_reward,,,,,Steps,2.0
B0D27B7940BC47970BC9DF0664F5BE13,20180902,1535938974716000,ad_reward,,,,,Steps,2.0
B0D27B7940BC47970BC9DF0664F5BE13,20180902,1535939050106038,ad_reward,,,,,Steps,2.0
B0D27B7940BC47970BC9DF0664F5BE13,20180902,1535939166015026,ad_reward,,,,,Steps,2.0
B11689AC55CE9B3FF60E4D17ABAB7B4E,20180701,1530482847759042,ad_reward,,,,,Steps,2.0
B11689AC55CE9B3FF60E4D17ABAB7B4E,20180701,1530482904745072,ad_reward,,,,,Steps,2.0
B11689AC55CE9B3FF60E4D17ABAB7B4E,20180701,1530483012594101,ad_reward,,,,,Steps,2.0
B39848DF8616032638ABC7B9056F34E6,20181003,1538580763634000,ad_reward,,,,,Steps,5.0
B3C470B60D2527FE10825101C54FB1F7,20180924,1537832324027326,ad_reward,,,,,Steps,2.0
B3C470B60D2527FE10825101C54FB1F7,20180924,1537832907573507,ad_reward,,,,,Steps,2.0
B42CD43328FFA37DA41BC64C3DC1BB38,20180928,1538132081101068,ad_reward,,,,,Steps,5.0
B513D812D0F22326FCBDC18FFCE26E90,20180618,1529308187026001,ad_reward,,,,,Steps,2.0
B513D812D0F22326FCBDC18FFCE26E90,20180618,1529308197735000,ad_reward,,,,,Steps,2.0
B513D812D0F22326FCBDC18FFCE26E90,20180618,1529308310552038,ad_reward,,,,,Steps,2.0
B513D812D0F22326FCBDC18FFCE26E90,20180624,1529861756455014,ad_reward,,,,,Steps,2.0
B513D812D0F22326FCBDC18FFCE26E90,20180624,1529861820311020,ad_reward,,,,,Steps,2.0
B513D812D0F22326FCBDC18FFCE26E90,20180706,1530892538539015,ad_reward,,,,,Steps,2.0
B513D812D0F22326FCBDC18FFCE26E90,20180706,1530892685694000,ad_reward,,,,,Steps,2.0
B513D812D0F22326FCBDC18FFCE26E90,20180706,1530892736032000,ad_reward,,,,,Steps,2.0
B513D812D0F22326FCBDC18FFCE26E90,20180706,1530892884773000,ad_reward,,,,,Steps,2.0
B5AD6569D99E82C2EE44E38C3487F49D,20181003,1538554113695000,in_app_purchase,remove_ads,1.28,AUD,,,1280000.0
B6BDDFB45BBA423B571BD8B41F43EE41,20180618,1529356221111000,ad_reward,,,,,Steps,2.0
B6BDDFB45BBA423B571BD8B41F43EE41,20180618,1529356719556104,ad_reward,,,,,Steps,2.0
B6BDDFB45BBA423B571BD8B41F43EE41,20180918,1537287799550000,ad_reward,,,,,Steps,2.0
B6BDDFB45BBA423B571BD8B41F43EE41,20180918,1537320736021069,ad_reward,,,,,Steps,2.0
B75810F39D371512B779AEBA7A24C528,20180914,1536931468637189,ad_reward,,,,,Steps,2.0
B75810F39D371512B779AEBA7A24C528,20180914,1536931565897000,ad_reward,,,,,Steps,2.0
B75810F39D371512B779AEBA7A24C528,20180914,1536931594020042,ad_reward,,,,,Steps,2.0
B75810F39D371512B779AEBA7A24C528,20180914,1536931926998053,ad_reward,,,,,Steps,2.0
B75810F39D371512B779AEBA7A24C528,20180914,1536932007050051,ad_reward,,,,,Steps,2.0
B75810F39D371512B779AEBA7A24C528,20180914,1536932108308100,ad_reward,,,,,Steps,2.0
B75810F39D371512B779AEBA7A24C528,20180914,1536932196586149,ad_reward,,,,,Steps,2.0
B75810F39D371512B779AEBA7A24C528,20180914,1536932198159197,ad_reward,,,,,Steps,2.0
B76F1841464BFF8CF3155EF7C1FD91E4,20180815,1534362848486000,ad_reward,,,,,Steps,5.0
B7D2B63ABE215157570ABD2E2E6EC9BE,20180802,1533273227962000,ad_reward,,,,,Steps,5.0
B8C8015FECAD94364B76E74CA9C1A946,20180907,1536339737392017,ad_reward,,,,,Steps,2.0
B8C8015FECAD94364B76E74CA9C1A946,20180907,1536339766912015,ad_reward,,,,,Steps,2.0
B90C16F1D537783AD6E70B195C803021,20180619,1529463273483078,ad_reward,,,,,Steps,2.0
BA3E7A5857FD7BE68F02E4D2F5744BE8,20180803,1533350275895108,ad_reward,,,,,Steps,5.0
BA3E7A5857FD7BE68F02E4D2F5744BE8,20180812,1534133737009080,ad_reward,,,,,Steps,5.0
BA3E7A5857FD7BE68F02E4D2F5744BE8,20180824,1535137609100001,ad_reward,,,,,Steps,5.0
BA3E7A5857FD7BE68F02E4D2F5744BE8,20180827,1535398898709001,ad_reward,,,,,Steps,5.0
BA3E7A5857FD7BE68F02E4D2F5744BE8,20180914,1536948344717001,ad_reward,,,,,Steps,5.0
BA3E7A5857FD7BE68F02E4D2F5744BE8,20180914,1536985620238001,ad_reward,,,,,Steps,5.0
BA3E7A5857FD7BE68F02E4D2F5744BE8,20181003,1538599630491001,ad_reward,,,,,Steps,5.0
BA68AFBA94C53DA2DE67AA683078AD2A,20180802,1533195565894020,ad_reward,,,,,Steps,5.0
BA76817876248E69463610A0BBB14CE9,20180907,1536329159680060,ad_reward,,,,,Steps,2.0
BA76817876248E69463610A0BBB14CE9,20180907,1536329350309023,ad_reward,,,,,Steps,2.0
BA76817876248E69463610A0BBB14CE9,20180907,1536329403943037,ad_reward,,,,,Steps,2.0
BA76817876248E69463610A0BBB14CE9,20180907,1536329492243000,ad_reward,,,,,Steps,2.0
BB077076D658A9593C4D36FF54402A2F,20180807,1533685545666000,ad_reward,,,,,Steps,5.0
BB4B254D4020E22E9CE5885C8AB28F87,20180726,1532603373021008,ad_reward,,,,,Steps,5.0
BBC2EEB75E601743F13AF88E06F80659,20180818,1534612907124000,ad_reward,,,,,Steps,2.0
BBC2EEB75E601743F13AF88E06F80659,20180818,1534612947290000,ad_reward,,,,,Steps,2.0
BBDCBE2491658165B7F20540DE652E3A,20180627,1530149899949000,ad_reward,,,,,Steps,5.0
BBDCBE2491658165B7F20540DE652E3A,20180630,1530382243836098,ad_reward,,,,,Steps,5.0
BBDCBE2491658165B7F20540DE652E3A,20180630,1530382406456159,ad_reward,,,,,Steps,5.0
BBDCBE2491658165B7F20540DE652E3A,20180630,1530383023210341,ad_reward,,,,,Steps,5.0
BBDCBE2491658165B7F20540DE652E3A,20180630,1530384076522527,ad_reward,,,,,Steps,5.0
BBDCBE2491658165B7F20540DE652E3A,20180630,1530385203613004,ad_reward,,,,,Steps,5.0
BBDCBE2491658165B7F20540DE652E3A,20180701,1530480950802000,ad_reward,,,,,Steps,5.0
BBDCBE2491658165B7F20540DE652E3A,20180701,1530481486223001,ad_reward,,,,,Steps,5.0
BBDCBE2491658165B7F20540DE652E3A,20180701,1530482447157000,ad_reward,,,,,Steps,5.0
BBDCBE2491658165B7F20540DE652E3A,20180701,1530483059895001,ad_reward,,,,,Steps,5.0
BBDCBE2491658165B7F20540DE652E3A,20180704,1530709884322035,ad_reward,,,,,Steps,5.0
BBDCBE2491658165B7F20540DE652E3A,20180704,1530713210642001,ad_reward,,,,,Steps,5.0
BBDCBE2491658165B7F20540DE652E3A,20180704,1530728979080026,ad_reward,,,,,Steps,5.0
BBDCBE2491658165B7F20540DE652E3A,20180705,1530836204340000,ad_reward,,,,,Steps,5.0
BBDCBE2491658165B7F20540DE652E3A,20180705,1530836775788000,ad_reward,,,,,Steps,5.0
BBDCBE2491658165B7F20540DE652E3A,20180705,1530836908332000,ad_reward,,,,,Steps,5.0
BBDCBE2491658165B7F20540DE652E3A,20180706,1530926326156087,ad_reward,,,,,Steps,5.0
BBDCBE2491658165B7F20540DE652E3A,20180706,1530926433629126,ad_reward,,,,,Steps,5.0
BBDCBE2491658165B7F20540DE652E3A,20180707,1531025957827113,ad_reward,,,,,Steps,5.0
BBDCBE2491658165B7F20540DE652E3A,20180707,1531026409711079,ad_reward,,,,,Steps,5.0
BBDCBE2491658165B7F20540DE652E3A,20180709,1531185530217033,ad_reward,,,,,Steps,5.0
BBDCBE2491658165B7F20540DE652E3A,20180709,1531186527433164,ad_reward,,,,,Steps,5.0
BBDCBE2491658165B7F20540DE652E3A,20180709,1531186963932127,ad_reward,,,,,Steps,5.0
BBDCBE2491658165B7F20540DE652E3A,20180709,1531187334520232,ad_reward,,,,,Steps,5.0
BBDCBE2491658165B7F20540DE652E3A,20180709,1531188098241023,ad_reward,,,,,Steps,5.0
BBDCBE2491658165B7F20540DE652E3A,20180712,1531379099731000,ad_reward,,,,,Steps,5.0
BBDCBE2491658165B7F20540DE652E3A,20180712,1531379310170000,ad_reward,,,,,Steps,5.0
BBDCBE2491658165B7F20540DE652E3A,20180712,1531381016173167,ad_reward,,,,,Steps,5.0
BBDCBE2491658165B7F20540DE652E3A,20180712,1531437970569000,ad_reward,,,,,Steps,5.0
BBDCBE2491658165B7F20540DE652E3A,20180713,1531517218610000,ad_reward,,,,,Steps,5.0
BBDCBE2491658165B7F20540DE652E3A,20180713,1531517346034000,ad_reward,,,,,Steps,5.0
BBDCBE2491658165B7F20540DE652E3A,20180713,1531517833563000,ad_reward,,,,,Steps,5.0
BBDCBE2491658165B7F20540DE652E3A,20180714,1531564627655000,ad_reward,,,,,Steps,5.0
BBDCBE2491658165B7F20540DE652E3A,20180714,1531564629874000,ad_reward,,,,,Steps,5.0
BBDCBE2491658165B7F20540DE652E3A,20180714,1531565283671000,ad_reward,,,,,Steps,5.0
BBDCBE2491658165B7F20540DE652E3A,20180714,1531565738721000,ad_reward,,,,,Steps,5.0
BBDCBE2491658165B7F20540DE652E3A,20180714,1531566090699000,ad_reward,,,,,Steps,5.0
BBDCBE2491658165B7F20540DE652E3A,20180714,1531566307086003,ad_reward,,,,,Steps,5.0
BBDCBE2491658165B7F20540DE652E3A,20180714,1531567655244000,ad_reward,,,,,Steps,5.0
BBDCBE2491658165B7F20540DE652E3A,20180714,1531587246346000,ad_reward,,,,,Steps,5.0
BBDCBE2491658165B7F20540DE652E3A,20180714,1531587420151042,ad_reward,,,,,Steps,5.0
BBDCBE2491658165B7F20540DE652E3A,20180714,1531587775078000,ad_reward,,,,,Steps,5.0
BBDCBE2491658165B7F20540DE652E3A,20180714,1531592670769125,ad_reward,,,,,Steps,5.0
BBDCBE2491658165B7F20540DE652E3A,20180714,1531593055627000,ad_reward,,,,,Steps,5.0
BBDCBE2491658165B7F20540DE652E3A,20180714,1531593360093000,ad_reward,,,,,Steps,5.0
BBDCBE2491658165B7F20540DE652E3A,20180714,1531593679644000,ad_reward,,,,,Steps,5.0
BBDCBE2491658165B7F20540DE652E3A,20180714,1531604311054039,ad_reward,,,,,Steps,5.0
BBDCBE2491658165B7F20540DE652E3A,20180714,1531608326489065,ad_reward,,,,,Steps,5.0
BBDCBE2491658165B7F20540DE652E3A,20180714,1531608783263145,ad_reward,,,,,Steps,5.0
BBDCBE2491658165B7F20540DE652E3A,20180714,1531609666380000,ad_reward,,,,,Steps,5.0
BBDCBE2491658165B7F20540DE652E3A,20180714,1531610421085000,ad_reward,,,,,Steps,5.0
BBDCBE2491658165B7F20540DE652E3A,20180714,1531610739733000,ad_reward,,,,,Steps,5.0
BBDCBE2491658165B7F20540DE652E3A,20180714,1531610977767000,ad_reward,,,,,Steps,5.0
BBDCBE2491658165B7F20540DE652E3A,20180714,1531612269146000,ad_reward,,,,,Steps,5.0
BBDCBE2491658165B7F20540DE652E3A,20180714,1531631377866050,ad_reward,,,,,Steps,5.0
BBDCBE2491658165B7F20540DE652E3A,20180714,1531631412687085,ad_reward,,,,,Steps,5.0
BBDCBE2491658165B7F20540DE652E3A,20180714,1531631988794000,ad_reward,,,,,Steps,5.0
BBDCBE2491658165B7F20540DE652E3A,20180714,1531632146096066,ad_reward,,,,,Steps,5.0
BBDCBE2491658165B7F20540DE652E3A,20180714,1531632591645000,ad_reward,,,,,Steps,5.0
BBDCBE2491658165B7F20540DE652E3A,20180714,1531632656447067,ad_reward,,,,,Steps,5.0
BBDCBE2491658165B7F20540DE652E3A,20180714,1531633524849000,ad_reward,,,,,Steps,5.0
BBDCBE2491658165B7F20540DE652E3A,20180714,1531634320432001,ad_reward,,,,,Steps,5.0
BBDCBE2491658165B7F20540DE652E3A,20180714,1531634347754000,ad_reward,,,,,Steps,5.0
BBDCBE2491658165B7F20540DE652E3A,20180715,1531639918345261,ad_reward,,,,,Steps,5.0
BBDCBE2491658165B7F20540DE652E3A,20180715,1531640178547346,ad_reward,,,,,Steps,5.0
BBDCBE2491658165B7F20540DE652E3A,20180715,1531640861254099,ad_reward,,,,,Steps,5.0
BBDCBE2491658165B7F20540DE652E3A,20180715,1531641066059181,ad_reward,,,,,Steps,5.0
BBDCBE2491658165B7F20540DE652E3A,20180715,1531663212078000,ad_reward,,,,,Steps,5.0
BBDCBE2491658165B7F20540DE652E3A,20180715,1531665465394250,ad_reward,,,,,Steps,5.0
BBDCBE2491658165B7F20540DE652E3A,20180716,1531782258416032,ad_reward,,,,,Steps,5.0
BBDCBE2491658165B7F20540DE652E3A,20180716,1531786153136023,ad_reward,,,,,Steps,5.0
BBDCBE2491658165B7F20540DE652E3A,20180716,1531786858128268,ad_reward,,,,,Steps,5.0
BBDCBE2491658165B7F20540DE652E3A,20180716,1531795819717026,ad_reward,,,,,Steps,5.0
BBDCBE2491658165B7F20540DE652E3A,20180716,1531796187769090,ad_reward,,,,,Steps,5.0
BBDCBE2491658165B7F20540DE652E3A,20180716,1531796365239178,ad_reward,,,,,Steps,5.0
BBDCBE2491658165B7F20540DE652E3A,20180718,1531960631425000,ad_reward,,,,,Steps,5.0
BBDCBE2491658165B7F20540DE652E3A,20180718,1531961083466000,ad_reward,,,,,Steps,5.0
BBDCBE2491658165B7F20540DE652E3A,20180718,1531961542981000,ad_reward,,,,,Steps,5.0
BBDCBE2491658165B7F20540DE652E3A,20180718,1531962086845000,ad_reward,,,,,Steps,5.0
BBDCBE2491658165B7F20540DE652E3A,20180718,1531962137070001,ad_reward,,,,,Steps,5.0
BBDCBE2491658165B7F20540DE652E3A,20180718,1531962425161000,ad_reward,,,,,Steps,5.0
BBDCBE2491658165B7F20540DE652E3A,20180718,1531968686495064,ad_reward,,,,,Steps,5.0
BBDCBE2491658165B7F20540DE652E3A,20180718,1531969017266000,ad_reward,,,,,Steps,5.0
BBDCBE2491658165B7F20540DE652E3A,20180720,1532129227414008,ad_reward,,,,,Steps,5.0
BBDCBE2491658165B7F20540DE652E3A,20180720,1532137340481016,ad_reward,,,,,Steps,5.0
BBDCBE2491658165B7F20540DE652E3A,20180721,1532182558476040,ad_reward,,,,,Steps,5.0
BBDCBE2491658165B7F20540DE652E3A,20180722,1532281774296075,ad_reward,,,,,Steps,5.0
BBDCBE2491658165B7F20540DE652E3A,20180722,1532282047802000,ad_reward,,,,,Steps,5.0
BBDCBE2491658165B7F20540DE652E3A,20180725,1532571243189000,ad_reward,,,,,Steps,5.0
BBDCBE2491658165B7F20540DE652E3A,20180725,1532572179961252,ad_reward,,,,,Steps,5.0
BBDCBE2491658165B7F20540DE652E3A,20180725,1532572445786091,ad_reward,,,,,Steps,5.0
BBDCBE2491658165B7F20540DE652E3A,20180725,1532573084687000,ad_reward,,,,,Steps,5.0
BBDCBE2491658165B7F20540DE652E3A,20180725,1532573341160120,ad_reward,,,,,Steps,5.0
BBDCBE2491658165B7F20540DE652E3A,20180725,1532573564957219,ad_reward,,,,,Steps,5.0
BBDCBE2491658165B7F20540DE652E3A,20180725,1532574039868004,ad_reward,,,,,Steps,5.0
BBDCBE2491658165B7F20540DE652E3A,20180805,1533459906359000,ad_reward,,,,,Steps,5.0
BBDCBE2491658165B7F20540DE652E3A,20180805,1533460248722124,ad_reward,,,,,Steps,5.0
BBDCBE2491658165B7F20540DE652E3A,20180805,1533460766217114,ad_reward,,,,,Steps,5.0
BBDCBE2491658165B7F20540DE652E3A,20180805,1533461073041000,ad_reward,,,,,Steps,5.0
BBDCBE2491658165B7F20540DE652E3A,20180805,1533461895330265,ad_reward,,,,,Steps,5.0
BBDCBE2491658165B7F20540DE652E3A,20180807,1533686668542036,ad_reward,,,,,Steps,5.0
BBDCBE2491658165B7F20540DE652E3A,20180811,1533979831181000,ad_reward,,,,,Steps,5.0
BBDCBE2491658165B7F20540DE652E3A,20180811,1533980964787000,ad_reward,,,,,Steps,5.0
BBDCBE2491658165B7F20540DE652E3A,20180812,1534107286610001,ad_reward,,,,,Steps,5.0
BBDCBE2491658165B7F20540DE652E3A,20180812,1534119653066000,ad_reward,,,,,Steps,5.0
BBDCBE2491658165B7F20540DE652E3A,20180812,1534120023456000,ad_reward,,,,,Steps,5.0
BBDCBE2491658165B7F20540DE652E3A,20180818,1534621957183000,ad_reward,,,,,Steps,5.0
BBDCBE2491658165B7F20540DE652E3A,20180818,1534626321461000,ad_reward,,,,,Steps,5.0
BBDCBE2491658165B7F20540DE652E3A,20180818,1534626662784003,ad_reward,,,,,Steps,5.0
BBDCBE2491658165B7F20540DE652E3A,20180818,1534627105192000,ad_reward,,,,,Steps,5.0
BBDCBE2491658165B7F20540DE652E3A,20180821,1534896360925003,ad_reward,,,,,Steps,5.0
BBDCBE2491658165B7F20540DE652E3A,20180826,1535346729537001,ad_reward,,,,,Steps,5.0
BBDCBE2491658165B7F20540DE652E3A,20180826,1535346939612056,ad_reward,,,,,Steps,5.0
BBDCBE2491658165B7F20540DE652E3A,20180826,1535347810543187,ad_reward,,,,,Steps,5.0
BBDCBE2491658165B7F20540DE652E3A,20180826,1535347965553253,ad_reward,,,,,Steps,5.0
BBDCBE2491658165B7F20540DE652E3A,20180826,1535348459943040,ad_reward,,,,,Steps,5.0
BBDCBE2491658165B7F20540DE652E3A,20180826,1535348763927207,ad_reward,,,,,Steps,5.0
BC2BD118E4B359841050D0CEBAA6FCB5,20180619,1529458135853020,ad_reward,,,,,Steps,2.0
BC2BD118E4B359841050D0CEBAA6FCB5,20180619,1529458254389059,ad_reward,,,,,Steps,2.0
BC72E6EC71D0116A4F9B1C4ADE02DA20,20180701,1530486121338001,ad_reward,,,,,Steps,5.0
BCEC642620FB741AA4EE43E0FC6C7A05,20180714,1531622470169008,ad_reward,,,,,Steps,5.0
BD74B8017BBAE328A55C1B7D1164A5E2,20180722,1532319927182001,ad_reward,,,,,Steps,5.0
BE2B55BEAA4A435D8CB9FE792C9CB605,20180923,1537770102242000,in_app_purchase,remove_ads,0.99,USD,,,990000.0
BF331BCFBB87C3C877206B11ACE7C8DE,20180924,1537850404457000,ad_reward,,,,,Steps,5.0
C021984971708350A5394E695922BF35,20180920,1537483412522000,in_app_purchase,remove_ads,0.99,USD,1,,990000.0
C1648883A80997B611743D528CBFF926,20180712,1531456844682000,ad_reward,,,,,Steps,5.0
C1648883A80997B611743D528CBFF926,20180816,1534487590438051,ad_reward,,,,,Steps,5.0
C1648883A80997B611743D528CBFF926,20180817,1534564770860000,ad_reward,,,,,Steps,5.0
C1648883A80997B611743D528CBFF926,20180827,1535433272724000,ad_reward,,,,,Steps,5.0
C1648883A80997B611743D528CBFF926,20180914,1536939058836000,ad_reward,,,,,Steps,5.0
C1648883A80997B611743D528CBFF926,20180914,1536939170571000,ad_reward,,,,,Steps,5.0
C1B462C03F22166FF570D5CB7BCE2AAB,20180624,1529824728988001,ad_reward,,,,,Steps,5.0
C20630B2B28362756090FA8E81663519,20180803,1533332168209000,ad_reward,,,,,Steps,2.0
C20630B2B28362756090FA8E81663519,20180819,1534703566640000,ad_reward,,,,,Steps,2.0
C20630B2B28362756090FA8E81663519,20180920,1537429183972000,ad_reward,,,,,Steps,2.0
C20630B2B28362756090FA8E81663519,20180920,1537430609185000,ad_reward,,,,,Steps,2.0
C20630B2B28362756090FA8E81663519,20180920,1537430769339055,ad_reward,,,,,Steps,2.0
C20630B2B28362756090FA8E81663519,20180920,1537430788983000,ad_reward,,,,,Steps,2.0
C20630B2B28362756090FA8E81663519,20180920,1537431017011097,ad_reward,,,,,Steps,2.0
C20630B2B28362756090FA8E81663519,20180920,1537431157863033,ad_reward,,,,,Steps,2.0
C2CDD49D04056C8A2F99CCAF7A7FAF3F,20180824,1535174275191015,ad_reward,,,,,Steps,2.0
C2CDD49D04056C8A2F99CCAF7A7FAF3F,20180824,1535174434795030,ad_reward,,,,,Steps,2.0
C2CDD49D04056C8A2F99CCAF7A7FAF3F,20180824,1535174528640092,ad_reward,,,,,Steps,2.0
C2CDD49D04056C8A2F99CCAF7A7FAF3F,20180824,1535174612545164,ad_reward,,,,,Steps,2.0
C3DDDD01BC219197FCB862218F7DC494,20180901,1535835665237000,ad_reward,,,,,Steps,2.0
C3DDDD01BC219197FCB862218F7DC494,20180901,1535835699743000,ad_reward,,,,,Steps,2.0
C3DDDD01BC219197FCB862218F7DC494,20180916,1537121563441016,ad_reward,,,,,Steps,2.0
C4D5047D953E47CF2ECFF6E827420A99,20181002,1538493768383000,in_app_purchase,remove_ads,0.99,USD,,,990000.0
C753C435C40D421DB0CC1C7AC6D3356D,20180712,1531402565102160,ad_reward,,,,,Steps,5.0
C840E864055F5AF62AA5F7CD31454446,20180807,1533631831010000,ad_reward,,,,,Steps,5.0
C840E864055F5AF62AA5F7CD31454446,20180908,1536395627792000,ad_reward,,,,,Steps,5.0
C840E864055F5AF62AA5F7CD31454446,20180908,1536395678213000,ad_reward,,,,,Steps,5.0
C8B06F76EE9091107007C19B08C7834E,20180707,1531013957345055,ad_reward,,,,,Steps,2.0
C8B06F76EE9091107007C19B08C7834E,20180707,1531014293124152,ad_reward,,,,,Steps,2.0
CA04708DA02378999ECB402481FF1AE4,20180712,1531432492656008,ad_reward,,,,,Steps,5.0
CA04708DA02378999ECB402481FF1AE4,20180712,1531440779111076,ad_reward,,,,,Steps,5.0
CA04708DA02378999ECB402481FF1AE4,20180713,1531491057169020,ad_reward,,,,,Steps,5.0
CA04708DA02378999ECB402481FF1AE4,20180713,1531516681854008,ad_reward,,,,,Steps,5.0
CA04708DA02378999ECB402481FF1AE4,20180713,1531532886589032,ad_reward,,,,,Steps,5.0
CA04708DA02378999ECB402481FF1AE4,20180714,1531600744138000,ad_reward,,,,,Steps,5.0
CA04708DA02378999ECB402481FF1AE4,20180714,1531616581281002,ad_reward,,,,,Steps,5.0
CA04708DA02378999ECB402481FF1AE4,20180715,1531686581979035,ad_reward,,,,,Steps,5.0
CA04708DA02378999ECB402481FF1AE4,20180715,1531688250842032,ad_reward,,,,,Steps,5.0
CA04708DA02378999ECB402481FF1AE4,20180718,1531934633779053,ad_reward,,,,,Steps,5.0
CA04708DA02378999ECB402481FF1AE4,20180718,1531943777638029,ad_reward,,,,,Steps,5.0
CA04708DA02378999ECB402481FF1AE4,20180718,1531950718548030,ad_reward,,,,,Steps,5.0
CA04708DA02378999ECB402481FF1AE4,20180718,1531961396270073,ad_reward,,,,,Steps,5.0
CA04708DA02378999ECB402481FF1AE4,20180719,1532010862349024,ad_reward,,,,,Steps,5.0
CA04708DA02378999ECB402481FF1AE4,20180719,1532011102413075,ad_reward,,,,,Steps,5.0
CA04708DA02378999ECB402481FF1AE4,20180719,1532042118366050,ad_reward,,,,,Steps,5.0
CA04708DA02378999ECB402481FF1AE4,20180719,1532056951531008,ad_reward,,,,,Steps,5.0
CA04708DA02378999ECB402481FF1AE4,20180720,1532090202416036,ad_reward,,,,,Steps,5.0
CA04708DA02378999ECB402481FF1AE4,20180720,1532142718553030,ad_reward,,,,,Steps,5.0
CA04708DA02378999ECB402481FF1AE4,20180720,1532143166682202,ad_reward,,,,,Steps,5.0
CA04708DA02378999ECB402481FF1AE4,20180721,1532221532203035,ad_reward,,,,,Steps,5.0
CA04708DA02378999ECB402481FF1AE4,20180722,1532273779442108,ad_reward,,,,,Steps,5.0
CA04708DA02378999ECB402481FF1AE4,20180722,1532282232087020,ad_reward,,,,,Steps,5.0
CA04708DA02378999ECB402481FF1AE4,20180723,1532380563358113,ad_reward,,,,,Steps,5.0
CA04708DA02378999ECB402481FF1AE4,20180723,1532388363417026,ad_reward,,,,,Steps,5.0
CA04708DA02378999ECB402481FF1AE4,20180725,1532570571811035,ad_reward,,,,,Steps,5.0
CA04708DA02378999ECB402481FF1AE4,20180726,1532639531975060,ad_reward,,,,,Steps,5.0
CA04708DA02378999ECB402481FF1AE4,20180726,1532639859278092,ad_reward,,,,,Steps,5.0
CA04708DA02378999ECB402481FF1AE4,20180726,1532646605500052,ad_reward,,,,,Steps,5.0
CA04708DA02378999ECB402481FF1AE4,20180726,1532647001303127,ad_reward,,,,,Steps,5.0
CA04708DA02378999ECB402481FF1AE4,20180727,1532700950627000,ad_reward,,,,,Steps,5.0
CA04708DA02378999ECB402481FF1AE4,20180731,1533064357769023,ad_reward,,,,,Steps,5.0
CA04708DA02378999ECB402481FF1AE4,20180801,1533148995804000,ad_reward,,,,,Steps,5.0
CA04708DA02378999ECB402481FF1AE4,20180803,1533316244201001,ad_reward,,,,,Steps,5.0
CA04708DA02378999ECB402481FF1AE4,20180803,1533331107572000,ad_reward,,,,,Steps,5.0
CA04708DA02378999ECB402481FF1AE4,20180803,1533331181557001,ad_reward,,,,,Steps,5.0
CA04708DA02378999ECB402481FF1AE4,20180803,1533342061804000,ad_reward,,,,,Steps,5.0
CA04708DA02378999ECB402481FF1AE4,20180804,1533419029228000,ad_reward,,,,,Steps,5.0
CA04708DA02378999ECB402481FF1AE4,20180805,1533505369593001,ad_reward,,,,,Steps,5.0
CA04708DA02378999ECB402481FF1AE4,20180807,1533652999025014,ad_reward,,,,,Steps,5.0
CA04708DA02378999ECB402481FF1AE4,20180808,1533737850211000,ad_reward,,,,,Steps,5.0
CA04708DA02378999ECB402481FF1AE4,20180808,1533756605747000,ad_reward,,,,,Steps,5.0
CA04708DA02378999ECB402481FF1AE4,20180809,1533824769480008,ad_reward,,,,,Steps,5.0
CA04708DA02378999ECB402481FF1AE4,20180809,1533841290997023,ad_reward,,,,,Steps,5.0
CA04708DA02378999ECB402481FF1AE4,20180809,1533849784540036,ad_reward,,,,,Steps,5.0
CA04708DA02378999ECB402481FF1AE4,20180809,1533871446567000,ad_reward,,,,,Steps,5.0
CA04708DA02378999ECB402481FF1AE4,20180811,1534032036333009,ad_reward,,,,,Steps,5.0
CA04708DA02378999ECB402481FF1AE4,20180812,1534110816043000,ad_reward,,,,,Steps,5.0
CA04708DA02378999ECB402481FF1AE4,20180813,1534206498546000,ad_reward,,,,,Steps,5.0
CA04708DA02378999ECB402481FF1AE4,20180813,1534206511390000,ad_reward,,,,,Steps,5.0
CA04708DA02378999ECB402481FF1AE4,20180814,1534266471098051,ad_reward,,,,,Steps,5.0
CA04708DA02378999ECB402481FF1AE4,20180814,1534299868019001,ad_reward,,,,,Steps,5.0
CA04708DA02378999ECB402481FF1AE4,20180815,1534372347071065,ad_reward,,,,,Steps,5.0
CA04708DA02378999ECB402481FF1AE4,20180815,1534385833613001,ad_reward,,,,,Steps,5.0
CA04708DA02378999ECB402481FF1AE4,20180817,1534535030303000,ad_reward,,,,,Steps,5.0
CA04708DA02378999ECB402481FF1AE4,20180819,1534717101823018,ad_reward,,,,,Steps,5.0
CA04708DA02378999ECB402481FF1AE4,20180820,1534792179114024,ad_reward,,,,,Steps,5.0
CA04708DA02378999ECB402481FF1AE4,20180820,1534811276171064,ad_reward,,,,,Steps,5.0
CA04708DA02378999ECB402481FF1AE4,20180820,1534820813811026,ad_reward,,,,,Steps,5.0
CA04708DA02378999ECB402481FF1AE4,20180821,1534896075437021,ad_reward,,,,,Steps,5.0
CA04708DA02378999ECB402481FF1AE4,20180822,1534962990585073,ad_reward,,,,,Steps,5.0
CA04708DA02378999ECB402481FF1AE4,20180823,1535048317878008,ad_reward,,,,,Steps,5.0
CA04708DA02378999ECB402481FF1AE4,20180823,1535051726708028,ad_reward,,,,,Steps,5.0
CA04708DA02378999ECB402481FF1AE4,20180823,1535071656882000,ad_reward,,,,,Steps,5.0
CA04708DA02378999ECB402481FF1AE4,20180824,1535144627775021,ad_reward,,,,,Steps,5.0
CA04708DA02378999ECB402481FF1AE4,20180825,1535254385162054,ad_reward,,,,,Steps,5.0
CA04708DA02378999ECB402481FF1AE4,20180827,1535376814081041,ad_reward,,,,,Steps,5.0
CA04708DA02378999ECB402481FF1AE4,20180827,1535423512657000,ad_reward,,,,,Steps,5.0
CA04708DA02378999ECB402481FF1AE4,20180828,1535492447096001,ad_reward,,,,,Steps,5.0
CA04708DA02378999ECB402481FF1AE4,20180829,1535578258301026,ad_reward,,,,,Steps,5.0
CA04708DA02378999ECB402481FF1AE4,20180830,1535663575705061,ad_reward,,,,,Steps,5.0
CA04708DA02378999ECB402481FF1AE4,20180901,1535825992619001,ad_reward,,,,,Steps,5.0
CA04708DA02378999ECB402481FF1AE4,20180903,1536015412695039,ad_reward,,,,,Steps,5.0
CA04708DA02378999ECB402481FF1AE4,20180909,1536546320306000,ad_reward,,,,,Steps,5.0
CA04708DA02378999ECB402481FF1AE4,20180912,1536804726297001,ad_reward,,,,,Steps,5.0
CA04708DA02378999ECB402481FF1AE4,20180914,1536948039182028,ad_reward,,,,,Steps,5.0
CA04708DA02378999ECB402481FF1AE4,20180926,1537989532712033,ad_reward,,,,,Steps,5.0
CA04708DA02378999ECB402481FF1AE4,20180928,1538157041509035,ad_reward,,,,,Steps,5.0
CA04708DA02378999ECB402481FF1AE4,20180929,1538250412933001,ad_reward,,,,,Steps,5.0
CA04708DA02378999ECB402481FF1AE4,20181001,1538406588398000,ad_reward,,,,,Steps,5.0
CA04708DA02378999ECB402481FF1AE4,20181003,1538599675591000,ad_reward,,,,,Steps,5.0
CAE6C20FF0801BB13EF417120900B5DD,20180730,1533001341712034,ad_reward,,,,,Steps,2.0
CD327D0141209436D7C03D644B969700,20180715,1531641875151038,ad_reward,,,,,Steps,2.0
CD327D0141209436D7C03D644B969700,20180715,1531648196103173,ad_reward,,,,,Steps,2.0
CD327D0141209436D7C03D644B969700,20180715,1531723812725007,ad_reward,,,,,Steps,2.0
CD4078C6EC791735D5402B2A3793D2FF,20180708,1531090707944035,ad_reward,,,,,Steps,5.0
CD5A6BBEC21D4DDC4C51AE7922115498,20180628,1530238576237071,ad_reward,,,,,Steps,2.0
CE264AB9D445FF50DA23D24496D50865,20180816,1534430629568019,ad_reward,,,,,Steps,5.0
CE56946091344ADC2D0AB88D49B83ED1,20180817,1534567129045000,ad_reward,,,,,Steps,5.0
CE56946091344ADC2D0AB88D49B83ED1,20180818,1534581517719003,ad_reward,,,,,Steps,5.0
CE56946091344ADC2D0AB88D49B83ED1,20180818,1534581700273000,ad_reward,,,,,Steps,5.0
CE56946091344ADC2D0AB88D49B83ED1,20180818,1534582411758000,ad_reward,,,,,Steps,5.0
CE56946091344ADC2D0AB88D49B83ED1,20180818,1534582551350000,ad_reward,,,,,Steps,5.0
CE56946091344ADC2D0AB88D49B83ED1,20180818,1534583945383000,ad_reward,,,,,Steps,5.0
CE56946091344ADC2D0AB88D49B83ED1,20180818,1534584007847000,ad_reward,,,,,Steps,5.0
CE56946091344ADC2D0AB88D49B83ED1,20180818,1534584117527000,ad_reward,,,,,Steps,5.0
CE56946091344ADC2D0AB88D49B83ED1,20180818,1534584230373000,ad_reward,,,,,Steps,5.0
CEA79F13743A84BC8ABA238AB7D2851A,20180729,1532887607312172,ad_reward,,,,,,1.0
CEFD144271FD7F31E1D2D02609AD23EA,20180701,1530492481424013,ad_reward,,,,,Steps,2.0
CEFD144271FD7F31E1D2D02609AD23EA,20180701,1530492617652066,ad_reward,,,,,Steps,2.0
CEFD144271FD7F31E1D2D02609AD23EA,20180701,1530492833801133,ad_reward,,,,,Steps,2.0
CEFD144271FD7F31E1D2D02609AD23EA,20180701,1530493214516216,ad_reward,,,,,Steps,2.0
CEFD144271FD7F31E1D2D02609AD23EA,20180701,1530493233652000,ad_reward,,,,,Steps,2.0
CEFD144271FD7F31E1D2D02609AD23EA,20180701,1530493249713244,ad_reward,,,,,Steps,2.0
CEFD144271FD7F31E1D2D02609AD23EA,20180701,1530493278174029,ad_reward,,,,,Steps,2.0
CEFD144271FD7F31E1D2D02609AD23EA,20180701,1530493435700082,ad_reward,,,,,Steps,2.0
CEFD144271FD7F31E1D2D02609AD23EA,20180701,1530493791323193,ad_reward,,,,,Steps,2.0
CF1C1A3E159D7CD5C76D2F740AA42A5D,20180628,1530220292613048,ad_reward,,,,,Steps,5.0
D3C99E5B1BE571F067B6F98538A6EDBB,20180922,1537626661347015,ad_reward,,,,,Steps,2.0
D3C99E5B1BE571F067B6F98538A6EDBB,20180922,1537627067883047,ad_reward,,,,,Steps,2.0
D3C99E5B1BE571F067B6F98538A6EDBB,20180922,1537627187341032,ad_reward,,,,,Steps,2.0
D4A11F0C6E87988E9DA1475EAF38137A,20180722,1532300002338000,in_app_purchase,extra_steps_pack_1,6.3,DKK,,,6300000.0
D4A11F0C6E87988E9DA1475EAF38137A,20180722,1532300444296183,ad_reward,,,,,Steps,5.0
D4A11F0C6E87988E9DA1475EAF38137A,20180722,1532302138923123,ad_reward,,,,,Steps,5.0
D4A11F0C6E87988E9DA1475EAF38137A,20180731,1533073858536000,ad_reward,,,,,Steps,5.0
D4A11F0C6E87988E9DA1475EAF38137A,20180814,1534266541936000,ad_reward,,,,,Steps,5.0
D4A11F0C6E87988E9DA1475EAF38137A,20180814,1534267276312000,ad_reward,,,,,Steps,5.0
D4A11F0C6E87988E9DA1475EAF38137A,20180814,1534267857960000,ad_reward,,,,,Steps,5.0
D4A11F0C6E87988E9DA1475EAF38137A,20180814,1534267927306000,ad_reward,,,,,Steps,5.0
D4A11F0C6E87988E9DA1475EAF38137A,20180814,1534268507637000,ad_reward,,,,,Steps,5.0
D5A6C5F4F8B3D73D0FADFCEE09B520DC,20180627,1530145660883001,ad_reward,,,,,Steps,5.0
D5A6C5F4F8B3D73D0FADFCEE09B520DC,20180627,1530145742156000,ad_reward,,,,,Steps,5.0
D64DDC2439F7219840E0EEA2AC42CAB4,20180703,1530652259699008,ad_reward,,,,,Steps,5.0
D670692771330695C95D0D8AF5E14F29,20180618,1529362088144000,ad_reward,,,,,Steps,2.0
D72DE09483AD7D6A0473CB0815C35951,20180718,1531947649160008,ad_reward,,,,,Steps,5.0
D79E2BD5C4F03A851FCD2B1486FF41CB,20180726,1532629664394073,ad_reward,,,,,Steps,5.0
D8392D3864CF295CB236C25046752419,20180913,1536831995534110,ad_reward,,,,,Steps,5.0
D8392D3864CF295CB236C25046752419,20180913,1536832214937000,ad_reward,,,,,Steps,5.0
D8392D3864CF295CB236C25046752419,20180913,1536834184076000,ad_reward,,,,,Steps,5.0
D8392D3864CF295CB236C25046752419,20180913,1536834667978000,ad_reward,,,,,Steps,5.0
D8392D3864CF295CB236C25046752419,20180913,1536835090034000,ad_reward,,,,,Steps,5.0
D961BD6AADAC53884DA8732A964CDFFD,20180618,1529379838914114,ad_reward,,,,,Steps,2.0
D961BD6AADAC53884DA8732A964CDFFD,20180625,1529980813790013,ad_reward,,,,,Steps,2.0
D961BD6AADAC53884DA8732A964CDFFD,20180626,1530079297733013,ad_reward,,,,,Steps,2.0
D961BD6AADAC53884DA8732A964CDFFD,20180626,1530079835598179,ad_reward,,,,,Steps,2.0
D961BD6AADAC53884DA8732A964CDFFD,20180626,1530081641867199,ad_reward,,,,,Steps,2.0
D961BD6AADAC53884DA8732A964CDFFD,20180626,1530082105226356,ad_reward,,,,,Steps,2.0
D961BD6AADAC53884DA8732A964CDFFD,20180626,1530082664677524,ad_reward,,,,,Steps,2.0
D961BD6AADAC53884DA8732A964CDFFD,20180628,1530182551390112,ad_reward,,,,,Steps,2.0
D961BD6AADAC53884DA8732A964CDFFD,20180628,1530183391145170,ad_reward,,,,,Steps,2.0
D961BD6AADAC53884DA8732A964CDFFD,20180628,1530183956632083,ad_reward,,,,,Steps,2.0
D961BD6AADAC53884DA8732A964CDFFD,20180628,1530199058300061,ad_reward,,,,,Steps,2.0
D961BD6AADAC53884DA8732A964CDFFD,20180902,1535925902045054,ad_reward,,,,,Steps,2.0
D961BD6AADAC53884DA8732A964CDFFD,20180902,1535947398338026,ad_reward,,,,,Steps,2.0
D961BD6AADAC53884DA8732A964CDFFD,20180902,1535947450022080,ad_reward,,,,,Steps,2.0
D961BD6AADAC53884DA8732A964CDFFD,20180905,1536208553234006,ad_reward,,,,,Steps,2.0
DA426D16B0EAB27DE1AC9D6E3418F400,20180731,1533052287265032,ad_reward,,,,,Steps,5.0
DA426D16B0EAB27DE1AC9D6E3418F400,20180731,1533057271676082,ad_reward,,,,,Steps,5.0
DA85FE61D9270616987906C12436D78A,20180624,1529870016846000,ad_reward,,,,,Steps,5.0
DAE66E8BD509500FAB3F3DE148C7A6BB,20180628,1530216520212014,ad_reward,,,,,Steps,2.0
DAE66E8BD509500FAB3F3DE148C7A6BB,20180628,1530216587212014,ad_reward,,,,,Steps,2.0
DB33DC8421C63BAC211F5F42209CB4A7,20180914,1536971154496117,ad_reward,,,,,Steps,5.0
DC14701AE5C2808151BE7008898B13B8,20180825,1535246634945003,ad_reward,,,,,Steps,5.0
DC14701AE5C2808151BE7008898B13B8,20180831,1535780444647000,ad_reward,,,,,Steps,5.0
DC1DE46B9A7825E2F3F6E1274BF27C0C,20180628,1530219455495000,ad_reward,,,,,Steps,2.0
DC1DE46B9A7825E2F3F6E1274BF27C0C,20180628,1530220349412000,ad_reward,,,,,Steps,2.0
DC1DE46B9A7825E2F3F6E1274BF27C0C,20180628,1530220468133000,ad_reward,,,,,Steps,2.0
DC1DE46B9A7825E2F3F6E1274BF27C0C,20180628,1530220508504000,ad_reward,,,,,Steps,2.0
DC930EB0BCF5A8A2233B766CEB3EA42D,20180620,1529562416095000,ad_reward,,,,,Steps,5.0
DC930EB0BCF5A8A2233B766CEB3EA42D,20180620,1529562493137000,ad_reward,,,,,Steps,5.0
DE0A867B728A0DC772A0057C44C2EB58,20180705,1530843457907057,ad_reward,,,,,Steps,2.0
E0ED3E64A26577EF2123C579145D782E,20180827,1535360271363016,ad_reward,,,,,Steps,2.0
E0ED3E64A26577EF2123C579145D782E,20180827,1535360389604000,ad_reward,,,,,Steps,2.0
E0F83677838E995E791D39815401E5CC,20180619,1529451150206105,ad_reward,,,,,Steps,2.0
E17541B495A79903EBB7DA3EE6553D66,20180731,1533098652792065,ad_reward,,,,,Steps,2.0
E246F0CEB8B33650F74220D69E524E51,20180820,1534779601189000,ad_reward,,,,,Steps,5.0
E4196C5E0A92A22F69DE4E3AA288D6EE,20180621,1529628009675006,ad_reward,,,,,Steps,5.0
E4196C5E0A92A22F69DE4E3AA288D6EE,20180627,1530156055151019,ad_reward,,,,,Steps,5.0
E4196C5E0A92A22F69DE4E3AA288D6EE,20180630,1530414320224030,ad_reward,,,,,Steps,5.0
E4196C5E0A92A22F69DE4E3AA288D6EE,20180703,1530675531581021,ad_reward,,,,,Steps,5.0
E4196C5E0A92A22F69DE4E3AA288D6EE,20180707,1531018759874020,ad_reward,,,,,Steps,5.0
E4196C5E0A92A22F69DE4E3AA288D6EE,20180708,1531104286266038,ad_reward,,,,,Steps,5.0
E4196C5E0A92A22F69DE4E3AA288D6EE,20180713,1531538608451024,ad_reward,,,,,Steps,5.0
E4196C5E0A92A22F69DE4E3AA288D6EE,20180724,1532489740786009,ad_reward,,,,,Steps,5.0
E4196C5E0A92A22F69DE4E3AA288D6EE,20180727,1532746447247003,ad_reward,,,,,Steps,5.0
E4196C5E0A92A22F69DE4E3AA288D6EE,20180730,1533006613979055,ad_reward,,,,,Steps,5.0
E4196C5E0A92A22F69DE4E3AA288D6EE,20180804,1533439808857001,ad_reward,,,,,Steps,5.0
E4196C5E0A92A22F69DE4E3AA288D6EE,20180807,1533686083100007,ad_reward,,,,,Steps,5.0
E4196C5E0A92A22F69DE4E3AA288D6EE,20180809,1533871084829004,ad_reward,,,,,Steps,5.0
E4196C5E0A92A22F69DE4E3AA288D6EE,20180809,1533871411022000,ad_reward,,,,,Steps,5.0
E4196C5E0A92A22F69DE4E3AA288D6EE,20180813,1534211412344001,ad_reward,,,,,Steps,5.0
E4196C5E0A92A22F69DE4E3AA288D6EE,20180818,1534646922918008,ad_reward,,,,,Steps,5.0
E4196C5E0A92A22F69DE4E3AA288D6EE,20180821,1534906236671003,ad_reward,,,,,Steps,5.0
E4196C5E0A92A22F69DE4E3AA288D6EE,20180830,1535684358349000,ad_reward,,,,,Steps,5.0
E4196C5E0A92A22F69DE4E3AA288D6EE,20180919,1537423551828014,ad_reward,,,,,Steps,5.0
E4196C5E0A92A22F69DE4E3AA288D6EE,20180929,1538286238561001,ad_reward,,,,,Steps,5.0
E4196C5E0A92A22F69DE4E3AA288D6EE,20181001,1538451068361000,ad_reward,,,,,Steps,5.0
E4196C5E0A92A22F69DE4E3AA288D6EE,20181002,1538534539100000,ad_reward,,,,,Steps,5.0
E50E05F740BD10786A762D8CAA553FFD,20180618,1529357228982019,ad_reward,,,,,Steps,2.0
E50E05F740BD10786A762D8CAA553FFD,20180618,1529357304190025,ad_reward,,,,,Steps,2.0
E579C5F78ADF0367F3ED6A3B1FBB7F45,20180624,1529856689063012,ad_reward,,,,,Steps,5.0
E5D60C734EF5707FD6AE0E1EF2455641,20180910,1536627895408061,ad_reward,,,,,Steps,2.0
E5D60C734EF5707FD6AE0E1EF2455641,20180910,1536627907830024,ad_reward,,,,,Steps,2.0
E5D60C734EF5707FD6AE0E1EF2455641,20180910,1536628568859019,ad_reward,,,,,Steps,2.0
E5D60C734EF5707FD6AE0E1EF2455641,20180910,1536629079927140,ad_reward,,,,,Steps,2.0
E5D60C734EF5707FD6AE0E1EF2455641,20180910,1536629082558107,ad_reward,,,,,Steps,2.0
E5D60C734EF5707FD6AE0E1EF2455641,20180910,1536629591152045,ad_reward,,,,,Steps,2.0
E5D60C734EF5707FD6AE0E1EF2455641,20180910,1536636878387067,ad_reward,,,,,Steps,2.0
E5D60C734EF5707FD6AE0E1EF2455641,20180910,1536636878964033,ad_reward,,,,,Steps,2.0
E5D60C734EF5707FD6AE0E1EF2455641,20180910,1536637020833130,ad_reward,,,,,Steps,2.0
E5D60C734EF5707FD6AE0E1EF2455641,20180910,1536637241045192,ad_reward,,,,,Steps,2.0
E5D60C734EF5707FD6AE0E1EF2455641,20180910,1536637536667275,ad_reward,,,,,Steps,2.0
E5D60C734EF5707FD6AE0E1EF2455641,20180910,1536637570412312,ad_reward,,,,,Steps,2.0
E63711A66A34FED2396D9129A9B3E914,20180909,1536533739608001,ad_reward,,,,,Steps,5.0
E63711A66A34FED2396D9129A9B3E914,20180909,1536533801625001,ad_reward,,,,,Steps,5.0
E63711A66A34FED2396D9129A9B3E914,20180909,1536533864617001,ad_reward,,,,,Steps,5.0
E63711A66A34FED2396D9129A9B3E914,20180909,1536533956630022,ad_reward,,,,,Steps,5.0
E63711A66A34FED2396D9129A9B3E914,20180909,1536534085696001,ad_reward,,,,,Steps,5.0
E6B98DEEDF4FF3C687305EC906D7ECE0,20180618,1529389212495019,ad_reward,,,,,Steps,5.0
E7F45BD93A980C6443443893DCDC0048,20180905,1536198706830000,in_app_purchase,remove_ads,1.28,AUD,,,1280000.0
E925C125456283AEE62527E2CF823E6C,20180720,1532085431823000,ad_reward,,,,,Steps,5.0
E925C125456283AEE62527E2CF823E6C,20180720,1532085541904000,ad_reward,,,,,Steps,5.0
E925C125456283AEE62527E2CF823E6C,20180720,1532085628861000,ad_reward,,,,,Steps,5.0
E925C125456283AEE62527E2CF823E6C,20180720,1532085744962019,ad_reward,,,,,Steps,5.0
E925C125456283AEE62527E2CF823E6C,20180720,1532085822604000,ad_reward,,,,,Steps,5.0
E925C125456283AEE62527E2CF823E6C,20180720,1532086227568000,ad_reward,,,,,Steps,5.0
E9534DAE1CD58D5F77C6308914A68D4D,20180909,1536510172518000,ad_reward,,,,,Steps,2.0
E9534DAE1CD58D5F77C6308914A68D4D,20180909,1536510300063000,ad_reward,,,,,Steps,2.0
E99D4AD5E5663BABE4AC08C027C775EF,20180703,1530629549070014,ad_reward,,,,,Steps,2.0
E99D4AD5E5663BABE4AC08C027C775EF,20180703,1530629583857054,ad_reward,,,,,Steps,2.0
E99D4AD5E5663BABE4AC08C027C775EF,20180703,1530629781033130,ad_reward,,,,,Steps,2.0
E99D4AD5E5663BABE4AC08C027C775EF,20180703,1530629922237214,ad_reward,,,,,Steps,2.0
EB13681C01E1B7DF8FD0D4EE29A155F2,20180831,1535784074629000,ad_reward,,,,,Steps,5.0
EB4C7BD035DA2E187D66B98ED97CD09E,20180711,1531325743632024,ad_reward,,,,,Steps,5.0
EBF8680EA92176FE472687A7A809F345,20180619,1529451771578086,ad_reward,,,,,Steps,2.0
EBF8680EA92176FE472687A7A809F345,20180628,1530244600933035,ad_reward,,,,,Steps,2.0
EBF8680EA92176FE472687A7A809F345,20180628,1530244633263062,ad_reward,,,,,Steps,2.0
EBF8680EA92176FE472687A7A809F345,20180701,1530493009353093,ad_reward,,,,,Steps,2.0
EBF8680EA92176FE472687A7A809F345,20180701,1530493033827065,ad_reward,,,,,Steps,2.0
EBFE0623EF1109A89B392B9DF4375951,20180618,1529345514523062,ad_reward,,,,,Steps,5.0
EBFE0623EF1109A89B392B9DF4375951,20180619,1529439162892049,ad_reward,,,,,Steps,5.0
EBFE0623EF1109A89B392B9DF4375951,20180623,1529772070980000,ad_reward,,,,,Steps,5.0
EBFE0623EF1109A89B392B9DF4375951,20180625,1529978894430000,ad_reward,,,,,Steps,5.0
EBFE0623EF1109A89B392B9DF4375951,20180625,1529979435623192,ad_reward,,,,,Steps,5.0
EBFE0623EF1109A89B392B9DF4375951,20180626,1530060310880000,ad_reward,,,,,Steps,5.0
EBFE0623EF1109A89B392B9DF4375951,20180628,1530218567683000,ad_reward,,,,,Steps,5.0
EBFE0623EF1109A89B392B9DF4375951,20180628,1530218706320000,ad_reward,,,,,Steps,5.0
EBFE0623EF1109A89B392B9DF4375951,20180629,1530315551910052,ad_reward,,,,,Steps,5.0
EBFE0623EF1109A89B392B9DF4375951,20180629,1530315749569142,ad_reward,,,,,Steps,5.0
EBFE0623EF1109A89B392B9DF4375951,20180629,1530316393087268,ad_reward,,,,,Steps,5.0
EBFE0623EF1109A89B392B9DF4375951,20180629,1530317216852079,ad_reward,,,,,Steps,5.0
EBFE0623EF1109A89B392B9DF4375951,20180629,1530317344605153,ad_reward,,,,,Steps,5.0
EBFE0623EF1109A89B392B9DF4375951,20180629,1530318834393012,ad_reward,,,,,Steps,5.0
EBFE0623EF1109A89B392B9DF4375951,20180630,1530415326898057,ad_reward,,,,,Steps,5.0
EBFE0623EF1109A89B392B9DF4375951,20180630,1530416024614236,ad_reward,,,,,Steps,5.0
EBFE0623EF1109A89B392B9DF4375951,20180630,1530417666129001,ad_reward,,,,,Steps,5.0
EBFE0623EF1109A89B392B9DF4375951,20180630,1530418643677314,ad_reward,,,,,Steps,5.0
EBFE0623EF1109A89B392B9DF4375951,20180702,1530580003751021,ad_reward,,,,,Steps,5.0
EBFE0623EF1109A89B392B9DF4375951,20180702,1530584797609000,ad_reward,,,,,Steps,5.0
EBFE0623EF1109A89B392B9DF4375951,20180703,1530628226440060,ad_reward,,,,,Steps,5.0
EBFE0623EF1109A89B392B9DF4375951,20180703,1530649760543034,ad_reward,,,,,Steps,5.0
EBFE0623EF1109A89B392B9DF4375951,20180703,1530650143204162,ad_reward,,,,,Steps,5.0
EBFE0623EF1109A89B392B9DF4375951,20180705,1530840609747024,ad_reward,,,,,Steps,5.0
EBFE0623EF1109A89B392B9DF4375951,20180705,1530841800308299,ad_reward,,,,,Steps,5.0
EBFE0623EF1109A89B392B9DF4375951,20180706,1530923595196269,ad_reward,,,,,Steps,5.0
EBFE0623EF1109A89B392B9DF4375951,20180707,1530998604314041,ad_reward,,,,,Steps,5.0
EBFE0623EF1109A89B392B9DF4375951,20180707,1530998648568092,ad_reward,,,,,Steps,5.0
EBFE0623EF1109A89B392B9DF4375951,20180707,1530999067338201,ad_reward,,,,,Steps,5.0
EBFE0623EF1109A89B392B9DF4375951,20180708,1531093294893149,ad_reward,,,,,Steps,5.0
EBFE0623EF1109A89B392B9DF4375951,20180708,1531093586459271,ad_reward,,,,,Steps,5.0
EBFE0623EF1109A89B392B9DF4375951,20180709,1531181882038003,ad_reward,,,,,Steps,5.0
EBFE0623EF1109A89B392B9DF4375951,20180709,1531184491484020,ad_reward,,,,,Steps,5.0
EBFE0623EF1109A89B392B9DF4375951,20180709,1531185216426157,ad_reward,,,,,Steps,5.0
EBFE0623EF1109A89B392B9DF4375951,20180709,1531185518763000,ad_reward,,,,,Steps,5.0
EBFE0623EF1109A89B392B9DF4375951,20180712,1531436521971000,ad_reward,,,,,Steps,5.0
EBFE0623EF1109A89B392B9DF4375951,20180712,1531442693996255,ad_reward,,,,,Steps,5.0
EBFE0623EF1109A89B392B9DF4375951,20180713,1531532652738008,ad_reward,,,,,Steps,5.0
EBFE0623EF1109A89B392B9DF4375951,20180713,1531533887106043,ad_reward,,,,,Steps,5.0
EBFE0623EF1109A89B392B9DF4375951,20180713,1531534115900144,ad_reward,,,,,Steps,5.0
EBFE0623EF1109A89B392B9DF4375951,20180713,1531534153072215,ad_reward,,,,,Steps,5.0
EBFE0623EF1109A89B392B9DF4375951,20180714,1531618012930412,ad_reward,,,,,Steps,5.0
EBFE0623EF1109A89B392B9DF4375951,20180714,1531620344067053,ad_reward,,,,,Steps,5.0
EBFE0623EF1109A89B392B9DF4375951,20180715,1531698336520080,ad_reward,,,,,Steps,5.0
EBFE0623EF1109A89B392B9DF4375951,20180715,1531698375598120,ad_reward,,,,,Steps,5.0
EBFE0623EF1109A89B392B9DF4375951,20180717,1531865365176043,ad_reward,,,,,Steps,5.0
EBFE0623EF1109A89B392B9DF4375951,20180717,1531867672217187,ad_reward,,,,,Steps,5.0
EBFE0623EF1109A89B392B9DF4375951,20180718,1531960898915047,ad_reward,,,,,Steps,5.0
EBFE0623EF1109A89B392B9DF4375951,20180723,1532392339041039,ad_reward,,,,,Steps,5.0
EBFE0623EF1109A89B392B9DF4375951,20180723,1532392534934122,ad_reward,,,,,Steps,5.0
EBFE0623EF1109A89B392B9DF4375951,20180727,1532718000323035,ad_reward,,,,,Steps,5.0
EBFE0623EF1109A89B392B9DF4375951,20180727,1532743766979157,ad_reward,,,,,Steps,5.0
EBFE0623EF1109A89B392B9DF4375951,20180802,1533218496551000,ad_reward,,,,,Steps,5.0
EBFE0623EF1109A89B392B9DF4375951,20180803,1533346105808000,ad_reward,,,,,Steps,5.0
EBFE0623EF1109A89B392B9DF4375951,20180804,1533416318784000,ad_reward,,,,,Steps,5.0
EBFE0623EF1109A89B392B9DF4375951,20180804,1533416520211000,ad_reward,,,,,Steps,5.0
EBFE0623EF1109A89B392B9DF4375951,20180806,1533586010333000,ad_reward,,,,,Steps,5.0
EBFE0623EF1109A89B392B9DF4375951,20180806,1533586061703000,ad_reward,,,,,Steps,5.0
EBFE0623EF1109A89B392B9DF4375951,20180810,1533932812436000,ad_reward,,,,,Steps,5.0
EBFE0623EF1109A89B392B9DF4375951,20180811,1534040596495003,ad_reward,,,,,Steps,5.0
EBFE0623EF1109A89B392B9DF4375951,20180811,1534041328739000,ad_reward,,,,,Steps,5.0
EBFE0623EF1109A89B392B9DF4375951,20180812,1534109646423012,ad_reward,,,,,Steps,5.0
EBFE0623EF1109A89B392B9DF4375951,20180812,1534111355265000,ad_reward,,,,,Steps,5.0
EBFE0623EF1109A89B392B9DF4375951,20180812,1534114566751585,ad_reward,,,,,Steps,5.0
EBFE0623EF1109A89B392B9DF4375951,20180814,1534264179233000,ad_reward,,,,,Steps,5.0
EBFE0623EF1109A89B392B9DF4375951,20180814,1534264529879000,ad_reward,,,,,Steps,5.0
EBFE0623EF1109A89B392B9DF4375951,20180814,1534270543970000,ad_reward,,,,,Steps,5.0
EBFE0623EF1109A89B392B9DF4375951,20180814,1534272648410000,ad_reward,,,,,Steps,5.0
EBFE0623EF1109A89B392B9DF4375951,20180814,1534293564732010,ad_reward,,,,,Steps,5.0
EBFE0623EF1109A89B392B9DF4375951,20180814,1534293841676000,ad_reward,,,,,Steps,5.0
EBFE0623EF1109A89B392B9DF4375951,20180814,1534294163417124,ad_reward,,,,,Steps,5.0
EBFE0623EF1109A89B392B9DF4375951,20180814,1534294296913201,ad_reward,,,,,Steps,5.0
EBFE0623EF1109A89B392B9DF4375951,20180816,1534436081680000,ad_reward,,,,,Steps,5.0
EBFE0623EF1109A89B392B9DF4375951,20180818,1534634728301000,ad_reward,,,,,Steps,5.0
EBFE0623EF1109A89B392B9DF4375951,20180818,1534634893337049,ad_reward,,,,,Steps,5.0
EBFE0623EF1109A89B392B9DF4375951,20180818,1534637092869075,ad_reward,,,,,Steps,5.0
EBFE0623EF1109A89B392B9DF4375951,20180820,1534815149875000,ad_reward,,,,,Steps,5.0
EBFE0623EF1109A89B392B9DF4375951,20180820,1534815521051000,ad_reward,,,,,Steps,5.0
EBFE0623EF1109A89B392B9DF4375951,20180822,1534970550179001,ad_reward,,,,,Steps,5.0
EBFE0623EF1109A89B392B9DF4375951,20180822,1534971098777000,ad_reward,,,,,Steps,5.0
EBFE0623EF1109A89B392B9DF4375951,20180823,1535055809701000,ad_reward,,,,,Steps,5.0
EBFE0623EF1109A89B392B9DF4375951,20180825,1535243061486013,ad_reward,,,,,Steps,5.0
EBFE0623EF1109A89B392B9DF4375951,20180825,1535244573236447,ad_reward,,,,,Steps,5.0
EBFE0623EF1109A89B392B9DF4375951,20180827,1535411570654000,ad_reward,,,,,Steps,5.0
EBFE0623EF1109A89B392B9DF4375951,20180828,1535509696123000,ad_reward,,,,,Steps,5.0
EBFE0623EF1109A89B392B9DF4375951,20180828,1535510436222000,ad_reward,,,,,Steps,5.0
EBFE0623EF1109A89B392B9DF4375951,20180830,1535672701021000,ad_reward,,,,,Steps,5.0
EBFE0623EF1109A89B392B9DF4375951,20180831,1535764316379000,ad_reward,,,,,Steps,5.0
EBFE0623EF1109A89B392B9DF4375951,20180831,1535764683203158,ad_reward,,,,,Steps,5.0
EBFE0623EF1109A89B392B9DF4375951,20180901,1535848248766000,ad_reward,,,,,Steps,5.0
EBFE0623EF1109A89B392B9DF4375951,20180903,1536014264835000,ad_reward,,,,,Steps,5.0
EBFE0623EF1109A89B392B9DF4375951,20180903,1536015929426000,ad_reward,,,,,Steps,5.0
EBFE0623EF1109A89B392B9DF4375951,20180914,1536975772435048,ad_reward,,,,,Steps,5.0
EBFE0623EF1109A89B392B9DF4375951,20181001,1538447014023150,ad_reward,,,,,Steps,5.0
EBFE0623EF1109A89B392B9DF4375951,20181002,1538531830360006,ad_reward,,,,,Steps,5.0
EBFE0623EF1109A89B392B9DF4375951,20181002,1538532264878058,ad_reward,,,,,Steps,5.0
EBFE0623EF1109A89B392B9DF4375951,20181002,1538533924761176,ad_reward,,,,,Steps,5.0
EE0D3EB67948AB67EC0F09B318EB5962,20180621,1529628545017043,ad_reward,,,,,Steps,5.0
EE0D3EB67948AB67EC0F09B318EB5962,20180621,1529633464448092,ad_reward,,,,,Steps,5.0
EE0D3EB67948AB67EC0F09B318EB5962,20180622,1529719705857122,ad_reward,,,,,Steps,5.0
EE0D3EB67948AB67EC0F09B318EB5962,20180622,1529719833389170,ad_reward,,,,,Steps,5.0
EE0D3EB67948AB67EC0F09B318EB5962,20180622,1529719842032194,ad_reward,,,,,Steps,5.0
EE0D3EB67948AB67EC0F09B318EB5962,20180622,1529719985913008,ad_reward,,,,,Steps,5.0
EE0D3EB67948AB67EC0F09B318EB5962,20180622,1529719989957032,ad_reward,,,,,Steps,5.0
EF1CF9C1C84826BE2985E02194F65C38,20180715,1531691080705072,ad_reward,,,,,Steps,5.0
EF1CF9C1C84826BE2985E02194F65C38,20180715,1531700393306068,ad_reward,,,,,Steps,5.0
EF500E0CF578004836D1D38C8901862B,20180705,1530835499125000,ad_reward,,,,,Steps,2.0
EF500E0CF578004836D1D38C8901862B,20180817,1534514414361028,ad_reward,,,,,Steps,2.0
EF5251E1700D0283DDF3538BC27BB932,20180826,1535285695524015,ad_reward,,,,,Steps,2.0
EF6B9C724FA058F5352B5F107BFBD520,20181002,1538513737239000,ad_reward,,,,,Steps,2.0
EFD4B87C831C35A9C3A50D5D580842C2,20180913,1536902138889000,ad_reward,,,,,Steps,2.0
EFD4B87C831C35A9C3A50D5D580842C2,20180913,1536902219844034,ad_reward,,,,,Steps,2.0
EFD4B87C831C35A9C3A50D5D580842C2,20180913,1536902297443032,ad_reward,,,,,Steps,2.0
EFD4B87C831C35A9C3A50D5D580842C2,20180913,1536902317461023,ad_reward,,,,,Steps,2.0
F0D6388DD41B3D262F73EF05C790073A,20180823,1535043941742001,ad_reward,,,,,Steps,5.0
F0D6388DD41B3D262F73EF05C790073A,20180823,1535044056368001,ad_reward,,,,,Steps,5.0
F0D6388DD41B3D262F73EF05C790073A,20180823,1535044288086001,ad_reward,,,,,Steps,5.0
F0D6388DD41B3D262F73EF05C790073A,20180823,1535044385164001,ad_reward,,,,,Steps,5.0
F0D6388DD41B3D262F73EF05C790073A,20180823,1535045445146071,ad_reward,,,,,Steps,5.0
F0D6388DD41B3D262F73EF05C790073A,20180823,1535045538529094,ad_reward,,,,,Steps,5.0
F0D6388DD41B3D262F73EF05C790073A,20180823,1535045632731003,ad_reward,,,,,Steps,5.0
F0D6388DD41B3D262F73EF05C790073A,20180823,1535074256494013,ad_reward,,,,,Steps,5.0
F0D6388DD41B3D262F73EF05C790073A,20180823,1535074277170000,ad_reward,,,,,Steps,5.0
F0DDF083423215EAC2148F4E94ADFCA8,20180826,1535276201428000,in_app_purchase,remove_ads,0.99,USD,1,,990000.0
F187F3F6C0DFB1FA23483A67AA31A16D,20180806,1533609310162000,ad_reward,,,,,Steps,5.0
F187F3F6C0DFB1FA23483A67AA31A16D,20180808,1533742257205000,ad_reward,,,,,Steps,5.0
F187F3F6C0DFB1FA23483A67AA31A16D,20180817,1534564288035000,ad_reward,,,,,Steps,5.0
F24F41EC0396166669C20DFC3CFBC7D3,20180807,1533695693228000,ad_reward,,,,,Steps,5.0
F2D0450D7EAE6470C9C41096A9E34EDA,20180905,1536165362246030,ad_reward,,,,,Steps,2.0
F2D0450D7EAE6470C9C41096A9E34EDA,20180905,1536165387943000,ad_reward,,,,,Steps,2.0
F2D0450D7EAE6470C9C41096A9E34EDA,20180905,1536165389001000,ad_reward,,,,,Steps,2.0
F2D0450D7EAE6470C9C41096A9E34EDA,20180905,1536165443908021,ad_reward,,,,,Steps,2.0
F2D0450D7EAE6470C9C41096A9E34EDA,20180916,1537155136865000,ad_reward,,,,,Steps,2.0
F2D0450D7EAE6470C9C41096A9E34EDA,20180916,1537156395302000,ad_reward,,,,,Steps,2.0
F2D0450D7EAE6470C9C41096A9E34EDA,20180916,1537160844592000,ad_reward,,,,,Steps,2.0
F2D0450D7EAE6470C9C41096A9E34EDA,20180916,1537162214774016,ad_reward,,,,,Steps,2.0
F2D0450D7EAE6470C9C41096A9E34EDA,20180917,1537240350834001,ad_reward,,,,,Steps,2.0
F2EC9A6A2EA903D1D51A26509041BD23,20180626,1530029356889035,ad_reward,,,,,Steps,5.0
F34FF1C9F0C022B684BC885BA1DDC260,20180821,1534903136068000,ad_reward,,,,,Steps,5.0
F3CA6D208932C0BD365FE0D589038E1C,20180926,1537996848523000,ad_reward,,,,,Steps,5.0
F4810B35D08410542741137BD5FD3326,20180714,1531603908700081,ad_reward,,,,,Steps,5.0
F599994183A869707DBC45EDCC6013D8,20180916,1537126667053000,ad_reward,,,,,Steps,2.0
F599994183A869707DBC45EDCC6013D8,20180916,1537126696157034,ad_reward,,,,,Steps,2.0
F599994183A869707DBC45EDCC6013D8,20180916,1537126748718000,ad_reward,,,,,Steps,2.0
F599994183A869707DBC45EDCC6013D8,20180916,1537126794635030,ad_reward,,,,,Steps,2.0
F599994183A869707DBC45EDCC6013D8,20180916,1537126834219064,ad_reward,,,,,Steps,2.0
F599994183A869707DBC45EDCC6013D8,20180916,1537126852805025,ad_reward,,,,,Steps,2.0
F599994183A869707DBC45EDCC6013D8,20180916,1537126880066030,ad_reward,,,,,Steps,2.0
F599994183A869707DBC45EDCC6013D8,20180916,1537127004042000,ad_reward,,,,,Steps,2.0
F599994183A869707DBC45EDCC6013D8,20180916,1537127087868000,ad_reward,,,,,Steps,2.0
F599994183A869707DBC45EDCC6013D8,20180916,1537127174341032,ad_reward,,,,,Steps,2.0
F599994183A869707DBC45EDCC6013D8,20180916,1537127181564030,ad_reward,,,,,Steps,2.0
F599994183A869707DBC45EDCC6013D8,20180916,1537127196307066,ad_reward,,,,,Steps,2.0
F599994183A869707DBC45EDCC6013D8,20180916,1537127334810102,ad_reward,,,,,Steps,2.0
F599994183A869707DBC45EDCC6013D8,20180916,1537127351782000,ad_reward,,,,,Steps,2.0
F599994183A869707DBC45EDCC6013D8,20180916,1537127422110066,ad_reward,,,,,Steps,2.0
F599994183A869707DBC45EDCC6013D8,20180916,1537127448741032,ad_reward,,,,,Steps,2.0
F599994183A869707DBC45EDCC6013D8,20180916,1537127539276115,ad_reward,,,,,Steps,2.0
F599994183A869707DBC45EDCC6013D8,20180916,1537127546179149,ad_reward,,,,,Steps,2.0
F599994183A869707DBC45EDCC6013D8,20180916,1537127690550183,ad_reward,,,,,Steps,2.0
F599994183A869707DBC45EDCC6013D8,20180916,1537127691238251,ad_reward,,,,,Steps,2.0
F599994183A869707DBC45EDCC6013D8,20180916,1537127691533217,ad_reward,,,,,Steps,2.0
F599994183A869707DBC45EDCC6013D8,20180916,1537127972164324,ad_reward,,,,,Steps,2.0
F599994183A869707DBC45EDCC6013D8,20180916,1537128010464359,ad_reward,,,,,Steps,2.0
F599994183A869707DBC45EDCC6013D8,20180916,1537128126132051,ad_reward,,,,,Steps,2.0
F599994183A869707DBC45EDCC6013D8,20180916,1537128131632017,ad_reward,,,,,Steps,2.0
F599994183A869707DBC45EDCC6013D8,20180916,1537128165594085,ad_reward,,,,,Steps,2.0
F599994183A869707DBC45EDCC6013D8,20180916,1537128212231119,ad_reward,,,,,Steps,2.0
F599994183A869707DBC45EDCC6013D8,20180916,1537128414944179,ad_reward,,,,,Steps,2.0
F599994183A869707DBC45EDCC6013D8,20180916,1537128458586213,ad_reward,,,,,Steps,2.0
F652D8EE30C0457C07CBB2B794DF9C96,20180818,1534608137110058,ad_reward,,,,,Steps,2.0
F657D37C585D7D5C4820BB003F79C35F,20180628,1530232935076015,ad_reward,,,,,Steps,2.0
F657D37C585D7D5C4820BB003F79C35F,20180628,1530232953800044,ad_reward,,,,,Steps,2.0
F657D37C585D7D5C4820BB003F79C35F,20180628,1530233079550131,ad_reward,,,,,Steps,2.0
F657D37C585D7D5C4820BB003F79C35F,20180628,1530233085517073,ad_reward,,,,,Steps,2.0
F657D37C585D7D5C4820BB003F79C35F,20180628,1530233105664102,ad_reward,,,,,Steps,2.0
F74D98A3BB722F16D0E8D7434A4E0720,20180817,1534538408447000,ad_reward,,,,,Steps,5.0
F74D98A3BB722F16D0E8D7434A4E0720,20180817,1534538804458000,ad_reward,,,,,Steps,5.0
F74D98A3BB722F16D0E8D7434A4E0720,20180817,1534538855886000,ad_reward,,,,,Steps,5.0
F81A7FACD9640F8169D8DE2E27D217E6,20180808,1533766397118000,ad_reward,,,,,Steps,5.0
F81A7FACD9640F8169D8DE2E27D217E6,20180811,1534044568751000,ad_reward,,,,,Steps,5.0
F8C403A79CAEB2D307A6C897FC71C372,20180701,1530482258190023,ad_reward,,,,,Steps,5.0
F91F493916395FE4E16DE98B24388985,20180708,1531091546685001,ad_reward,,,,,Steps,5.0
F91F493916395FE4E16DE98B24388985,20180804,1533399472473001,ad_reward,,,,,Steps,5.0
F91F493916395FE4E16DE98B24388985,20180820,1534811867772000,ad_reward,,,,,Steps,5.0
FAAAB64EBB4491B6E98BD3E68DE9EEA9,20180822,1534997038175000,ad_reward,,,,,Steps,5.0
FAAAB64EBB4491B6E98BD3E68DE9EEA9,20180822,1534997074429000,ad_reward,,,,,Steps,5.0
FAAAB64EBB4491B6E98BD3E68DE9EEA9,20180822,1534997234319000,ad_reward,,,,,Steps,5.0
FAAAB64EBB4491B6E98BD3E68DE9EEA9,20180822,1534997431666000,ad_reward,,,,,Steps,5.0
FAAAB64EBB4491B6E98BD3E68DE9EEA9,20180823,1535024622599000,ad_reward,,,,,Steps,5.0
FAC17481C94D167FBBAF531DA0C6FAC9,20180725,1532515541686051,ad_reward,,,,,Steps,2.0
FBA8767310C829F9C28F06146B83A08D,20180906,1536234384338000,in_app_purchase,remove_ads,1.49,AUD,1,,1490000.0
FBD79E66D070E98FEBEA4F6FD0215673,20180714,1531593842312130,ad_reward,,,,,Steps,5.0
FCA08F9B0DCB6E33A74F672CE7F73BE3,20180704,1530710455440000,ad_reward,,,,,Steps,2.0
FCA08F9B0DCB6E33A74F672CE7F73BE3,20180704,1530710536396000,ad_reward,,,,,Steps,2.0
FCA08F9B0DCB6E33A74F672CE7F73BE3,20180707,1530968135451000,ad_reward,,,,,Steps,2.0
FD18022A69269C2E16F11DDF41A64610,20180618,1529377277521000,ad_reward,,,,,Steps,2.0
FE3331C93B8A54B8C9145532FFAD704A,20180828,1535464310827008,ad_reward,,,,,Steps,2.0
FE4191DFEEF30FDF6019A83F2BCC8F84,20180628,1530229295704008,ad_reward,,,,,Steps,5.0
FE4191DFEEF30FDF6019A83F2BCC8F84,20180628,1530229417222009,ad_reward,,,,,Steps,5.0
FE4191DFEEF30FDF6019A83F2BCC8F84,20180628,1530229493976029,ad_reward,,,,,Steps,5.0
FE4191DFEEF30FDF6019A83F2BCC8F84,20180628,1530229622436020,ad_reward,,,,,Steps,5.0
FE4191DFEEF30FDF6019A83F2BCC8F84,20180628,1530229938879028,ad_reward,,,,,Steps,5.0
FE4191DFEEF30FDF6019A83F2BCC8F84,20180628,1530230060712080,ad_reward,,,,,Steps,5.0
FE4191DFEEF30FDF6019A83F2BCC8F84,20180628,1530230127044108,ad_reward,,,,,Steps,5.0
FEEAEF16683900608922225433583714,20180910,1536595302625000,ad_reward,,,,,Steps,5.0
FF2667B2C3C60D19E7B7D63C99BB4CAA,20180802,1533214194012012,ad_reward,,,,,Steps,2.0
FF2667B2C3C60D19E7B7D63C99BB4CAA,20180820,1534765739882014,ad_reward,,,,,Steps,2.0
FF2667B2C3C60D19E7B7D63C99BB4CAA,20180917,1537190404842014,ad_reward,,,,,Steps,2.0
FFA9AE78B23263835F8AAED57713EBE9,20180703,1530635972262008,ad_reward,,,,,Steps,5.0
FFB030A91BE1315EE25A6BA619E1D903,20180731,1533033150433000,in_app_purchase,remove_ads,32.0,TWD,,,32000000.0
FFC07D8A1CDF1CFCEEA3937D37D012EE,20180919,1537384219376036,ad_reward,,,,,Steps,2.0
FFC07D8A1CDF1CFCEEA3937D37D012EE,20180919,1537384448923056,ad_reward,,,,,Steps,2.0
FFC07D8A1CDF1CFCEEA3937D37D012EE,20180919,1537384566354073,ad_reward,,,,,Steps,2.0
